Player,Rk,Date,Comp,Round,Venue,Squad,Opponent,Start,Minute,Score,Goalkeeper,Assist,Notes,Opp_clean,Squad_clean,Venue_match,Result,Minutes,Gls,Opponent_Elo,Elo_Source,Competition_Stage,Is_Away,Difficulty_Score,xg,xg_source,goal_id,Weighted_Goal
C. Ronaldo,891,2002-10-07,Primeira Liga,Matchweek 6,Home,Sporting CP,Moreirense,Y,34,1-0,João Ricardo,,,Moreirense,Sporting CP,Home,W 3–0,90,2,1339.28894043,club,Group,FALSE,0.6688550159901635,NA,missing,C._Ronaldo-001,0.6688550159901635
C. Ronaldo,890,2002-10-07,Primeira Liga,Matchweek 6,Home,Sporting CP,Moreirense,Y,90,2-0,João Ricardo,,,Moreirense,Sporting CP,Home,W 3–0,90,2,1339.28894043,club,Group,FALSE,0.6688550159901635,NA,missing,C._Ronaldo-002,0.6688550159901635
C. Ronaldo,889,2002-10-26,Primeira Liga,Matchweek 8,Away,Sporting CP,Boavista,N,88,1-1,Ricardo,,,Boavista,Sporting CP,Away,W 2–1,9,1,1629.3079834,club,Group,TRUE,-1.1536476136743883,NA,missing,C._Ronaldo-003,-1.1536476136743883
C. Ronaldo,888,2003-11-01,Premier League,Matchweek 11,Home,Manchester Utd,Portsmouth,N,80,1-0,Shaka Hislop,,,Portsmouth,Manchester Utd,Home,W 3–0,15,1,1579.54931641,club,Group,FALSE,0.7679990782792325,NA,missing,C._Ronaldo-004,0.7679990782792325
C. Ronaldo,887,2004-03-20,Premier League,Matchweek 29,Home,Manchester Utd,Tottenham,N,89,1-0,Kasey Keller,Roy Keane,,Tottenham,Manchester Utd,Home,W 3–0,17,1,1659.71337891,club,Group,FALSE,0.8010789849156323,NA,missing,C._Ronaldo-005,0.8010789849156323
C. Ronaldo,886,2004-04-10,Premier League,Matchweek 32,Away,Manchester Utd,Birmingham City,N,60,0-1,Maik Taylor,Ryan Giggs,,Birmingham City,Manchester Utd,Away,W 2–1,36,1,1736.966232299479,league_avg,Group,TRUE,-1.1092221602833114,NA,missing,C._Ronaldo-006,-1.1092221602833114
C. Ronaldo,885,2004-05-15,Premier League,Matchweek 38,Away,Manchester Utd,Aston Villa,Y,4,0-0,Thomas Sørensen,,,Aston Villa,Manchester Utd,Away,W 2–0,84,1,1716.70605469,club,Group,TRUE,-1.117582574699166,NA,missing,C._Ronaldo-007,-1.117582574699166
C. Ronaldo,884,2004-06-12,UEFA Euro,Group stage,Home,Portugal,Greece,N,90+3,0-2,Antonios Nikopolidis,,,Greece,Portugal,Home,L 1–2,45,1,1834,national,Group,FALSE,0.8729988075123334,NA,missing,C._Ronaldo-008,0.8729988075123334
C. Ronaldo,883,2004-06-30,UEFA Euro,Semi-finals,Home,Portugal,Netherlands,Y,26,0-0,Edwin van der Sar,,,Netherlands,Portugal,Home,W 2–1,66,1,1916,national,Knockout,FALSE,1.0780014103456657,NA,missing,C._Ronaldo-009,1.0780014103456657
C. Ronaldo,882,2004-09-04,WCQ,First round,Away,Portugal,Latvia,Y,57,0-0,Aleksandrs Koļinko,,,Latvia,Portugal,Away,W 2–0,81,1,1507,national,Other,TRUE,-1.0825505719777109,NA,missing,C._Ronaldo-010,-1.0825505719777109
C. Ronaldo,881,2004-09-08,WCQ,First round,Home,Portugal,Estonia,Y,75,0-0,Mart Poom,,,Estonia,Portugal,Home,W 4–0,90,1,1388,national,Other,FALSE,0.8105235057655125,NA,missing,C._Ronaldo-011,0.8105235057655125
C. Ronaldo,880,2004-10-13,WCQ,First round,Home,Portugal,Russia,Y,39,1-0,Vyacheslav Malafeev,,,Russia,Portugal,Home,W 7–1,84,2,1761,national,Other,FALSE,0.9644429154184005,NA,missing,C._Ronaldo-012,0.9644429154184005
C. Ronaldo,879,2004-10-13,WCQ,First round,Home,Portugal,Russia,Y,69,3-0,Vyacheslav Malafeev,,,Russia,Portugal,Home,W 7–1,84,2,1761,national,Other,FALSE,0.9644429154184005,NA,missing,C._Ronaldo-013,0.9644429154184005
C. Ronaldo,878,2004-11-17,WCQ,First round,Away,Portugal,Luxembourg,Y,28,1-0,Alija Bešić,,,Luxembourg,Portugal,Away,W 5–0,90,1,1012,national,Other,TRUE,-1.2868135955117044,NA,missing,C._Ronaldo-014,-1.2868135955117044
C. Ronaldo,877,2004-12-04,Premier League,Matchweek 16,Home,Manchester Utd,Southampton,Y,87,2-0,Kasey Keller,Gary Neville,,Southampton,Manchester Utd,Home,W 3–0,90,1,1650.04077148,club,Group,FALSE,0.7970875585739977,NA,missing,C._Ronaldo-015,0.7970875585739977
C. Ronaldo,876,2005-01-22,Premier League,Matchweek 24,Home,Manchester Utd,Aston Villa,Y,8,0-0,Thomas Sørensen,Louis Saha,,Aston Villa,Manchester Utd,Home,W 3–1,90,1,1707.2578125,club,Group,FALSE,0.820698317758672,NA,missing,C._Ronaldo-016,0.820698317758672
C. Ronaldo,875,2005-02-01,Premier League,Matchweek 25,Away,Manchester Utd,Arsenal,Y,54,1-2,Manuel Almunia,Ryan Giggs,,Arsenal,Manchester Utd,Away,W 4–2,69,2,1904.03930664,club,Group,TRUE,-1.0402790263117676,NA,missing,C._Ronaldo-017,-1.0402790263117676
C. Ronaldo,874,2005-02-01,Premier League,Matchweek 25,Away,Manchester Utd,Arsenal,Y,58,2-2,Manuel Almunia,Ryan Giggs,,Arsenal,Manchester Utd,Away,W 4–2,69,2,1904.03930664,club,Group,TRUE,-1.0402790263117676,NA,missing,C._Ronaldo-018,-1.0402790263117676
C. Ronaldo,873,2005-03-19,Premier League,Matchweek 30,Home,Manchester Utd,Fulham,Y,21,0-0,Edwin van der Sar,Roy Keane,,Fulham,Manchester Utd,Home,W 1–0,90,1,1668.35241699,club,Group,FALSE,0.8046439062058265,NA,missing,C._Ronaldo-019,0.8046439062058265
C. Ronaldo,872,2005-06-04,WCQ,First round,Home,Portugal,Slovakia,Y,42,1-0,Kamil Čontofalský,,,Slovakia,Portugal,Home,W 2–0,75,1,1679,national,Other,FALSE,0.9306054044491331,NA,missing,C._Ronaldo-020,0.9306054044491331
C. Ronaldo,871,2005-06-08,WCQ,First round,Away,Portugal,Estonia,Y,32,0-0,Artur Kotenko,,,Estonia,Portugal,Away,W 1–0,87,1,1381,national,Other,TRUE,-1.1345447961500001,NA,missing,C._Ronaldo-021,-1.1345447961500001
C. Ronaldo,870,2005-08-09,Champions Lg,Third qualifying round,Home,Manchester Utd,Debrecen,Y,63,2-0,Norbert Csernyánszki,,,Debrecen,Manchester Utd,Home,W 3–0,66,1,1540.68505859,club,Qualifying,FALSE,1.0008256278458576,NA,missing,C._Ronaldo-022,1.0008256278458576
C. Ronaldo,869,2005-10-29,Premier League,Matchweek 11,Away,Manchester Utd,Middlesbrough,N,90+4,0-4,Mark Schwarzer,Paul Scholes,,Middlesbrough,Manchester Utd,Away,L 1–4,31,1,1710.9017334,club,Group,TRUE,-1.1199777428128188,NA,missing,C._Ronaldo-023,-1.1199777428128188
C. Ronaldo,868,2005-12-31,Premier League,Matchweek 20,Home,Manchester Utd,Bolton,Y,68,2-1,Jussi Jääskeläinen,Wayne Rooney,,Bolton,Manchester Utd,Home,W 4–1,90,2,1764.23925781,club,Group,FALSE,0.8442118577674751,NA,missing,C._Ronaldo-024,0.8442118577674751
C. Ronaldo,867,2005-12-31,Premier League,Matchweek 20,Home,Manchester Utd,Bolton,Y,90,3-1,Jussi Jääskeläinen,Ruud van Nistelrooy,,Bolton,Manchester Utd,Home,W 4–1,90,2,1764.23925781,club,Group,FALSE,0.8442118577674751,NA,missing,C._Ronaldo-025,0.8442118577674751
C. Ronaldo,866,2006-02-04,Premier League,Matchweek 25,Home,Manchester Utd,Fulham,Y,14,1-0,Antti Niemi,,,Fulham,Manchester Utd,Home,W 4–2,90,2,1682.2355957,club,Group,FALSE,0.810372835619094,NA,missing,C._Ronaldo-026,0.810372835619094
C. Ronaldo,865,2006-02-04,Premier League,Matchweek 25,Home,Manchester Utd,Fulham,Y,86,3-2,Antti Niemi,,,Fulham,Manchester Utd,Home,W 4–2,90,2,1682.2355957,club,Group,FALSE,0.810372835619094,NA,missing,C._Ronaldo-027,0.810372835619094
C. Ronaldo,864,2006-02-11,Premier League,Matchweek 26,Away,Manchester Utd,Portsmouth,Y,38,1-0,Dean Kiely,,,Portsmouth,Manchester Utd,Away,W 3–1,90,2,1584.54260254,club,Group,TRUE,-1.172120163258458,NA,missing,C._Ronaldo-028,-1.172120163258458
C. Ronaldo,863,2006-02-11,Premier League,Matchweek 26,Away,Manchester Utd,Portsmouth,Y,45+1,2-0,Dean Kiely,Wayne Rooney,,Portsmouth,Manchester Utd,Away,W 3–1,90,2,1584.54260254,club,Group,TRUE,-1.172120163258458,NA,missing,C._Ronaldo-029,-1.172120163258458
C. Ronaldo,862,2006-03-06,Premier League,Matchweek 28,Away,Manchester Utd,Wigan Athletic,Y,74,0-1,John Filan,Ruud van Nistelrooy,,Wigan Athletic,Manchester Utd,Away,W 2–1,90,1,1736.966232299479,league_avg,Group,TRUE,-1.1092221602833114,NA,missing,C._Ronaldo-030,-1.1092221602833114
C. Ronaldo,861,2006-05-07,Premier League,Matchweek 38,Home,Manchester Utd,Charlton Athletic,Y,23,1-0,Stephan Andersen,Wes Brown,,Charlton Athletic,Manchester Utd,Home,W 4–0,90,1,1736.966232299479,league_avg,Group,FALSE,0.8329575736226291,NA,missing,C._Ronaldo-031,0.8329575736226291
C. Ronaldo,860,2006-06-17,World Cup,Group stage,Neutral,Portugal,IR Iran,Y,80,1-0,Ebrahim Mirzapour,,Penalty kick,IR Iran,Portugal,Neutral,W 2–0,90,1,1767,national,Group,FALSE,1.0214910424915784,NA,missing,C._Ronaldo-032,1.0214910424915784
C. Ronaldo,859,2006-08-20,Premier League,Matchweek 1,Home,Manchester Utd,Fulham,Y,19,3-0,Antti Niemi,Wayne Rooney,,Fulham,Manchester Utd,Home,W 5–1,90,1,1680.96789551,club,Group,FALSE,0.8098497158741567,NA,missing,C._Ronaldo-033,0.8098497158741567
C. Ronaldo,858,2006-09-23,Premier League,Matchweek 6,Away,Manchester Utd,Reading,Y,73,0-1,Marcus Hahnemann,John O'Shea,,Reading,Manchester Utd,Away,D 1–1,90,1,1683.48266602,club,Group,TRUE,-1.1312922915108412,NA,missing,C._Ronaldo-034,-1.1312922915108412
C. Ronaldo,857,2006-10-07,UEFA Euro qual.,Group stage,Home,Portugal,Azerbaijan,Y,24,0-0,Farhad Valiyev,,,Azerbaijan,Portugal,Home,W 3–0,72,2,1355,national,Group,FALSE,0.6753382251430745,NA,missing,C._Ronaldo-035,0.6753382251430745
C. Ronaldo,856,2006-10-07,UEFA Euro qual.,Group stage,Home,Portugal,Azerbaijan,Y,63,2-0,Farhad Valiyev,,,Azerbaijan,Portugal,Home,W 3–0,72,2,1355,national,Group,FALSE,0.6753382251430745,NA,missing,C._Ronaldo-036,0.6753382251430745
C. Ronaldo,855,2006-10-28,Premier League,Matchweek 10,Away,Manchester Utd,Bolton,Y,82,2-0,Jussi Jääskeläinen,Louis Saha,,Bolton,Manchester Utd,Away,W 4–0,90,1,1786.63549805,club,Group,TRUE,-1.0887260099824736,NA,missing,C._Ronaldo-037,-1.0887260099824736
C. Ronaldo,854,2006-11-04,Premier League,Matchweek 11,Home,Manchester Utd,Portsmouth,Y,10,1-0,David James,,,Portsmouth,Manchester Utd,Home,W 3–0,74,1,1711.859375,club,Group,FALSE,0.8225971643631783,NA,missing,C._Ronaldo-038,0.8225971643631783
C. Ronaldo,853,2006-11-15,UEFA Euro qual.,Group stage,Home,Portugal,Kazakhstan,Y,30,1-0,David Loria,,,Kazakhstan,Portugal,Home,W 3–0,55,1,1344,national,Group,FALSE,0.6707990468423192,NA,missing,C._Ronaldo-039,0.6707990468423192
C. Ronaldo,852,2006-11-29,Premier League,Matchweek 15,Home,Manchester Utd,Everton,Y,39,0-0,Richard Wright,,,Everton,Manchester Utd,Home,W 3–0,67,1,1730.68713379,club,Group,FALSE,0.8303664874678534,NA,missing,C._Ronaldo-040,0.8303664874678534
C. Ronaldo,851,2006-12-09,Premier League,Matchweek 17,Home,Manchester Utd,Manchester City,Y,84,2-1,Andreas Isaksson,,,Manchester City,Manchester Utd,Home,W 3–1,90,1,1736.966232299479,league_avg,Group,FALSE,0.8329575736226291,NA,missing,C._Ronaldo-041,0.8329575736226291
C. Ronaldo,850,2006-12-23,Premier League,Matchweek 19,Away,Manchester Utd,Aston Villa,Y,58,0-0,Gábor Király,,,Aston Villa,Manchester Utd,Away,W 3–0,90,2,1710.81835938,club,Group,TRUE,-1.1200121473166762,NA,missing,C._Ronaldo-042,-1.1200121473166762
C. Ronaldo,849,2006-12-23,Premier League,Matchweek 19,Away,Manchester Utd,Aston Villa,Y,85,2-0,Gábor Király,Gary Neville,,Aston Villa,Manchester Utd,Away,W 3–0,90,2,1710.81835938,club,Group,TRUE,-1.1200121473166762,NA,missing,C._Ronaldo-043,-1.1200121473166762
C. Ronaldo,848,2006-12-26,Premier League,Matchweek 20,Home,Manchester Utd,Wigan Athletic,N,47,0-0,Chris Kirkland,Paul Scholes,,Wigan Athletic,Manchester Utd,Home,W 3–1,45,2,1736.966232299479,league_avg,Group,FALSE,0.8329575736226291,NA,missing,C._Ronaldo-044,0.8329575736226291
C. Ronaldo,847,2006-12-26,Premier League,Matchweek 20,Home,Manchester Utd,Wigan Athletic,N,51,1-0,Chris Kirkland,,,Wigan Athletic,Manchester Utd,Home,W 3–1,45,2,1736.966232299479,league_avg,Group,FALSE,0.8329575736226291,NA,missing,C._Ronaldo-045,0.8329575736226291
C. Ronaldo,846,2006-12-30,Premier League,Matchweek 21,Home,Manchester Utd,Reading,Y,59,1-1,Marcus Hahnemann,,,Reading,Manchester Utd,Home,W 3–2,77,2,1701.35253906,club,Group,FALSE,0.8182614914805922,NA,missing,C._Ronaldo-046,0.8182614914805922
C. Ronaldo,845,2006-12-30,Premier League,Matchweek 21,Home,Manchester Utd,Reading,Y,77,2-1,Marcus Hahnemann,Ryan Giggs,,Reading,Manchester Utd,Home,W 3–2,77,2,1701.35253906,club,Group,FALSE,0.8182614914805922,NA,missing,C._Ronaldo-047,0.8182614914805922
C. Ronaldo,844,2007-01-13,Premier League,Matchweek 23,Home,Manchester Utd,Aston Villa,Y,35,2-0,Thomas Sørensen,Michael Carrick,,Aston Villa,Manchester Utd,Home,W 3–1,90,1,1695.66320801,club,Group,FALSE,0.815913774385322,NA,missing,C._Ronaldo-048,0.815913774385322
C. Ronaldo,843,2007-01-31,Premier League,Matchweek 25,Home,Manchester Utd,Watford,Y,20,0-0,Richard Lee,,Penalty kick,Watford,Manchester Utd,Home,W 4–0,90,1,1601.2088623,club,Group,FALSE,0.7769369456163328,NA,missing,C._Ronaldo-049,0.7769369456163328
C. Ronaldo,842,2007-02-04,Premier League,Matchweek 26,Away,Manchester Utd,Tottenham,Y,45,0-0,Paul Robinson,,Penalty kick,Tottenham,Manchester Utd,Away,W 4–0,67,1,1781.82873535,club,Group,TRUE,-1.090709532977448,NA,missing,C._Ronaldo-050,-1.090709532977448
C. Ronaldo,841,2007-02-24,Premier League,Matchweek 28,Away,Manchester Utd,Fulham,Y,88,1-1,Jan Laštůvka,Mikaël Silvestre,,Fulham,Manchester Utd,Away,W 2–1,90,1,1691.4041748,club,Group,TRUE,-1.1280234605323485,NA,missing,C._Ronaldo-051,-1.1280234605323485
C. Ronaldo,840,2007-03-24,UEFA Euro qual.,Group stage,Home,Portugal,Belgium,Y,55,1-0,Stijn Stijnen,,,Belgium,Portugal,Home,W 4–0,77,2,1653,national,Group,FALSE,0.798308691836267,NA,missing,C._Ronaldo-052,0.798308691836267
C. Ronaldo,839,2007-03-24,UEFA Euro qual.,Group stage,Home,Portugal,Belgium,Y,75,3-0,Stijn Stijnen,,,Belgium,Portugal,Home,W 4–0,77,2,1653,national,Group,FALSE,0.798308691836267,NA,missing,C._Ronaldo-053,0.798308691836267
C. Ronaldo,838,2007-04-10,Champions Lg,Quarter-finals,Home,Manchester Utd,Roma,Y,44,3-0,Doni,,,Roma,Manchester Utd,Home,W 7–1,90,2,1828.96276855,club,Knockout,FALSE,1.042085272858787,NA,missing,C._Ronaldo-054,1.042085272858787
C. Ronaldo,837,2007-04-10,Champions Lg,Quarter-finals,Home,Manchester Utd,Roma,Y,49,4-0,Doni,,,Roma,Manchester Utd,Home,W 7–1,90,2,1828.96276855,club,Knockout,FALSE,1.042085272858787,NA,missing,C._Ronaldo-055,1.042085272858787
C. Ronaldo,836,2007-04-24,Champions Lg,Semi-finals,Home,Manchester Utd,Milan,Y,5,0-0,Dida,,,Milan,Manchester Utd,Home,W 3–2,90,1,1885.37878418,club,Knockout,FALSE,1.0653654868554023,NA,missing,C._Ronaldo-056,1.0653654868554023
C. Ronaldo,835,2007-05-05,Premier League,Matchweek 37,Away,Manchester Utd,Manchester City,Y,34,0-0,Andreas Isaksson,,Penalty kick,Manchester City,Manchester Utd,Away,W 1–0,90,1,1736.966232299479,league_avg,Group,TRUE,-1.1092221602833114,NA,missing,C._Ronaldo-057,-1.1092221602833114
C. Ronaldo,834,2007-08-22,UEFA Euro qual.,Group stage,Away,Portugal,Armenia,Y,37,0-1,Roman Berezovsky,,,Armenia,Portugal,Away,D 1–1,90,1,1458,national,Group,TRUE,-1.2243382937648841,NA,missing,C._Ronaldo-058,-1.2243382937648841
C. Ronaldo,833,2007-09-08,UEFA Euro qual.,Group stage,Home,Portugal,Poland,Y,73,1-1,Artur Boruc,,,Poland,Portugal,Home,D 2–2,90,1,1779,national,Group,FALSE,0.8503029160085566,NA,missing,C._Ronaldo-059,0.8503029160085566
C. Ronaldo,832,2007-09-19,Champions Lg,Group stage,Away,Manchester Utd,Sporting CP,Y,62,0-0,Vladimir Stojković,,,Sporting CP,Manchester Utd,Away,W 1–0,86,1,1761.7454834,club,Group,TRUE,-1.0989969385647247,NA,missing,C._Ronaldo-060,-1.0989969385647247
C. Ronaldo,831,2007-09-29,Premier League,Matchweek 8,Away,Manchester Utd,Birmingham City,Y,51,0-0,Maik Taylor,Rio Ferdinand,,Birmingham City,Manchester Utd,Away,W 1–0,90,1,1736.966232299479,league_avg,Group,TRUE,-1.1092221602833114,NA,missing,C._Ronaldo-061,-1.1092221602833114
C. Ronaldo,830,2007-10-06,Premier League,Matchweek 9,Home,Manchester Utd,Wigan Athletic,Y,59,1-0,Chris Kirkland,,,Wigan Athletic,Manchester Utd,Home,W 4–0,90,2,1736.966232299479,league_avg,Group,FALSE,0.8329575736226291,NA,missing,C._Ronaldo-062,0.8329575736226291
C. Ronaldo,829,2007-10-06,Premier League,Matchweek 9,Home,Manchester Utd,Wigan Athletic,Y,76,2-0,Chris Kirkland,,,Wigan Athletic,Manchester Utd,Home,W 4–0,90,2,1736.966232299479,league_avg,Group,FALSE,0.8329575736226291,NA,missing,C._Ronaldo-063,0.8329575736226291
C. Ronaldo,828,2007-10-17,UEFA Euro qual.,Group stage,Away,Portugal,Kazakhstan,Y*,90+1,1-0,David Loria,,,Kazakhstan,Portugal,Away,W 2–1,90,1,1351,national,Group,TRUE,-1.26849211905405,NA,missing,C._Ronaldo-064,-1.26849211905405
C. Ronaldo,827,2007-10-23,Champions Lg,Group stage,Away,Manchester Utd,Dynamo Kyiv,Y,41,2-1,Oleksandr Shovkovskiy,,,Dynamo Kyiv,Manchester Utd,Away,W 4–2,90,2,1668.0447998,club,Group,TRUE,-1.1376627667250039,NA,missing,C._Ronaldo-065,-1.1376627667250039
C. Ronaldo,826,2007-10-23,Champions Lg,Group stage,Away,Manchester Utd,Dynamo Kyiv,Y,68,3-1,Oleksandr Shovkovskiy,,Penalty kick,Dynamo Kyiv,Manchester Utd,Away,W 4–2,90,2,1668.0447998,club,Group,TRUE,-1.1376627667250039,NA,missing,C._Ronaldo-066,-1.1376627667250039
C. Ronaldo,825,2007-11-03,Premier League,Matchweek 12,Away,Manchester Utd,Arsenal,Y,82,1-1,Manuel Almunia,Patrice Evra,,Arsenal,Manchester Utd,Away,D 2–2,90,1,1917.89477539,club,Group,TRUE,-1.0345615314847856,NA,missing,C._Ronaldo-067,-1.0345615314847856
C. Ronaldo,824,2007-11-07,Champions Lg,Group stage,Home,Manchester Utd,Dynamo Kyiv,Y,88,3-0,Oleksandr Shovkovskiy,,,Dynamo Kyiv,Manchester Utd,Home,W 4–0,90,1,1639.82983398,club,Group,FALSE,0.7928739889439641,NA,missing,C._Ronaldo-068,0.7928739889439641
C. Ronaldo,823,2007-11-11,Premier League,Matchweek 13,Home,Manchester Utd,Blackburn,Y,34,0-0,Brad Friedel,Ryan Giggs,,Blackburn,Manchester Utd,Home,W 2–0,90,2,1770.91125488,club,Group,FALSE,0.8469650745240976,NA,missing,C._Ronaldo-069,0.8469650745240976
C. Ronaldo,822,2007-11-11,Premier League,Matchweek 13,Home,Manchester Utd,Blackburn,Y,35,1-0,Brad Friedel,Carlos Tevez,,Blackburn,Manchester Utd,Home,W 2–0,90,2,1770.91125488,club,Group,FALSE,0.8469650745240976,NA,missing,C._Ronaldo-070,0.8469650745240976
C. Ronaldo,821,2007-11-27,Champions Lg,Group stage,Home,Manchester Utd,Sporting CP,Y,90+2,1-1,Rui Patrício,,,Sporting CP,Manchester Utd,Home,W 2–1,90,1,1728.36010742,club,Group,FALSE,0.8294062340493087,NA,missing,C._Ronaldo-071,0.8294062340493087
C. Ronaldo,820,2007-12-03,Premier League,Matchweek 15,Home,Manchester Utd,Fulham,Y,10,0-0,Antti Niemi,Nemanja Vidić,,Fulham,Manchester Utd,Home,W 2–0,90,2,1654.81079102,club,Group,FALSE,0.7990559194094655,NA,missing,C._Ronaldo-072,0.7990559194094655
C. Ronaldo,819,2007-12-03,Premier League,Matchweek 15,Home,Manchester Utd,Fulham,Y,58,1-0,Antti Niemi,John O'Shea,,Fulham,Manchester Utd,Home,W 2–0,90,2,1654.81079102,club,Group,FALSE,0.7990559194094655,NA,missing,C._Ronaldo-073,0.7990559194094655
C. Ronaldo,818,2007-12-08,Premier League,Matchweek 16,Home,Manchester Utd,Derby County,Y,90,3-1,Stephen Bywater,,Penalty kick,Derby County,Manchester Utd,Home,W 4–1,90,1,1736.966232299479,league_avg,Group,FALSE,0.8329575736226291,NA,missing,C._Ronaldo-074,0.8329575736226291
C. Ronaldo,817,2007-12-23,Premier League,Matchweek 18,Home,Manchester Utd,Everton,Y,22,0-0,Tim Howard,Carlos Tevez,,Everton,Manchester Utd,Home,W 2–1,90,2,1833.33312988,club,Group,FALSE,0.8727236218415945,NA,missing,C._Ronaldo-075,0.8727236218415945
C. Ronaldo,816,2007-12-23,Premier League,Matchweek 18,Home,Manchester Utd,Everton,Y,88,1-1,Tim Howard,,Penalty kick,Everton,Manchester Utd,Home,W 2–1,90,2,1833.33312988,club,Group,FALSE,0.8727236218415945,NA,missing,C._Ronaldo-076,0.8727236218415945
C. Ronaldo,815,2007-12-26,Premier League,Matchweek 19,Away,Manchester Utd,Sunderland,Y,45,2-0,Craig Gordon,,,Sunderland,Manchester Utd,Away,W 4–0,56,1,1619.12878418,club,Group,TRUE,-1.157848086421524,NA,missing,C._Ronaldo-077,-1.157848086421524
C. Ronaldo,814,2007-12-29,Premier League,Matchweek 20,Away,Manchester Utd,West Ham,Y,14,0-0,Robert Green,Ryan Giggs,,West Ham,Manchester Utd,Away,L 1–2,90,1,1709.07580566,club,Group,TRUE,-1.120731216592469,NA,missing,C._Ronaldo-078,-1.120731216592469
C. Ronaldo,813,2008-01-12,Premier League,Matchweek 22,Home,Manchester Utd,Newcastle,Y,49,0-0,Shay Given,,,Newcastle,Manchester Utd,Home,W 6–0,90,3,1690.55419922,club,Group,FALSE,0.8138055287636916,NA,missing,C._Ronaldo-079,0.8138055287636916
C. Ronaldo,812,2008-01-12,Premier League,Matchweek 22,Home,Manchester Utd,Newcastle,Y,70,2-0,Shay Given,Carlos Tevez,,Newcastle,Manchester Utd,Home,W 6–0,90,3,1690.55419922,club,Group,FALSE,0.8138055287636916,NA,missing,C._Ronaldo-080,0.8138055287636916
C. Ronaldo,811,2008-01-12,Premier League,Matchweek 22,Home,Manchester Utd,Newcastle,Y,88,4-0,Shay Given,,,Newcastle,Manchester Utd,Home,W 6–0,90,3,1690.55419922,club,Group,FALSE,0.8138055287636916,NA,missing,C._Ronaldo-081,0.8138055287636916
C. Ronaldo,810,2008-01-19,Premier League,Matchweek 23,Away,Manchester Utd,Reading,Y,90+3,1-0,Marcus Hahnemann,Darren Fletcher,,Reading,Manchester Utd,Away,W 2–0,90,1,1680.01367188,club,Group,TRUE,-1.1327237808677266,NA,missing,C._Ronaldo-082,-1.1327237808677266
C. Ronaldo,809,2008-01-30,Premier League,Matchweek 24,Home,Manchester Utd,Portsmouth,Y,10,0-0,David James,Nani,,Portsmouth,Manchester Utd,Home,W 2–0,73,2,1769.13464355,club,Group,FALSE,0.8462319512879145,NA,missing,C._Ronaldo-083,0.8462319512879145
C. Ronaldo,808,2008-01-30,Premier League,Matchweek 24,Home,Manchester Utd,Portsmouth,Y,13,1-0,David James,,,Portsmouth,Manchester Utd,Home,W 2–0,73,2,1769.13464355,club,Group,FALSE,0.8462319512879145,NA,missing,C._Ronaldo-084,0.8462319512879145
C. Ronaldo,807,2008-02-23,Premier League,Matchweek 27,Away,Manchester Utd,Newcastle,Y,45,1-0,Shay Given,Michael Carrick,,Newcastle,Manchester Utd,Away,W 5–1,66,2,1683.40686035,club,Group,TRUE,-1.1313235729155995,NA,missing,C._Ronaldo-085,-1.1313235729155995
C. Ronaldo,806,2008-02-23,Premier League,Matchweek 27,Away,Manchester Utd,Newcastle,Y,56,2-0,Steve Harper,Darren Fletcher,,Newcastle,Manchester Utd,Away,W 5–1,66,2,1683.40686035,club,Group,TRUE,-1.1313235729155995,NA,missing,C._Ronaldo-086,-1.1313235729155995
C. Ronaldo,805,2008-03-04,Champions Lg,Round of 16,Home,Manchester Utd,Lyon,Y,41,0-0,Grégory Coupet,,,Lyon,Manchester Utd,Home,W 1–0,89,1,1811.65344238,club,Knockout,FALSE,1.0349425348813721,NA,missing,C._Ronaldo-087,1.0349425348813721
C. Ronaldo,804,2008-03-15,Premier League,Matchweek 30,Away,Manchester Utd,Derby County,Y,76,0-0,Roy Carroll,Wayne Rooney,,Derby County,Manchester Utd,Away,W 1–0,90,1,1736.966232299479,league_avg,Group,TRUE,-1.1092221602833114,NA,missing,C._Ronaldo-088,-1.1092221602833114
C. Ronaldo,802,2008-03-19,Premier League,Matchweek 29,Home,Manchester Utd,Bolton,Y,19,1-0,Ali Al-Habsi,,,Bolton,Manchester Utd,Home,W 2–0,90,2,1689.52087402,club,Group,FALSE,0.8133791244613766,NA,missing,C._Ronaldo-089,0.8133791244613766
C. Ronaldo,803,2008-03-19,Premier League,Matchweek 29,Home,Manchester Utd,Bolton,Y,9,0-0,Ali Al-Habsi,,,Bolton,Manchester Utd,Home,W 2–0,90,2,1689.52087402,club,Group,FALSE,0.8133791244613766,NA,missing,C._Ronaldo-090,0.8133791244613766
C. Ronaldo,801,2008-03-23,Premier League,Matchweek 31,Home,Manchester Utd,Liverpool,Y,79,1-0,Pepe Reina,Nani,,Liverpool,Manchester Utd,Home,W 3–0,90,1,1938.69213867,club,Group,FALSE,0.9162002878860189,NA,missing,C._Ronaldo-091,0.9162002878860189
C. Ronaldo,800,2008-03-29,Premier League,Matchweek 32,Home,Manchester Utd,Aston Villa,Y,17,0-0,Scott Carson,,,Aston Villa,Manchester Utd,Home,W 4–0,90,1,1792.5078125,club,Group,FALSE,0.8558769495895265,NA,missing,C._Ronaldo-092,0.8558769495895265
C. Ronaldo,799,2008-04-01,Champions Lg,Quarter-finals,Away,Manchester Utd,Roma,Y,39,0-0,Doni,,,Roma,Manchester Utd,Away,W 2–0,90,1,1864.46813965,club,Knockout,TRUE,-0.8854430783146641,NA,missing,C._Ronaldo-093,-0.8854430783146641
C. Ronaldo,798,2008-04-06,Premier League,Matchweek 33,Away,Manchester Utd,Middlesbrough,Y,10,0-0,Mark Schwarzer,Michael Carrick,,Middlesbrough,Manchester Utd,Away,D 2–2,90,1,1706.74743652,club,Group,TRUE,-1.1216920241085093,NA,missing,C._Ronaldo-094,-1.1216920241085093
C. Ronaldo,797,2008-04-13,Premier League,Matchweek 34,Home,Manchester Utd,Arsenal,Y,54,0-1,Jens Lehmann,,Penalty kick,Arsenal,Manchester Utd,Home,W 2–1,90,1,1932.14172363,club,Group,FALSE,0.9134972422668818,NA,missing,C._Ronaldo-095,0.9134972422668818
C. Ronaldo,795,2008-05-03,Premier League,Matchweek 37,Home,Manchester Utd,West Ham,Y,24,1-0,Robert Green,Owen Hargreaves,,West Ham,Manchester Utd,Home,W 4–1,63,2,1716.4753418,club,Group,FALSE,0.8245019549391391,NA,missing,C._Ronaldo-096,0.8245019549391391
C. Ronaldo,796,2008-05-03,Premier League,Matchweek 37,Home,Manchester Utd,West Ham,Y,3,0-0,Robert Green,Nani,,West Ham,Manchester Utd,Home,W 4–1,63,2,1716.4753418,club,Group,FALSE,0.8245019549391391,NA,missing,C._Ronaldo-097,0.8245019549391391
C. Ronaldo,794,2008-05-11,Premier League,Matchweek 38,Away,Manchester Utd,Wigan Athletic,Y,33,0-0,Chris Kirkland,,Penalty kick,Wigan Athletic,Manchester Utd,Away,W 2–0,90,1,1736.966232299479,league_avg,Group,TRUE,-1.1092221602833114,NA,missing,C._Ronaldo-098,-1.1092221602833114
C. Ronaldo,793,2008-05-21,Champions Lg,Final,Neutral,Manchester Utd,Chelsea,Y,26,0-0,Petr Čech,,,Chelsea,Manchester Utd,Neutral,D 1 (6)–1 (5),120,1,2017.16357422,club,Final,FALSE,1.8857308389974183,NA,missing,C._Ronaldo-099,1.8857308389974183
C. Ronaldo,792,2008-06-11,UEFA Euro,Group stage,Away,Portugal,Czechia,Y,63,1-1,Petr Čech,,,Czechia,Portugal,Away,W 3–1,90,1,1898,national,Group,TRUE,-1.0427711617346669,NA,missing,C._Ronaldo-100,-1.0427711617346669
C. Ronaldo,791,2008-09-27,Premier League,Matchweek 6,Home,Manchester Utd,Bolton,Y,60,0-0,Jussi Jääskeläinen,,Penalty kick,Bolton,Manchester Utd,Home,W 2–0,79,1,1700.48803711,club,Group,FALSE,0.8179047525267378,NA,missing,C._Ronaldo-101,0.8179047525267378
C. Ronaldo,790,2008-10-18,Premier League,Matchweek 8,Home,Manchester Utd,West Brom,Y,69,1-0,Scott Carson,Wayne Rooney,,West Brom,Manchester Utd,Home,W 4–0,90,1,1648.67089844,club,Group,FALSE,0.7965222769396377,NA,missing,C._Ronaldo-102,0.7965222769396377
C. Ronaldo,789,2008-10-29,Premier League,Matchweek 10,Home,Manchester Utd,West Ham,Y,14,0-0,Robert Green,Nani,,West Ham,Manchester Utd,Home,W 2–0,90,2,1695.57189941,club,Group,FALSE,0.8158760956566136,NA,missing,C._Ronaldo-103,0.8158760956566136
C. Ronaldo,788,2008-10-29,Premier League,Matchweek 10,Home,Manchester Utd,West Ham,Y,30,1-0,Robert Green,Dimitar Berbatov,,West Ham,Manchester Utd,Home,W 2–0,90,2,1695.57189941,club,Group,FALSE,0.8158760956566136,NA,missing,C._Ronaldo-104,0.8158760956566136
C. Ronaldo,787,2008-11-01,Premier League,Matchweek 11,Home,Manchester Utd,Hull City,Y,3,0-0,Boaz Myhill,Dimitar Berbatov,,Hull City,Manchester Utd,Home,W 4–3,90,2,1736.966232299479,league_avg,Group,FALSE,0.8329575736226291,NA,missing,C._Ronaldo-105,0.8329575736226291
C. Ronaldo,786,2008-11-01,Premier League,Matchweek 11,Home,Manchester Utd,Hull City,Y,44,2-1,Boaz Myhill,Nani,,Hull City,Manchester Utd,Home,W 4–3,90,2,1736.966232299479,league_avg,Group,FALSE,0.8329575736226291,NA,missing,C._Ronaldo-106,0.8329575736226291
C. Ronaldo,785,2008-11-15,Premier League,Matchweek 13,Home,Manchester Utd,Stoke City,Y,3,0-0,Thomas Sørensen,,,Stoke City,Manchester Utd,Home,W 5–0,90,2,1736.966232299479,league_avg,Group,FALSE,0.8329575736226291,NA,missing,C._Ronaldo-107,0.8329575736226291
C. Ronaldo,784,2008-11-15,Premier League,Matchweek 13,Home,Manchester Utd,Stoke City,Y,89,4-0,Thomas Sørensen,,,Stoke City,Manchester Utd,Home,W 5–0,90,2,1736.966232299479,league_avg,Group,FALSE,0.8329575736226291,NA,missing,C._Ronaldo-108,0.8329575736226291
C. Ronaldo,783,2009-01-27,Premier League,Matchweek 23,Away,Manchester Utd,West Brom,Y,65,3-0,Scott Carson,Ryan Giggs,,West Brom,Manchester Utd,Away,W 5–0,90,2,1612.44445801,club,Group,TRUE,-1.1606063908129813,NA,missing,C._Ronaldo-109,-1.1606063908129813
C. Ronaldo,782,2009-01-27,Premier League,Matchweek 23,Away,Manchester Utd,West Brom,Y,73,4-0,Scott Carson,Dimitar Berbatov,,West Brom,Manchester Utd,Away,W 5–0,90,2,1612.44445801,club,Group,TRUE,-1.1606063908129813,NA,missing,C._Ronaldo-110,-1.1606063908129813
C. Ronaldo,781,2009-01-31,Premier League,Matchweek 24,Home,Manchester Utd,Everton,Y,44,0-0,Tim Howard,,Penalty kick,Everton,Manchester Utd,Home,W 1–0,90,1,1806.33984375,club,Group,FALSE,0.8615847728718325,NA,missing,C._Ronaldo-111,0.8615847728718325
C. Ronaldo,780,2009-02-21,Premier League,Matchweek 26,Home,Manchester Utd,Blackburn,Y,60,1-1,Paul Robinson,,,Blackburn,Manchester Utd,Home,W 2–1,90,1,1685.43640137,club,Group,FALSE,0.8116936563138396,NA,missing,C._Ronaldo-112,0.8116936563138396
C. Ronaldo,779,2009-03-11,Champions Lg,Round of 16,Home,Manchester Utd,Inter,Y,49,1-0,Júlio César,,,Inter,Manchester Utd,Home,W 2–0,90,1,1881.38928223,club,Knockout,FALSE,1.0637192086115606,NA,missing,C._Ronaldo-113,1.0637192086115606
C. Ronaldo,778,2009-03-14,Premier League,Matchweek 29,Home,Manchester Utd,Liverpool,Y,23,0-0,Pepe Reina,,Penalty kick,Liverpool,Manchester Utd,Home,L 1–4,90,1,1956.27832031,club,Group,FALSE,0.9234572709854215,NA,missing,C._Ronaldo-114,0.9234572709854215
C. Ronaldo,777,2009-04-05,Premier League,Matchweek 31,Home,Manchester Utd,Aston Villa,Y,14,0-0,Brad Friedel,Ryan Giggs,,Aston Villa,Manchester Utd,Home,W 3–2,90,2,1761.17980957,club,Group,FALSE,0.842949368579903,NA,missing,C._Ronaldo-115,0.842949368579903
C. Ronaldo,776,2009-04-05,Premier League,Matchweek 31,Home,Manchester Utd,Aston Villa,Y,80,1-2,Brad Friedel,Michael Carrick,,Aston Villa,Manchester Utd,Home,W 3–2,90,2,1761.17980957,club,Group,FALSE,0.842949368579903,NA,missing,C._Ronaldo-116,0.842949368579903
C. Ronaldo,775,2009-04-15,Champions Lg,Quarter-finals,Away,Manchester Utd,Porto,Y,6,0-0,Helton Arruda,,,Porto,Manchester Utd,Away,W 1–0,90,1,1845.11877441,club,Knockout,TRUE,-0.8934276436629186,NA,missing,C._Ronaldo-117,-0.8934276436629186
C. Ronaldo,774,2009-04-25,Premier League,Matchweek 34,Home,Manchester Utd,Tottenham,Y,57,0-2,Heurelho Gomes,,Penalty kick,Tottenham,Manchester Utd,Home,W 5–2,90,2,1742.35522461,club,Group,FALSE,0.8351813551643431,NA,missing,C._Ronaldo-118,0.8351813551643431
C. Ronaldo,773,2009-04-25,Premier League,Matchweek 34,Home,Manchester Utd,Tottenham,Y,68,2-2,Heurelho Gomes,Wayne Rooney,,Tottenham,Manchester Utd,Home,W 5–2,90,2,1742.35522461,club,Group,FALSE,0.8351813551643431,NA,missing,C._Ronaldo-119,0.8351813551643431
C. Ronaldo,772,2009-05-05,Champions Lg,Semi-finals,Away,Manchester Utd,Arsenal,Y,11,1-0,Manuel Almunia,,,Arsenal,Manchester Utd,Away,W 3–1,90,2,1917.23583984,club,Knockout,TRUE,-0.8636683510707356,NA,missing,C._Ronaldo-120,-0.8636683510707356
C. Ronaldo,771,2009-05-05,Champions Lg,Semi-finals,Away,Manchester Utd,Arsenal,Y,61,2-0,Manuel Almunia,,,Arsenal,Manchester Utd,Away,W 3–1,90,2,1917.23583984,club,Knockout,TRUE,-0.8636683510707356,NA,missing,C._Ronaldo-121,-0.8636683510707356
C. Ronaldo,770,2009-05-10,Premier League,Matchweek 36,Home,Manchester Utd,Manchester City,Y,18,0-0,Shay Given,,,Manchester City,Manchester Utd,Home,W 2–0,57,1,1736.966232299479,league_avg,Group,FALSE,0.8329575736226291,NA,missing,C._Ronaldo-122,0.8329575736226291
C. Ronaldo,769,2009-08-29,La Liga,Matchweek 1,Home,Real Madrid,Dep. La Coruña,Y,34,1-1,Daniel Aranzubia,,Penalty kick,Dep. La Coruña,Real Madrid,Home,W 3–2,90,1,1738.783185895233,league_avg,Group,FALSE,0.8337073441985677,NA,missing,C._Ronaldo-123,0.8337073441985677
C. Ronaldo,768,2009-09-12,La Liga,Matchweek 2,Away,Real Madrid,Espanyol,N,89,2-0,Carlos Kameni,,,Espanyol,Real Madrid,Away,W 3–0,26,1,1740.27075195,club,Group,TRUE,-1.1078585417476694,NA,missing,C._Ronaldo-124,-1.1078585417476694
C. Ronaldo,767,2009-09-15,Champions Lg,Group stage,Away,Real Madrid,Zürich,Y,27,0-0,Johnny Leoni,,,Zürich,Real Madrid,Away,W 5–2,90,2,1812.7101919840484,league_avg,Group,TRUE,-1.0779662204457217,NA,missing,C._Ronaldo-125,-1.0779662204457217
C. Ronaldo,766,2009-09-15,Champions Lg,Group stage,Away,Real Madrid,Zürich,Y,89,3-2,Johnny Leoni,,,Zürich,Real Madrid,Away,W 5–2,90,2,1812.7101919840484,league_avg,Group,TRUE,-1.0779662204457217,NA,missing,C._Ronaldo-126,-1.0779662204457217
C. Ronaldo,765,2009-09-20,La Liga,Matchweek 3,Home,Real Madrid,Xerez,Y,1,0-0,Renan Brito Soares,,,Xerez,Real Madrid,Home,W 5–0,77,2,1651.64599609,club,Group,FALSE,0.7977499586392296,NA,missing,C._Ronaldo-127,0.7977499586392296
C. Ronaldo,764,2009-09-20,La Liga,Matchweek 3,Home,Real Madrid,Xerez,Y,75,1-0,Renan Brito Soares,,,Xerez,Real Madrid,Home,W 5–0,77,2,1651.64599609,club,Group,FALSE,0.7977499586392296,NA,missing,C._Ronaldo-128,0.7977499586392296
C. Ronaldo,763,2009-09-23,La Liga,Matchweek 4,Away,Real Madrid,Villarreal,Y,1,0-0,Diego López,,,Villarreal,Real Madrid,Away,W 2–0,90,1,1811.61328125,club,Group,TRUE,-1.0784188634822542,NA,missing,C._Ronaldo-129,-1.0784188634822542
C. Ronaldo,762,2009-09-30,Champions Lg,Group stage,Home,Real Madrid,Marseille,Y,58,0-0,Steve Mandanda,,,Marseille,Real Madrid,Home,W 3–0,69,2,1782.97180176,club,Group,FALSE,0.8519418902234558,NA,missing,C._Ronaldo-130,0.8519418902234558
C. Ronaldo,761,2009-09-30,Champions Lg,Group stage,Home,Real Madrid,Marseille,Y,64,2-0,Steve Mandanda,,,Marseille,Real Madrid,Home,W 3–0,69,2,1782.97180176,club,Group,FALSE,0.8519418902234558,NA,missing,C._Ronaldo-131,0.8519418902234558
C. Ronaldo,760,2009-12-05,La Liga,Matchweek 13,Home,Real Madrid,Almería,Y,84,3-2,Diego Alves,,,Almería,Real Madrid,Home,W 4–2,86,1,1665.28137207,club,Group,FALSE,0.8033766316184169,NA,missing,C._Ronaldo-132,0.8033766316184169
C. Ronaldo,759,2009-12-08,Champions Lg,Group stage,Away,Real Madrid,Marseille,Y,5,0-0,Steve Mandanda,,,Marseille,Real Madrid,Away,W 3–1,90,2,1798.90991211,club,Group,TRUE,-1.083660941441052,NA,missing,C._Ronaldo-133,-1.083660941441052
C. Ronaldo,758,2009-12-08,Champions Lg,Group stage,Away,Real Madrid,Marseille,Y,80,2-1,Steve Mandanda,,,Marseille,Real Madrid,Away,W 3–1,90,2,1798.90991211,club,Group,TRUE,-1.083660941441052,NA,missing,C._Ronaldo-134,-1.083660941441052
C. Ronaldo,757,2009-12-19,La Liga,Matchweek 15,Home,Real Madrid,Zaragoza,Y,49,4-0,Javier López Vallejo,,,Zaragoza,Real Madrid,Home,W 6–0,90,1,1675.98986816,club,Group,FALSE,0.8077955200807305,NA,missing,C._Ronaldo-135,0.8077955200807305
C. Ronaldo,756,2010-01-24,La Liga,Matchweek 19,Home,Real Madrid,Málaga,Y,35,0-0,Gustavo Munúa,,,Málaga,Real Madrid,Home,W 2–0,69,2,1679.85778809,club,Group,FALSE,0.8093916271912136,NA,missing,C._Ronaldo-136,0.8093916271912136
C. Ronaldo,755,2010-01-24,La Liga,Matchweek 19,Home,Real Madrid,Málaga,Y,39,1-0,Gustavo Munúa,,,Málaga,Real Madrid,Home,W 2–0,69,2,1679.85778809,club,Group,FALSE,0.8093916271912136,NA,missing,C._Ronaldo-137,0.8093916271912136
C. Ronaldo,754,2010-02-13,La Liga,Matchweek 22,Away,Real Madrid,Xerez,Y,69,1-0,Renan Brito Soares,,,Xerez,Real Madrid,Away,W 3–0,90,2,1588.19165039,club,Group,TRUE,-1.1706143742748996,NA,missing,C._Ronaldo-138,-1.1706143742748996
C. Ronaldo,753,2010-02-13,La Liga,Matchweek 22,Away,Real Madrid,Xerez,Y,71,2-0,Renan Brito Soares,,,Xerez,Real Madrid,Away,W 3–0,90,2,1588.19165039,club,Group,TRUE,-1.1706143742748996,NA,missing,C._Ronaldo-139,-1.1706143742748996
C. Ronaldo,752,2010-02-21,La Liga,Matchweek 23,Home,Real Madrid,Villarreal,Y,18,0-0,Diego López,,,Villarreal,Real Madrid,Home,W 6–2,90,1,1733.05554199,club,Group,FALSE,0.831343817205014,NA,missing,C._Ronaldo-140,0.831343817205014
C. Ronaldo,751,2010-02-27,La Liga,Matchweek 24,Away,Real Madrid,Tenerife,Y,79,3-1,Sergio Aragoneses,,Penalty kick,Tenerife,Real Madrid,Away,W 5–1,90,1,1604.35021973,club,Group,TRUE,-1.1639464990640473,NA,missing,C._Ronaldo-141,-1.1639464990640473
C. Ronaldo,750,2010-03-06,La Liga,Matchweek 25,Home,Real Madrid,Sevilla,Y,59,0-2,Andrés Palop,,,Sevilla,Real Madrid,Home,W 3–2,90,1,1810.91308594,club,Group,FALSE,0.8634719330275554,NA,missing,C._Ronaldo-142,0.8634719330275554
C. Ronaldo,749,2010-03-10,Champions Lg,Round of 16,Home,Real Madrid,Lyon,Y,6,0-0,Hugo Lloris,,,Lyon,Real Madrid,Home,D 1–1,90,1,1823.59765625,club,Knockout,FALSE,1.0398713454648525,NA,missing,C._Ronaldo-143,1.0398713454648525
C. Ronaldo,748,2010-03-14,La Liga,Matchweek 26,Away,Real Madrid,Valladolid,Y,28,0-0,Justo Villar,,,Valladolid,Real Madrid,Away,W 4–1,90,1,1615.37121582,club,Group,TRUE,-1.1593986566727346,NA,missing,C._Ronaldo-144,-1.1593986566727346
C. Ronaldo,747,2010-03-25,La Liga,Matchweek 28,Away,Real Madrid,Getafe,Y,13,0-0,Óscar Ustari,,,Getafe,Real Madrid,Away,W 4–2,90,2,1703.47912598,club,Group,TRUE,-1.1230407008615364,NA,missing,C._Ronaldo-145,-1.1230407008615364
C. Ronaldo,746,2010-03-25,La Liga,Matchweek 28,Away,Real Madrid,Getafe,Y,37,3-0,Óscar Ustari,,,Getafe,Real Madrid,Away,W 4–2,90,2,1703.47912598,club,Group,TRUE,-1.1230407008615364,NA,missing,C._Ronaldo-146,-1.1230407008615364
C. Ronaldo,745,2010-04-04,La Liga,Matchweek 30,Away,Real Madrid,Racing Sant,Y,23,0-0,Fabio Coltorti,,Penalty kick,Racing Sant,Real Madrid,Away,W 2–0,90,1,1738.783185895233,league_avg,Group,TRUE,-1.1084723897073732,NA,missing,C._Ronaldo-147,-1.1084723897073732
C. Ronaldo,744,2010-04-15,La Liga,Matchweek 32,Away,Real Madrid,Almería,Y,27,0-1,Diego Alves,,,Almería,Real Madrid,Away,W 2–1,90,1,1676.2746582,club,Group,TRUE,-1.1342666944824977,NA,missing,C._Ronaldo-148,-1.1342666944824977
C. Ronaldo,743,2010-04-18,La Liga,Matchweek 33,Home,Real Madrid,Valencia,Y,78,1-0,César Sánchez,,,Valencia,Real Madrid,Home,W 2–0,90,1,1796.03039551,club,Group,FALSE,0.8573305525314905,NA,missing,C._Ronaldo-149,0.8573305525314905
C. Ronaldo,742,2010-05-02,La Liga,Matchweek 35,Home,Real Madrid,Osasuna,Y,24,0-1,Ricardo,,,Osasuna,Real Madrid,Home,W 3–2,90,2,1673.69604492,club,Group,FALSE,0.8068489680192054,NA,missing,C._Ronaldo-150,0.8068489680192054
C. Ronaldo,741,2010-05-02,La Liga,Matchweek 35,Home,Real Madrid,Osasuna,Y,89,2-2,Ricardo,,,Osasuna,Real Madrid,Home,W 3–2,90,2,1673.69604492,club,Group,FALSE,0.8068489680192054,NA,missing,C._Ronaldo-151,0.8068489680192054
C. Ronaldo,740,2010-05-05,La Liga,Matchweek 36,Away,Real Madrid,Mallorca,Y,26,0-1,Dudu Aouate,,,Mallorca,Real Madrid,Away,W 4–1,80,3,1779.49194336,club,Group,TRUE,-1.0916738162042106,NA,missing,C._Ronaldo-152,-1.0916738162042106
C. Ronaldo,739,2010-05-05,La Liga,Matchweek 36,Away,Real Madrid,Mallorca,Y,57,1-1,Dudu Aouate,,,Mallorca,Real Madrid,Away,W 4–1,80,3,1779.49194336,club,Group,TRUE,-1.0916738162042106,NA,missing,C._Ronaldo-153,-1.0916738162042106
C. Ronaldo,738,2010-05-05,La Liga,Matchweek 36,Away,Real Madrid,Mallorca,Y,72,2-1,Dudu Aouate,,,Mallorca,Real Madrid,Away,W 4–1,80,3,1779.49194336,club,Group,TRUE,-1.0916738162042106,NA,missing,C._Ronaldo-154,-1.0916738162042106
C. Ronaldo,737,2010-05-08,La Liga,Matchweek 37,Home,Real Madrid,Athletic Club,Y,22,0-0,Gorka Iraizoz,,Penalty kick,Athletic Club,Real Madrid,Home,W 5–1,90,1,1681.82263184,club,Group,FALSE,0.8102024250197936,NA,missing,C._Ronaldo-155,0.8102024250197936
C. Ronaldo,736,2010-06-21,World Cup,Group stage,Neutral,Portugal,Korea DPR,Y,87,5-0,Ri Myong-guk,,,Korea DPR,Portugal,Neutral,W 7–0,90,1,1517,national,Group,FALSE,0.9183278992925914,NA,missing,C._Ronaldo-156,0.9183278992925914
C. Ronaldo,735,2010-09-21,La Liga,Matchweek 4,Home,Real Madrid,Espanyol,Y,28,0-0,Carlos Kameni,,Penalty kick,Espanyol,Real Madrid,Home,W 3–0,90,1,1677.46032715,club,Group,FALSE,0.8084023087661452,NA,missing,C._Ronaldo-157,0.8084023087661452
C. Ronaldo,734,2010-10-03,La Liga,Matchweek 6,Home,Real Madrid,Dep. La Coruña,Y,4,0-0,Manu,,,Dep. La Coruña,Real Madrid,Home,W 6–1,90,2,1738.783185895233,league_avg,Group,FALSE,0.8337073441985677,NA,missing,C._Ronaldo-158,0.8337073441985677
C. Ronaldo,733,2010-10-03,La Liga,Matchweek 6,Home,Real Madrid,Dep. La Coruña,Y,89,5-1,Manu,,,Dep. La Coruña,Real Madrid,Home,W 6–1,90,2,1738.783185895233,league_avg,Group,FALSE,0.8337073441985677,NA,missing,C._Ronaldo-159,0.8337073441985677
C. Ronaldo,732,2010-10-08,UEFA Euro qual.,Group stage,Home,Portugal,Denmark,Y*,85,2-1,Anders Lindegaard,,,Denmark,Portugal,Home,W 3–1,90,1,1725,national,Group,FALSE,0.8280196770775752,NA,missing,C._Ronaldo-160,0.8280196770775752
C. Ronaldo,731,2010-10-12,UEFA Euro qual.,Group stage,Away,Portugal,Iceland,Y*,3,0-0,Gunnleifur Gunnleifsson,,,Iceland,Portugal,Away,W 3–1,90,1,1438,national,Group,TRUE,-1.2325913452208028,NA,missing,C._Ronaldo-161,-1.2325913452208028
C. Ronaldo,730,2010-10-16,La Liga,Matchweek 7,Away,Real Madrid,Málaga,Y,44,1-0,Rodrigo Galatto,,,Málaga,Real Madrid,Away,W 4–1,90,2,1664.67407227,club,Group,TRUE,-1.1390537061124526,NA,missing,C._Ronaldo-162,-1.1390537061124526
C. Ronaldo,729,2010-10-16,La Liga,Matchweek 7,Away,Real Madrid,Málaga,Y,50,2-0,Rodrigo Galatto,,Penalty kick,Málaga,Real Madrid,Away,W 4–1,90,2,1664.67407227,club,Group,TRUE,-1.1390537061124526,NA,missing,C._Ronaldo-163,-1.1390537061124526
C. Ronaldo,728,2010-10-19,Champions Lg,Group stage,Home,Real Madrid,Milan,Y,13,0-0,Marco Amelia,,,Milan,Real Madrid,Home,W 2–0,90,1,1789.67260742,club,Group,FALSE,0.8547069949188603,NA,missing,C._Ronaldo-164,0.8547069949188603
C. Ronaldo,727,2010-10-23,La Liga,Matchweek 8,Home,Real Madrid,Racing Sant,Y,15,1-0,Toño,,,Racing Sant,Real Madrid,Home,W 6–1,90,4,1738.783185895233,league_avg,Group,FALSE,0.8337073441985677,NA,missing,C._Ronaldo-165,0.8337073441985677
C. Ronaldo,726,2010-10-23,La Liga,Matchweek 8,Home,Real Madrid,Racing Sant,Y,26,2-0,Toño,,,Racing Sant,Real Madrid,Home,W 6–1,90,4,1738.783185895233,league_avg,Group,FALSE,0.8337073441985677,NA,missing,C._Ronaldo-166,0.8337073441985677
C. Ronaldo,725,2010-10-23,La Liga,Matchweek 8,Home,Real Madrid,Racing Sant,Y,47,3-0,Toño,,,Racing Sant,Real Madrid,Home,W 6–1,90,4,1738.783185895233,league_avg,Group,FALSE,0.8337073441985677,NA,missing,C._Ronaldo-167,0.8337073441985677
C. Ronaldo,724,2010-10-23,La Liga,Matchweek 8,Home,Real Madrid,Racing Sant,Y,55,4-0,Toño,,Penalty kick,Racing Sant,Real Madrid,Home,W 6–1,90,4,1738.783185895233,league_avg,Group,FALSE,0.8337073441985677,NA,missing,C._Ronaldo-168,0.8337073441985677
C. Ronaldo,723,2010-10-30,La Liga,Matchweek 9,Away,Real Madrid,Hércules,Y,82,1-1,Juan Calatayud,,,Hércules,Real Madrid,Away,W 3–1,90,2,1650.74450684,club,Group,TRUE,-1.1448017771250716,NA,missing,C._Ronaldo-169,-1.1448017771250716
C. Ronaldo,722,2010-10-30,La Liga,Matchweek 9,Away,Real Madrid,Hércules,Y,86,2-1,Juan Calatayud,,,Hércules,Real Madrid,Away,W 3–1,90,2,1650.74450684,club,Group,TRUE,-1.1448017771250716,NA,missing,C._Ronaldo-170,-1.1448017771250716
C. Ronaldo,721,2010-11-20,La Liga,Matchweek 12,Home,Real Madrid,Athletic Club,Y,30,1-0,Gorka Iraizoz,,,Athletic Club,Real Madrid,Home,W 5–1,90,3,1686.28503418,club,Group,FALSE,0.812043846826245,NA,missing,C._Ronaldo-171,0.812043846826245
C. Ronaldo,720,2010-11-20,La Liga,Matchweek 12,Home,Real Madrid,Athletic Club,Y,62,3-1,Gorka Iraizoz,,,Athletic Club,Real Madrid,Home,W 5–1,90,3,1686.28503418,club,Group,FALSE,0.812043846826245,NA,missing,C._Ronaldo-172,0.812043846826245
C. Ronaldo,719,2010-11-20,La Liga,Matchweek 12,Home,Real Madrid,Athletic Club,Y,90+2,4-1,Gorka Iraizoz,,Penalty kick,Athletic Club,Real Madrid,Home,W 5–1,90,3,1686.28503418,club,Group,FALSE,0.812043846826245,NA,missing,C._Ronaldo-173,0.812043846826245
C. Ronaldo,718,2010-11-23,Champions Lg,Group stage,Away,Real Madrid,Ajax,Y,70,2-0,Maarten Stekelenburg,,,Ajax,Real Madrid,Away,W 4–0,90,2,1716.2611084,club,Group,TRUE,-1.1177661829304908,NA,missing,C._Ronaldo-174,-1.1177661829304908
C. Ronaldo,717,2010-11-23,Champions Lg,Group stage,Away,Real Madrid,Ajax,Y,81,3-0,Maarten Stekelenburg,,Penalty kick,Ajax,Real Madrid,Away,W 4–0,90,2,1716.2611084,club,Group,TRUE,-1.1177661829304908,NA,missing,C._Ronaldo-175,-1.1177661829304908
C. Ronaldo,716,2010-12-04,La Liga,Matchweek 14,Home,Real Madrid,Valencia,Y,72,0-0,Vicente Guaita,,,Valencia,Real Madrid,Home,W 2–0,90,2,1798.12243652,club,Group,FALSE,0.8581938386366615,NA,missing,C._Ronaldo-176,0.8581938386366615
C. Ronaldo,715,2010-12-04,La Liga,Matchweek 14,Home,Real Madrid,Valencia,Y,86,1-0,Vicente Guaita,,,Valencia,Real Madrid,Home,W 2–0,90,2,1798.12243652,club,Group,FALSE,0.8581938386366615,NA,missing,C._Ronaldo-177,0.8581938386366615
C. Ronaldo,714,2010-12-08,Champions Lg,Group stage,Home,Real Madrid,Auxerre,Y,49,1-0,Olivier Sorin,,,Auxerre,Real Madrid,Home,W 4–0,71,1,1700.14294434,club,Group,FALSE,0.8177623491073439,NA,missing,C._Ronaldo-178,0.8177623491073439
C. Ronaldo,713,2010-12-12,La Liga,Matchweek 15,Away,Real Madrid,Zaragoza,Y,44,1-0,Leo Franco,,,Zaragoza,Real Madrid,Away,W 3–1,90,1,1630.87768555,club,Group,TRUE,-1.1529998720436672,NA,missing,C._Ronaldo-179,-1.1529998720436672
C. Ronaldo,712,2011-01-03,La Liga,Matchweek 17,Away,Real Madrid,Getafe,Y,11,0-0,Jordi Codina,,Penalty kick,Getafe,Real Madrid,Away,W 3–2,90,2,1723.32092285,club,Group,TRUE,-1.1148529323342362,NA,missing,C._Ronaldo-180,-1.1148529323342362
C. Ronaldo,711,2011-01-03,La Liga,Matchweek 17,Away,Real Madrid,Getafe,Y,57,2-1,Jordi Codina,,,Getafe,Real Madrid,Away,W 3–2,90,2,1723.32092285,club,Group,TRUE,-1.1148529323342362,NA,missing,C._Ronaldo-181,-1.1148529323342362
C. Ronaldo,709,2011-01-09,La Liga,Matchweek 18,Home,Real Madrid,Villarreal,Y,44,1-2,Diego López,,,Villarreal,Real Madrid,Home,W 4–2,90,3,1778.0291748,club,Group,FALSE,0.8499023024920411,NA,missing,C._Ronaldo-182,0.8499023024920411
C. Ronaldo,708,2011-01-09,La Liga,Matchweek 18,Home,Real Madrid,Villarreal,Y,78,2-2,Diego López,,,Villarreal,Real Madrid,Home,W 4–2,90,3,1778.0291748,club,Group,FALSE,0.8499023024920411,NA,missing,C._Ronaldo-183,0.8499023024920411
C. Ronaldo,710,2011-01-09,La Liga,Matchweek 18,Home,Real Madrid,Villarreal,Y,8,0-1,Diego López,,,Villarreal,Real Madrid,Home,W 4–2,90,3,1778.0291748,club,Group,FALSE,0.8499023024920411,NA,missing,C._Ronaldo-184,0.8499023024920411
C. Ronaldo,707,2011-02-06,La Liga,Matchweek 22,Home,Real Madrid,Real Sociedad,Y,20,1-0,Claudio Bravo,,,Real Sociedad,Real Madrid,Home,W 4–1,90,2,1653.35864258,club,Group,FALSE,0.7984566866196183,NA,missing,C._Ronaldo-185,0.7984566866196183
C. Ronaldo,706,2011-02-06,La Liga,Matchweek 22,Home,Real Madrid,Real Sociedad,Y,42,2-0,Claudio Bravo,,,Real Sociedad,Real Madrid,Home,W 4–1,90,2,1653.35864258,club,Group,FALSE,0.7984566866196183,NA,missing,C._Ronaldo-186,0.7984566866196183
C. Ronaldo,705,2011-03-03,La Liga,Matchweek 26,Home,Real Madrid,Málaga,Y,50,3-0,Willy Caballero,,,Málaga,Real Madrid,Home,W 7–0,77,3,1627.18273926,club,Group,FALSE,0.7876551327693618,NA,missing,C._Ronaldo-187,0.7876551327693618
C. Ronaldo,704,2011-03-03,La Liga,Matchweek 26,Home,Real Madrid,Málaga,Y,67,5-0,Willy Caballero,,Penalty kick,Málaga,Real Madrid,Home,W 7–0,77,3,1627.18273926,club,Group,FALSE,0.7876551327693618,NA,missing,C._Ronaldo-188,0.7876551327693618
C. Ronaldo,703,2011-03-03,La Liga,Matchweek 26,Home,Real Madrid,Málaga,Y,76,6-0,Willy Caballero,,,Málaga,Real Madrid,Home,W 7–0,77,3,1627.18273926,club,Group,FALSE,0.7876551327693618,NA,missing,C._Ronaldo-189,0.7876551327693618
C. Ronaldo,702,2011-04-05,Champions Lg,Quarter-finals,Home,Real Madrid,Tottenham,Y,87,3-0,Heurelho Gomes,,,Tottenham,Real Madrid,Home,W 4–0,90,1,1811.13464355,club,Knockout,FALSE,1.034728451209409,NA,missing,C._Ronaldo-190,1.034728451209409
C. Ronaldo,701,2011-04-09,La Liga,Matchweek 31,Away,Real Madrid,Athletic Club,N,70,2-0,Gorka Iraizoz,,,Athletic Club,Real Madrid,Away,W 3–0,29,1,1728.89038086,club,Group,TRUE,-1.1125546811573301,NA,missing,C._Ronaldo-191,-1.1125546811573301
C. Ronaldo,700,2011-04-13,Champions Lg,Quarter-finals,Away,Real Madrid,Tottenham,Y,50,0-0,Heurelho Gomes,,,Tottenham,Real Madrid,Away,W 1–0,64,1,1804.50231934,club,Knockout,TRUE,-0.9101881283454051,NA,missing,C._Ronaldo-192,-0.9101881283454051
C. Ronaldo,699,2011-04-16,La Liga,Matchweek 32,Home,Real Madrid,Barcelona,Y,81,0-1,Víctor Valdés,,Penalty kick,Barcelona,Real Madrid,Home,D 1–1,90,1,2079.12548828,club,Group,FALSE,0.9741504709089381,NA,missing,C._Ronaldo-193,0.9741504709089381
C. Ronaldo,698,2011-05-07,La Liga,Matchweek 35,Away,Real Madrid,Sevilla,Y,31,1-0,Javi Varas,,,Sevilla,Real Madrid,Away,W 6–2,90,4,1753.29162598,club,Group,TRUE,-1.1024854445791379,NA,missing,C._Ronaldo-194,-1.1024854445791379
C. Ronaldo,697,2011-05-07,La Liga,Matchweek 35,Away,Real Madrid,Sevilla,Y,65,3-1,Javi Varas,,,Sevilla,Real Madrid,Away,W 6–2,90,4,1753.29162598,club,Group,TRUE,-1.1024854445791379,NA,missing,C._Ronaldo-195,-1.1024854445791379
C. Ronaldo,696,2011-05-07,La Liga,Matchweek 35,Away,Real Madrid,Sevilla,Y,70,4-1,Javi Varas,,,Sevilla,Real Madrid,Away,W 6–2,90,4,1753.29162598,club,Group,TRUE,-1.1024854445791379,NA,missing,C._Ronaldo-196,-1.1024854445791379
C. Ronaldo,695,2011-05-07,La Liga,Matchweek 35,Away,Real Madrid,Sevilla,Y,75,5-1,Javi Varas,,,Sevilla,Real Madrid,Away,W 6–2,90,4,1753.29162598,club,Group,TRUE,-1.1024854445791379,NA,missing,C._Ronaldo-197,-1.1024854445791379
C. Ronaldo,694,2011-05-10,La Liga,Matchweek 36,Home,Real Madrid,Getafe,Y,23,0-0,Óscar Ustari,,,Getafe,Real Madrid,Home,W 4–0,90,3,1658.44311523,club,Group,FALSE,0.8005548073399511,NA,missing,C._Ronaldo-198,0.8005548073399511
C. Ronaldo,693,2011-05-10,La Liga,Matchweek 36,Home,Real Madrid,Getafe,Y,57,1-0,Óscar Ustari,,,Getafe,Real Madrid,Home,W 4–0,90,3,1658.44311523,club,Group,FALSE,0.8005548073399511,NA,missing,C._Ronaldo-199,0.8005548073399511
C. Ronaldo,692,2011-05-10,La Liga,Matchweek 36,Home,Real Madrid,Getafe,Y,90,3-0,Óscar Ustari,,Penalty kick,Getafe,Real Madrid,Home,W 4–0,90,3,1658.44311523,club,Group,FALSE,0.8005548073399511,NA,missing,C._Ronaldo-200,0.8005548073399511
C. Ronaldo,691,2011-05-15,La Liga,Matchweek 37,Away,Real Madrid,Villarreal,Y,21,1-0,Diego López,,,Villarreal,Real Madrid,Away,W 3–1,90,2,1789.95068359,club,Group,TRUE,-1.087357990140097,NA,missing,C._Ronaldo-201,-1.087357990140097
C. Ronaldo,690,2011-05-15,La Liga,Matchweek 37,Away,Real Madrid,Villarreal,Y,89,2-1,Diego López,,,Villarreal,Real Madrid,Away,W 3–1,90,2,1789.95068359,club,Group,TRUE,-1.087357990140097,NA,missing,C._Ronaldo-202,-1.087357990140097
C. Ronaldo,689,2011-05-21,La Liga,Matchweek 38,Home,Real Madrid,Almería,Y,4,0-0,Esteban,,,Almería,Real Madrid,Home,W 8–1,90,2,1611.40881348,club,Group,FALSE,0.7811459817131527,NA,missing,C._Ronaldo-203,0.7811459817131527
C. Ronaldo,688,2011-05-21,La Liga,Matchweek 38,Home,Real Madrid,Almería,Y,76,6-1,Esteban,,,Almería,Real Madrid,Home,W 8–1,90,2,1611.40881348,club,Group,FALSE,0.7811459817131527,NA,missing,C._Ronaldo-204,0.7811459817131527
C. Ronaldo,687,2011-08-28,La Liga,Matchweek 2,Away,Real Madrid,Zaragoza,Y,23,0-0,Roberto,,,Zaragoza,Real Madrid,Away,W 6–0,90,3,1686.88037109,club,Group,TRUE,-1.1298902197721041,NA,missing,C._Ronaldo-205,-1.1298902197721041
C. Ronaldo,686,2011-08-28,La Liga,Matchweek 2,Away,Real Madrid,Zaragoza,Y,70,3-0,Roberto,,,Zaragoza,Real Madrid,Away,W 6–0,90,3,1686.88037109,club,Group,TRUE,-1.1298902197721041,NA,missing,C._Ronaldo-206,-1.1298902197721041
C. Ronaldo,685,2011-08-28,La Liga,Matchweek 2,Away,Real Madrid,Zaragoza,Y,86,5-0,Roberto,,,Zaragoza,Real Madrid,Away,W 6–0,90,3,1686.88037109,club,Group,TRUE,-1.1298902197721041,NA,missing,C._Ronaldo-207,-1.1298902197721041
C. Ronaldo,684,2011-09-02,UEFA Euro qual.,Group stage,Away,Portugal,Cyprus,Y*,35,0-0,Antonis Georgallides,,Penalty kick,Cyprus,Portugal,Away,W 4–0,90,2,1514,national,Group,TRUE,-1.2012297496883106,NA,missing,C._Ronaldo-208,-1.2012297496883106
C. Ronaldo,683,2011-09-02,UEFA Euro qual.,Group stage,Away,Portugal,Cyprus,Y*,82,1-0,Antonis Georgallides,,,Cyprus,Portugal,Away,W 4–0,90,2,1514,national,Group,TRUE,-1.2012297496883106,NA,missing,C._Ronaldo-209,-1.2012297496883106
C. Ronaldo,682,2011-09-10,La Liga,Matchweek 3,Home,Real Madrid,Getafe,Y,59,1-1,Miguel Ángel Moyá,,Penalty kick,Getafe,Real Madrid,Home,W 4–2,90,1,1667.92932129,club,Group,FALSE,0.8044693146766827,NA,missing,C._Ronaldo-210,0.8044693146766827
C. Ronaldo,681,2011-09-24,La Liga,Matchweek 6,Home,Real Madrid,Rayo Vallecano,Y,39,0-1,Dani Giménez,,,Rayo Vallecano,Real Madrid,Home,W 6–2,90,3,1627.34313965,club,Group,FALSE,0.787721322402973,NA,missing,C._Ronaldo-211,0.787721322402973
C. Ronaldo,680,2011-09-24,La Liga,Matchweek 6,Home,Real Madrid,Rayo Vallecano,Y,51,2-1,Dani Giménez,,Penalty kick,Rayo Vallecano,Real Madrid,Home,W 6–2,90,3,1627.34313965,club,Group,FALSE,0.787721322402973,NA,missing,C._Ronaldo-212,0.787721322402973
C. Ronaldo,679,2011-09-24,La Liga,Matchweek 6,Home,Real Madrid,Rayo Vallecano,Y,84,5-2,Dani Giménez,,Penalty kick,Rayo Vallecano,Real Madrid,Home,W 6–2,90,3,1627.34313965,club,Group,FALSE,0.787721322402973,NA,missing,C._Ronaldo-213,0.787721322402973
C. Ronaldo,678,2011-09-27,Champions Lg,Group stage,Home,Real Madrid,Ajax,Y,25,0-0,Kenneth Vermeer,,,Ajax,Real Madrid,Home,W 3–0,90,1,1744.95837402,club,Group,FALSE,0.8362555514657517,NA,missing,C._Ronaldo-214,0.8362555514657517
C. Ronaldo,677,2011-10-11,UEFA Euro qual.,Group stage,Away,Portugal,Denmark,Y*,90+2,0-2,Thomas Sørensen,,,Denmark,Portugal,Away,L 1–2,90,1,1815,national,Group,TRUE,-1.0770213252767304,NA,missing,C._Ronaldo-215,-1.0770213252767304
C. Ronaldo,676,2011-10-22,La Liga,Matchweek 9,Away,Real Madrid,Málaga,Y,23,1-0,Rubén,,,Málaga,Real Madrid,Away,W 4–0,90,3,1708.73352051,club,Group,TRUE,-1.1208724614402468,NA,missing,C._Ronaldo-216,-1.1208724614402468
C. Ronaldo,675,2011-10-22,La Liga,Matchweek 9,Away,Real Madrid,Málaga,Y,27,2-0,Rubén,,,Málaga,Real Madrid,Away,W 4–0,90,3,1708.73352051,club,Group,TRUE,-1.1208724614402468,NA,missing,C._Ronaldo-217,-1.1208724614402468
C. Ronaldo,674,2011-10-22,La Liga,Matchweek 9,Away,Real Madrid,Málaga,Y,37,3-0,Rubén,,,Málaga,Real Madrid,Away,W 4–0,90,3,1708.73352051,club,Group,TRUE,-1.1208724614402468,NA,missing,C._Ronaldo-218,-1.1208724614402468
C. Ronaldo,673,2011-11-02,Champions Lg,Group stage,Away,Real Madrid,Lyon,Y,24,0-0,Hugo Lloris,,,Lyon,Real Madrid,Away,W 2–0,90,2,1762.046875,club,Group,TRUE,-1.098872568545566,NA,missing,C._Ronaldo-219,-1.098872568545566
C. Ronaldo,672,2011-11-02,Champions Lg,Group stage,Away,Real Madrid,Lyon,Y,69,1-0,Hugo Lloris,,Penalty kick,Lyon,Real Madrid,Away,W 2–0,90,2,1762.046875,club,Group,TRUE,-1.098872568545566,NA,missing,C._Ronaldo-220,-1.098872568545566
C. Ronaldo,671,2011-11-06,La Liga,Matchweek 12,Home,Real Madrid,Osasuna,Y,22,0-0,Andrés Fernández,,,Osasuna,Real Madrid,Home,W 7–1,90,3,1715.65600586,club,Group,FALSE,0.8241638538555136,NA,missing,C._Ronaldo-221,0.8241638538555136
C. Ronaldo,670,2011-11-06,La Liga,Matchweek 12,Home,Real Madrid,Osasuna,Y,54,3-1,Andrés Fernández,,Penalty kick,Osasuna,Real Madrid,Home,W 7–1,90,3,1715.65600586,club,Group,FALSE,0.8241638538555136,NA,missing,C._Ronaldo-222,0.8241638538555136
C. Ronaldo,669,2011-11-06,La Liga,Matchweek 12,Home,Real Madrid,Osasuna,Y,58,4-1,Andrés Fernández,,,Osasuna,Real Madrid,Home,W 7–1,90,3,1715.65600586,club,Group,FALSE,0.8241638538555136,NA,missing,C._Ronaldo-223,0.8241638538555136
C. Ronaldo,667,2011-11-15,UEFA Euro qual.,Play-off Round,Home,Portugal,Bosnia–Herz,Y*,53,2-1,Asmir Begović,,,Bosnia–Herz,Portugal,Home,W 6–2,90,2,1694,national,Qualifying,FALSE,1.0640914328667537,NA,missing,C._Ronaldo-224,1.0640914328667537
C. Ronaldo,668,2011-11-15,UEFA Euro qual.,Play-off Round,Home,Portugal,Bosnia–Herz,Y*,8,0-0,Asmir Begović,,,Bosnia–Herz,Portugal,Home,W 6–2,90,2,1694,national,Qualifying,FALSE,1.0640914328667537,NA,missing,C._Ronaldo-225,1.0640914328667537
C. Ronaldo,666,2011-11-19,La Liga,Matchweek 13,Away,Real Madrid,Valencia,Y,79,2-1,Diego Alves,,,Valencia,Real Madrid,Away,W 3–2,90,1,1838.8001709,club,Group,TRUE,-1.067200123521862,NA,missing,C._Ronaldo-226,-1.067200123521862
C. Ronaldo,665,2011-11-26,La Liga,Matchweek 14,Home,Real Madrid,Atlético Madrid,Y,23,0-1,Sergio Asenjo,,Penalty kick,Atlético Madrid,Real Madrid,Home,W 4–1,90,2,1748.52368164,club,Group,FALSE,0.8377267848279538,NA,missing,C._Ronaldo-227,0.8377267848279538
C. Ronaldo,664,2011-11-26,La Liga,Matchweek 14,Home,Real Madrid,Atlético Madrid,Y,82,3-1,Sergio Asenjo,,Penalty kick,Atlético Madrid,Real Madrid,Home,W 4–1,90,2,1748.52368164,club,Group,FALSE,0.8377267848279538,NA,missing,C._Ronaldo-228,0.8377267848279538
C. Ronaldo,663,2011-12-03,La Liga,Matchweek 15,Away,Real Madrid,Sporting Gijón,Y,64,1-0,Juan Pablo Colinas,,,Sporting Gijón,Real Madrid,Away,W 3–0,90,1,1738.783185895233,league_avg,Group,TRUE,-1.1084723897073732,NA,missing,C._Ronaldo-229,-1.1084723897073732
C. Ronaldo,662,2011-12-17,La Liga,Matchweek 17,Away,Real Madrid,Sevilla,Y,10,0-0,Javi Varas,,,Sevilla,Real Madrid,Away,W 6–2,90,3,1749.7232666,club,Group,TRUE,-1.1039579372579553,NA,missing,C._Ronaldo-230,-1.1039579372579553
C. Ronaldo,661,2011-12-17,La Liga,Matchweek 17,Away,Real Madrid,Sevilla,Y,36,1-0,Javi Varas,,,Sevilla,Real Madrid,Away,W 6–2,90,3,1749.7232666,club,Group,TRUE,-1.1039579372579553,NA,missing,C._Ronaldo-231,-1.1039579372579553
C. Ronaldo,660,2011-12-17,La Liga,Matchweek 17,Away,Real Madrid,Sevilla,Y,83,4-1,Javi Varas,,Penalty kick,Sevilla,Real Madrid,Away,W 6–2,90,3,1749.7232666,club,Group,TRUE,-1.1039579372579553,NA,missing,C._Ronaldo-232,-1.1039579372579553
C. Ronaldo,659,2012-01-07,La Liga,Matchweek 18,Home,Real Madrid,Granada,Y,88,4-1,Roberto,,,Granada,Real Madrid,Home,W 5–1,90,1,1608.1932373,club,Group,FALSE,0.7798190659294544,NA,missing,C._Ronaldo-233,0.7798190659294544
C. Ronaldo,658,2012-01-22,La Liga,Matchweek 1,Home,Real Madrid,Athletic Club,Y,47,1-1,Gorka Iraizoz,,Penalty kick,Athletic Club,Real Madrid,Home,W 4–1,90,2,1742.67370605,club,Group,FALSE,0.8353127773499468,NA,missing,C._Ronaldo-234,0.8353127773499468
C. Ronaldo,657,2012-01-22,La Liga,Matchweek 1,Home,Real Madrid,Athletic Club,Y,67,2-1,Gorka Iraizoz,,Penalty kick,Athletic Club,Real Madrid,Home,W 4–1,90,2,1742.67370605,club,Group,FALSE,0.8353127773499468,NA,missing,C._Ronaldo-235,0.8353127773499468
C. Ronaldo,656,2012-01-28,La Liga,Matchweek 21,Home,Real Madrid,Zaragoza,Y,49,1-1,Roberto,,,Zaragoza,Real Madrid,Home,W 3–1,90,1,1626.97094727,club,Group,FALSE,0.7875677362597909,NA,missing,C._Ronaldo-236,0.7875677362597909
C. Ronaldo,655,2012-02-12,La Liga,Matchweek 23,Home,Real Madrid,Levante,Y,44,0-1,Gustavo Munúa,,Penalty kick,Levante,Real Madrid,Home,W 4–2,90,3,1686.63476562,club,Group,FALSE,0.8121881644047488,NA,missing,C._Ronaldo-237,0.8121881644047488
C. Ronaldo,654,2012-02-12,La Liga,Matchweek 23,Home,Real Madrid,Levante,Y,50,1-1,Gustavo Munúa,,,Levante,Real Madrid,Home,W 4–2,90,3,1686.63476562,club,Group,FALSE,0.8121881644047488,NA,missing,C._Ronaldo-238,0.8121881644047488
C. Ronaldo,653,2012-02-12,La Liga,Matchweek 23,Home,Real Madrid,Levante,Y,56,2-1,Gustavo Munúa,,,Levante,Real Madrid,Home,W 4–2,90,3,1686.63476562,club,Group,FALSE,0.8121881644047488,NA,missing,C._Ronaldo-239,0.8121881644047488
C. Ronaldo,652,2012-02-18,La Liga,Matchweek 24,Home,Real Madrid,Racing Sant,Y,6,0-0,Toño,,,Racing Sant,Real Madrid,Home,W 4–0,90,1,1738.783185895233,league_avg,Group,FALSE,0.8337073441985677,NA,missing,C._Ronaldo-240,0.8337073441985677
C. Ronaldo,651,2012-02-21,Champions Lg,Round of 16,Away,Real Madrid,CSKA Moscow,Y,28,0-0,Sergei Chepchugov,,,CSKA Moscow,Real Madrid,Away,D 1–1,90,1,1812.7101919840484,league_avg,Knockout,TRUE,-0.9068011285816568,NA,missing,C._Ronaldo-241,-0.9068011285816568
C. Ronaldo,650,2012-02-26,La Liga,Matchweek 25,Away,Real Madrid,Rayo Vallecano,Y,53,0-0,Joel Robles,,,Rayo Vallecano,Real Madrid,Away,W 1–0,90,1,1673.17114258,club,Group,TRUE,-1.135547368187803,NA,missing,C._Ronaldo-242,-1.135547368187803
C. Ronaldo,649,2012-03-04,La Liga,Matchweek 26,Home,Real Madrid,Espanyol,Y,23,0-0,Kiko Casilla,,,Espanyol,Real Madrid,Home,W 5–0,90,1,1690.56433105,club,Group,FALSE,0.8138097096894081,NA,missing,C._Ronaldo-243,0.8138097096894081
C. Ronaldo,648,2012-03-10,La Liga,Matchweek 27,Away,Real Madrid,Real Betis,Y,51,1-1,Fabricio,,,Real Betis,Real Madrid,Away,W 3–2,90,2,1678.05102539,club,Group,TRUE,-1.1335336719913138,NA,missing,C._Ronaldo-244,-1.1335336719913138
C. Ronaldo,647,2012-03-10,La Liga,Matchweek 27,Away,Real Madrid,Real Betis,Y,72,2-2,Fabricio,,,Real Betis,Real Madrid,Away,W 3–2,90,2,1678.05102539,club,Group,TRUE,-1.1335336719913138,NA,missing,C._Ronaldo-245,-1.1335336719913138
C. Ronaldo,646,2012-03-14,Champions Lg,Round of 16,Home,Real Madrid,CSKA Moscow,Y,55,1-0,Sergei Chepchugov,,,CSKA Moscow,Real Madrid,Home,W 4–1,90,2,1812.7101919840484,league_avg,Knockout,FALSE,1.0353786053242837,NA,missing,C._Ronaldo-246,1.0353786053242837
C. Ronaldo,645,2012-03-14,Champions Lg,Round of 16,Home,Real Madrid,CSKA Moscow,Y,90+4,3-1,Sergei Chepchugov,,,CSKA Moscow,Real Madrid,Home,W 4–1,90,2,1812.7101919840484,league_avg,Knockout,FALSE,1.0353786053242837,NA,missing,C._Ronaldo-247,1.0353786053242837
C. Ronaldo,644,2012-03-21,La Liga,Matchweek 29,Away,Real Madrid,Villarreal,Y,61,0-0,Diego López,,,Villarreal,Real Madrid,Away,D 1–1,90,1,1689.45825195,club,Group,TRUE,-1.1288264506028636,NA,missing,C._Ronaldo-248,-1.1288264506028636
C. Ronaldo,643,2012-03-24,La Liga,Matchweek 30,Home,Real Madrid,Real Sociedad,Y,31,1-0,Claudio Bravo,,,Real Sociedad,Real Madrid,Home,W 5–1,79,2,1659.75158691,club,Group,FALSE,0.8010947515451339,NA,missing,C._Ronaldo-249,0.8010947515451339
C. Ronaldo,642,2012-03-24,La Liga,Matchweek 30,Home,Real Madrid,Real Sociedad,Y,56,4-1,Claudio Bravo,,,Real Sociedad,Real Madrid,Home,W 5–1,79,2,1659.75158691,club,Group,FALSE,0.8010947515451339,NA,missing,C._Ronaldo-250,0.8010947515451339
C. Ronaldo,641,2012-03-31,La Liga,Matchweek 31,Away,Real Madrid,Osasuna,Y,36,1-0,Andrés Fernández,,,Osasuna,Real Madrid,Away,W 5–1,90,2,1758.02966309,club,Group,TRUE,-1.1005302813756939,NA,missing,C._Ronaldo-251,-1.1005302813756939
C. Ronaldo,640,2012-03-31,La Liga,Matchweek 31,Away,Real Madrid,Osasuna,Y,69,3-1,Andrés Fernández,,,Osasuna,Real Madrid,Away,W 5–1,90,2,1758.02966309,club,Group,TRUE,-1.1005302813756939,NA,missing,C._Ronaldo-252,-1.1005302813756939
C. Ronaldo,639,2012-04-04,Champions Lg,Quarter-finals,Home,Real Madrid,APOEL FC,Y,26,0-0,Urko Pardo,,,APOEL FC,Real Madrid,Home,W 5–2,90,2,1643.25305176,club,Knockout,FALSE,0.9654516804321869,NA,missing,C._Ronaldo-253,0.9654516804321869
C. Ronaldo,638,2012-04-04,Champions Lg,Quarter-finals,Home,Real Madrid,APOEL FC,Y,75,2-1,Urko Pardo,,,APOEL FC,Real Madrid,Home,W 5–2,90,2,1643.25305176,club,Knockout,FALSE,0.9654516804321869,NA,missing,C._Ronaldo-254,0.9654516804321869
C. Ronaldo,637,2012-04-11,La Liga,Matchweek 33,Away,Real Madrid,Atlético Madrid,Y,24,0-0,Thibaut Courtois,,,Atlético Madrid,Real Madrid,Away,W 4–1,90,3,1813.9119873,club,Group,TRUE,-1.0774702965166205,NA,missing,C._Ronaldo-255,-1.0774702965166205
C. Ronaldo,636,2012-04-11,La Liga,Matchweek 33,Away,Real Madrid,Atlético Madrid,Y,67,1-1,Thibaut Courtois,,,Atlético Madrid,Real Madrid,Away,W 4–1,90,3,1813.9119873,club,Group,TRUE,-1.0774702965166205,NA,missing,C._Ronaldo-256,-1.0774702965166205
C. Ronaldo,635,2012-04-11,La Liga,Matchweek 33,Away,Real Madrid,Atlético Madrid,Y,82,2-1,Thibaut Courtois,,Penalty kick,Atlético Madrid,Real Madrid,Away,W 4–1,90,3,1813.9119873,club,Group,TRUE,-1.0774702965166205,NA,missing,C._Ronaldo-257,-1.0774702965166205
C. Ronaldo,634,2012-04-14,La Liga,Matchweek 34,Home,Real Madrid,Sporting Gijón,Y,73,1-1,Juan Pablo Colinas,,,Sporting Gijón,Real Madrid,Home,W 3–1,90,1,1738.783185895233,league_avg,Group,FALSE,0.8337073441985677,NA,missing,C._Ronaldo-258,0.8337073441985677
C. Ronaldo,633,2012-04-21,La Liga,Matchweek 35,Away,Real Madrid,Barcelona,Y,72,1-1,Víctor Valdés,,,Barcelona,Real Madrid,Away,W 2–1,90,1,2099.27758789,club,Group,TRUE,-0.9597134472456957,NA,missing,C._Ronaldo-259,-0.9597134472456957
C. Ronaldo,631,2012-04-25,Champions Lg,Semi-finals,Home,Real Madrid,Bayern Munich,Y,14,1-0,Manuel Neuer,,,Bayern Munich,Real Madrid,Home,W 2 (1)–1 (3),120,2,1917.50976562,club,Knockout,FALSE,1.0786244190130774,NA,missing,C._Ronaldo-260,1.0786244190130774
C. Ronaldo,632,2012-04-25,Champions Lg,Semi-finals,Home,Real Madrid,Bayern Munich,Y,6,0-0,Manuel Neuer,,Penalty kick,Bayern Munich,Real Madrid,Home,W 2 (1)–1 (3),120,2,1917.50976562,club,Knockout,FALSE,1.0786244190130774,NA,missing,C._Ronaldo-261,1.0786244190130774
C. Ronaldo,630,2012-04-29,La Liga,Matchweek 36,Home,Real Madrid,Sevilla,Y,19,0-0,Javi Varas,,,Sevilla,Real Madrid,Home,W 3–0,90,1,1758.29943848,club,Group,FALSE,0.8417607760390072,NA,missing,C._Ronaldo-262,0.8417607760390072
C. Ronaldo,629,2012-05-02,La Liga,Matchweek 20,Away,Real Madrid,Athletic Club,Y,49,2-0,Gorka Iraizoz,,,Athletic Club,Real Madrid,Away,W 3–0,90,1,1800.93530273,club,Group,TRUE,-1.0828251587907922,NA,missing,C._Ronaldo-263,-1.0828251587907922
C. Ronaldo,628,2012-05-05,La Liga,Matchweek 37,Away,Real Madrid,Granada,Y,81,0-1,Júlio César,,Penalty kick,Granada,Real Madrid,Away,W 2–1,90,1,1649.15197754,club,Group,TRUE,-1.1454589384379694,NA,missing,C._Ronaldo-264,-1.1454589384379694
C. Ronaldo,627,2012-05-13,La Liga,Matchweek 38,Home,Real Madrid,Mallorca,Y,18,0-0,Dudu Aouate,,,Mallorca,Real Madrid,Home,W 4–1,90,1,1751.0378418,club,Group,FALSE,0.8387642594863991,NA,missing,C._Ronaldo-265,0.8387642594863991
C. Ronaldo,626,2012-06-17,UEFA Euro,Group stage,Home,Portugal,Netherlands,Y*,28,0-1,Maarten Stekelenburg,João Pereira,,Netherlands,Portugal,Home,W 2–1,90,2,1965,national,Group,FALSE,0.9270562945486024,NA,missing,C._Ronaldo-266,0.9270562945486024
C. Ronaldo,625,2012-06-17,UEFA Euro,Group stage,Home,Portugal,Netherlands,Y*,74,1-1,Maarten Stekelenburg,Nani,,Netherlands,Portugal,Home,W 2–1,90,2,1965,national,Group,FALSE,0.9270562945486024,NA,missing,C._Ronaldo-267,0.9270562945486024
C. Ronaldo,624,2012-06-21,UEFA Euro,Quarter-finals,Away,Portugal,Czechia,Y*,79,0-0,Petr Čech,João Moutinho,,Czechia,Portugal,Away,W 1–0,90,1,1788,national,Knockout,TRUE,-0.9169978528781562,NA,missing,C._Ronaldo-268,-0.9169978528781562
C. Ronaldo,623,2012-09-02,La Liga,Matchweek 3,Home,Real Madrid,Granada,Y,25,0-0,Toño,,,Granada,Real Madrid,Home,W 3–0,62,2,1640.43139648,club,Group,FALSE,0.7931222252572866,NA,missing,C._Ronaldo-269,0.7931222252572866
C. Ronaldo,622,2012-09-02,La Liga,Matchweek 3,Home,Real Madrid,Granada,Y,53,1-0,Toño,,,Granada,Real Madrid,Home,W 3–0,62,2,1640.43139648,club,Group,FALSE,0.7931222252572866,NA,missing,C._Ronaldo-270,0.7931222252572866
C. Ronaldo,621,2012-09-07,WCQ,First round,Away,Portugal,Luxembourg,Y*,28,0-1,Jonathan Joubert,João Moutinho,,Luxembourg,Portugal,Away,W 2–1,90,1,1145,national,Other,TRUE,-1.2319308033298437,NA,missing,C._Ronaldo-271,-1.2319308033298437
C. Ronaldo,620,2012-09-18,Champions Lg,Group stage,Home,Real Madrid,Manchester City,Y,90,2-2,Joe Hart,,,Manchester City,Real Madrid,Home,W 3–2,90,1,1812.7101919840484,league_avg,Group,FALSE,0.8642135134602192,NA,missing,C._Ronaldo-272,0.8642135134602192
C. Ronaldo,619,2012-09-24,La Liga,Matchweek 5,Away,Real Madrid,Rayo Vallecano,Y,69,1-0,Rubén,,Penalty kick,Rayo Vallecano,Real Madrid,Away,W 2–0,90,1,1678.23474121,club,Group,TRUE,-1.1334578611855275,NA,missing,C._Ronaldo-273,-1.1334578611855275
C. Ronaldo,618,2012-09-30,La Liga,Matchweek 6,Home,Real Madrid,Dep. La Coruña,Y,23,0-1,Daniel Aranzubia,,Penalty kick,Dep. La Coruña,Real Madrid,Home,W 5–1,90,3,1738.783185895233,league_avg,Group,FALSE,0.8337073441985677,NA,missing,C._Ronaldo-274,0.8337073441985677
C. Ronaldo,617,2012-09-30,La Liga,Matchweek 6,Home,Real Madrid,Dep. La Coruña,Y,44,2-1,Daniel Aranzubia,,,Dep. La Coruña,Real Madrid,Home,W 5–1,90,3,1738.783185895233,league_avg,Group,FALSE,0.8337073441985677,NA,missing,C._Ronaldo-275,0.8337073441985677
C. Ronaldo,616,2012-09-30,La Liga,Matchweek 6,Home,Real Madrid,Dep. La Coruña,Y,84,4-1,Daniel Aranzubia,,Penalty kick,Dep. La Coruña,Real Madrid,Home,W 5–1,90,3,1738.783185895233,league_avg,Group,FALSE,0.8337073441985677,NA,missing,C._Ronaldo-276,0.8337073441985677
C. Ronaldo,615,2012-10-03,Champions Lg,Group stage,Away,Real Madrid,Ajax,Y,42,0-0,Kenneth Vermeer,,,Ajax,Real Madrid,Away,W 4–1,90,3,1745.75,club,Group,TRUE,-1.1055975159428495,NA,missing,C._Ronaldo-277,-1.1055975159428495
C. Ronaldo,614,2012-10-03,Champions Lg,Group stage,Away,Real Madrid,Ajax,Y,79,2-1,Kenneth Vermeer,,,Ajax,Real Madrid,Away,W 4–1,90,3,1745.75,club,Group,TRUE,-1.1055975159428495,NA,missing,C._Ronaldo-278,-1.1055975159428495
C. Ronaldo,613,2012-10-03,Champions Lg,Group stage,Away,Real Madrid,Ajax,Y,81,3-1,Kenneth Vermeer,,,Ajax,Real Madrid,Away,W 4–1,90,3,1745.75,club,Group,TRUE,-1.1055975159428495,NA,missing,C._Ronaldo-279,-1.1055975159428495
C. Ronaldo,612,2012-10-07,La Liga,Matchweek 7,Away,Real Madrid,Barcelona,Y,22,0-0,Víctor Valdés,,,Barcelona,Real Madrid,Away,D 2–2,90,2,2099.68798828,club,Group,TRUE,-0.9595440944688862,NA,missing,C._Ronaldo-280,-0.9595440944688862
C. Ronaldo,611,2012-10-07,La Liga,Matchweek 7,Away,Real Madrid,Barcelona,Y,66,1-2,Víctor Valdés,,,Barcelona,Real Madrid,Away,D 2–2,90,2,2099.68798828,club,Group,TRUE,-0.9595440944688862,NA,missing,C._Ronaldo-281,-0.9595440944688862
C. Ronaldo,610,2012-10-20,La Liga,Matchweek 8,Home,Real Madrid,Celta Vigo,Y,67,1-0,Sergio Álvarez,,Penalty kick,Celta Vigo,Real Madrid,Home,W 2–0,90,1,1713.33776855,club,Group,FALSE,0.8232072272651906,NA,missing,C._Ronaldo-282,0.8232072272651906
C. Ronaldo,609,2012-10-24,Champions Lg,Group stage,Away,Real Madrid,Dortmund,Y,38,0-1,Roman Weidenfeller,,,Dortmund,Real Madrid,Away,L 1–2,90,1,1882.12963867,club,Group,TRUE,-1.0493201071686926,NA,missing,C._Ronaldo-283,-1.0493201071686926
C. Ronaldo,608,2012-10-28,La Liga,Matchweek 9,Away,Real Madrid,Mallorca,Y,22,1-0,Dudu Aouate,,,Mallorca,Real Madrid,Away,W 5–0,90,2,1756.60339355,club,Group,TRUE,-1.1011188351708756,NA,missing,C._Ronaldo-284,-1.1011188351708756
C. Ronaldo,607,2012-10-28,La Liga,Matchweek 9,Away,Real Madrid,Mallorca,Y,73,3-0,Dudu Aouate,,,Mallorca,Real Madrid,Away,W 5–0,90,2,1756.60339355,club,Group,TRUE,-1.1011188351708756,NA,missing,C._Ronaldo-285,-1.1011188351708756
C. Ronaldo,606,2012-11-11,La Liga,Matchweek 11,Away,Real Madrid,Levante,Y,20,0-0,Gustavo Munúa,,,Levante,Real Madrid,Away,W 2–1,45,1,1741.43847656,club,Group,TRUE,-1.1073766771830358,NA,missing,C._Ronaldo-286,-1.1073766771830358
C. Ronaldo,605,2012-12-01,La Liga,Matchweek 14,Home,Real Madrid,Atlético Madrid,Y,15,0-0,Thibaut Courtois,,,Atlético Madrid,Real Madrid,Home,W 2–0,90,1,1879.73242188,club,Group,FALSE,0.8918704090613049,NA,missing,C._Ronaldo-287,0.8918704090613049
C. Ronaldo,604,2012-12-04,Champions Lg,Group stage,Home,Real Madrid,Ajax,Y,13,0-0,Kenneth Vermeer,,,Ajax,Real Madrid,Home,W 4–1,90,1,1724.53186035,club,Group,FALSE,0.8278264980465747,NA,missing,C._Ronaldo-288,0.8278264980465747
C. Ronaldo,603,2012-12-16,La Liga,Matchweek 16,Home,Real Madrid,Espanyol,Y,44,0-1,Kiko Casilla,,,Espanyol,Real Madrid,Home,D 2–2,90,1,1647.27075195,club,Group,FALSE,0.7959445028882484,NA,missing,C._Ronaldo-289,0.7959445028882484
C. Ronaldo,602,2013-01-06,La Liga,Matchweek 18,Home,Real Madrid,Real Sociedad,Y,67,2-2,Claudio Bravo,,,Real Sociedad,Real Madrid,Home,W 4–3,90,2,1728.82507324,club,Group,FALSE,0.8295981033911939,NA,missing,C._Ronaldo-290,0.8295981033911939
C. Ronaldo,601,2013-01-06,La Liga,Matchweek 18,Home,Real Madrid,Real Sociedad,Y,70,3-2,Claudio Bravo,,,Real Sociedad,Real Madrid,Home,W 4–3,90,2,1728.82507324,club,Group,FALSE,0.8295981033911939,NA,missing,C._Ronaldo-291,0.8295981033911939
C. Ronaldo,600,2013-01-20,La Liga,Matchweek 20,Away,Real Madrid,Valencia,Y,35,2-0,Diego Alves,,,Valencia,Real Madrid,Away,W 5–0,90,2,1807.02624512,club,Group,TRUE,-1.0803117157428064,NA,missing,C._Ronaldo-292,-1.0803117157428064
C. Ronaldo,599,2013-01-20,La Liga,Matchweek 20,Away,Real Madrid,Valencia,Y,41,3-0,Diego Alves,,,Valencia,Real Madrid,Away,W 5–0,90,2,1807.02624512,club,Group,TRUE,-1.0803117157428064,NA,missing,C._Ronaldo-293,-1.0803117157428064
C. Ronaldo,598,2013-01-27,La Liga,Matchweek 21,Home,Real Madrid,Getafe,Y,62,1-0,Miguel Ángel Moyá,,,Getafe,Real Madrid,Home,W 4–0,71,3,1699.74731445,club,Group,FALSE,0.8175990914153605,NA,missing,C._Ronaldo-294,0.8175990914153605
C. Ronaldo,597,2013-01-27,La Liga,Matchweek 21,Home,Real Madrid,Getafe,Y,65,2-0,Miguel Ángel Moyá,,,Getafe,Real Madrid,Home,W 4–0,71,3,1699.74731445,club,Group,FALSE,0.8175990914153605,NA,missing,C._Ronaldo-295,0.8175990914153605
C. Ronaldo,596,2013-01-27,La Liga,Matchweek 21,Home,Real Madrid,Getafe,Y,71,3-0,Miguel Ángel Moyá,,Penalty kick,Getafe,Real Madrid,Home,W 4–0,71,3,1699.74731445,club,Group,FALSE,0.8175990914153605,NA,missing,C._Ronaldo-296,0.8175990914153605
C. Ronaldo,595,2013-02-09,La Liga,Matchweek 23,Home,Real Madrid,Sevilla,Y,25,1-0,Beto,,,Sevilla,Real Madrid,Home,W 4–1,62,3,1735.12561035,club,Group,FALSE,0.832198036239632,NA,missing,C._Ronaldo-297,0.832198036239632
C. Ronaldo,594,2013-02-09,La Liga,Matchweek 23,Home,Real Madrid,Sevilla,Y,46,2-0,Beto,,,Sevilla,Real Madrid,Home,W 4–1,62,3,1735.12561035,club,Group,FALSE,0.832198036239632,NA,missing,C._Ronaldo-298,0.832198036239632
C. Ronaldo,593,2013-02-09,La Liga,Matchweek 23,Home,Real Madrid,Sevilla,Y,58,3-0,Beto,,,Sevilla,Real Madrid,Home,W 4–1,62,3,1735.12561035,club,Group,FALSE,0.832198036239632,NA,missing,C._Ronaldo-299,0.832198036239632
C. Ronaldo,592,2013-02-13,Champions Lg,Round of 16,Home,Real Madrid,Manchester Utd,Y,30,0-1,David de Gea,,,Manchester Utd,Real Madrid,Home,D 1–1,90,1,1812.7101919840484,league_avg,Knockout,FALSE,1.0353786053242837,NA,missing,C._Ronaldo-300,1.0353786053242837
C. Ronaldo,591,2013-03-05,Champions Lg,Round of 16,Away,Real Madrid,Manchester Utd,Y,69,1-1,David de Gea,,,Manchester Utd,Real Madrid,Away,W 2–1,90,1,1812.7101919840484,league_avg,Knockout,TRUE,-0.9068011285816568,NA,missing,C._Ronaldo-301,-0.9068011285816568
C. Ronaldo,590,2013-03-10,La Liga,Matchweek 27,Away,Real Madrid,Celta Vigo,Y,61,0-0,Javi Varas,,,Celta Vigo,Real Madrid,Away,W 2–1,90,2,1658.1986084,club,Group,TRUE,-1.1417258229384555,NA,missing,C._Ronaldo-302,-1.1417258229384555
C. Ronaldo,589,2013-03-10,La Liga,Matchweek 27,Away,Real Madrid,Celta Vigo,Y,71,1-1,Javi Varas,,Penalty kick,Celta Vigo,Real Madrid,Away,W 2–1,90,2,1658.1986084,club,Group,TRUE,-1.1417258229384555,NA,missing,C._Ronaldo-303,-1.1417258229384555
C. Ronaldo,588,2013-03-16,La Liga,Matchweek 28,Home,Real Madrid,Mallorca,Y,51,1-2,Dudu Aouate,,,Mallorca,Real Madrid,Home,W 5–2,90,1,1671.89477539,club,Group,FALSE,0.806105669513352,NA,missing,C._Ronaldo-304,0.806105669513352
C. Ronaldo,587,2013-03-30,La Liga,Matchweek 29,Away,Real Madrid,Zaragoza,Y,38,0-1,Roberto,,,Zaragoza,Real Madrid,Away,D 1–1,90,1,1661.25817871,club,Group,TRUE,-1.1404632833783837,NA,missing,C._Ronaldo-305,-1.1404632833783837
C. Ronaldo,586,2013-04-03,Champions Lg,Quarter-finals,Home,Real Madrid,Galatasaray,Y,9,0-0,Fernando Muslera,,,Galatasaray,Real Madrid,Home,W 3–0,90,1,1703.14538574,club,Knockout,FALSE,0.9901664061397877,NA,missing,C._Ronaldo-306,0.9901664061397877
C. Ronaldo,585,2013-04-06,La Liga,Matchweek 30,Home,Real Madrid,Levante,N,84,2-1,Gustavo Munúa,,,Levante,Real Madrid,Home,W 5–1,45,1,1731.48706055,club,Group,FALSE,0.830696579303416,NA,missing,C._Ronaldo-307,0.830696579303416
C. Ronaldo,584,2013-04-09,Champions Lg,Quarter-finals,Away,Real Madrid,Galatasaray,Y,7,0-0,Fernando Muslera,,,Galatasaray,Real Madrid,Away,L 2–3,90,2,1707.83056641,club,Knockout,TRUE,-0.9500799759086639,NA,missing,C._Ronaldo-308,-0.9500799759086639
C. Ronaldo,583,2013-04-09,Champions Lg,Quarter-finals,Away,Real Madrid,Galatasaray,Y,90+2,1-3,Fernando Muslera,,,Galatasaray,Real Madrid,Away,L 2–3,90,2,1707.83056641,club,Knockout,TRUE,-0.9500799759086639,NA,missing,C._Ronaldo-309,-0.9500799759086639
C. Ronaldo,582,2013-04-14,La Liga,Matchweek 31,Away,Real Madrid,Athletic Club,Y,2,0-0,Gorka Iraizoz,,,Athletic Club,Real Madrid,Away,W 3–0,78,2,1684.11608887,club,Group,TRUE,-1.131030907942121,NA,missing,C._Ronaldo-310,-1.131030907942121
C. Ronaldo,581,2013-04-14,La Liga,Matchweek 31,Away,Real Madrid,Athletic Club,Y,68,1-0,Gorka Iraizoz,,,Athletic Club,Real Madrid,Away,W 3–0,78,2,1684.11608887,club,Group,TRUE,-1.131030907942121,NA,missing,C._Ronaldo-311,-1.131030907942121
C. Ronaldo,580,2013-04-24,Champions Lg,Semi-finals,Away,Real Madrid,Dortmund,Y,43,0-1,Roman Weidenfeller,,,Dortmund,Real Madrid,Away,L 1–4,90,1,1949.95373535,club,Knockout,TRUE,-0.8501672273120648,NA,missing,C._Ronaldo-312,-0.8501672273120648
C. Ronaldo,579,2013-05-04,La Liga,Matchweek 34,Home,Real Madrid,Valladolid,Y,32,1-1,Jaime,,,Valladolid,Real Madrid,Home,W 4–3,90,2,1683.28210449,club,Group,FALSE,0.8108046801637411,NA,missing,C._Ronaldo-313,0.8108046801637411
C. Ronaldo,578,2013-05-04,La Liga,Matchweek 34,Home,Real Madrid,Valladolid,Y,70,3-2,Jaime,,,Valladolid,Real Madrid,Home,W 4–3,90,2,1683.28210449,club,Group,FALSE,0.8108046801637411,NA,missing,C._Ronaldo-314,0.8108046801637411
C. Ronaldo,577,2013-05-08,La Liga,Matchweek 36,Home,Real Madrid,Málaga,Y,26,1-1,Willy Caballero,,,Málaga,Real Madrid,Home,W 6–2,90,1,1763.11914062,club,Group,FALSE,0.8437496385271887,NA,missing,C._Ronaldo-315,0.8437496385271887
C. Ronaldo,576,2013-09-01,La Liga,Matchweek 3,Home,Real Madrid,Athletic Club,Y,44,1-0,Iago Herrerín,,,Athletic Club,Real Madrid,Home,W 3–1,90,1,1708.36889648,club,Group,FALSE,0.8211568094216113,NA,missing,C._Ronaldo-316,0.8211568094216113
C. Ronaldo,575,2013-09-06,WCQ,First round,Away,Portugal,Northern Ireland,Y*,68,1-2,Roy Carroll,João Moutinho,,Northern Ireland,Portugal,Away,W 4–2,89,3,1447,national,Other,TRUE,-1.1073097263454672,NA,missing,C._Ronaldo-317,-1.1073097263454672
C. Ronaldo,574,2013-09-06,WCQ,First round,Away,Portugal,Northern Ireland,Y*,77,2-2,Roy Carroll,Fábio Coentrão,,Northern Ireland,Portugal,Away,W 4–2,89,3,1447,national,Other,TRUE,-1.1073097263454672,NA,missing,C._Ronaldo-318,-1.1073097263454672
C. Ronaldo,573,2013-09-06,WCQ,First round,Away,Portugal,Northern Ireland,Y*,83,3-2,Roy Carroll,,,Northern Ireland,Portugal,Away,W 4–2,89,3,1447,national,Other,TRUE,-1.1073097263454672,NA,missing,C._Ronaldo-319,-1.1073097263454672
C. Ronaldo,572,2013-09-14,La Liga,Matchweek 4,Away,Real Madrid,Villarreal,Y,63,1-1,Sergio Asenjo,,,Villarreal,Real Madrid,Away,D 2–2,90,1,1729.04968262,club,Group,TRUE,-1.1124889448762159,NA,missing,C._Ronaldo-320,-1.1124889448762159
C. Ronaldo,571,2013-09-17,Champions Lg,Group stage,Away,Real Madrid,Galatasaray,Y,63,2-0,Fernando Muslera,,,Galatasaray,Real Madrid,Away,W 6–1,90,3,1697.86914062,club,Group,TRUE,-1.1253556757536878,NA,missing,C._Ronaldo-321,-1.1253556757536878
C. Ronaldo,570,2013-09-17,Champions Lg,Group stage,Away,Real Madrid,Galatasaray,Y,66,3-0,Fernando Muslera,,,Galatasaray,Real Madrid,Away,W 6–1,90,3,1697.86914062,club,Group,TRUE,-1.1253556757536878,NA,missing,C._Ronaldo-322,-1.1253556757536878
C. Ronaldo,569,2013-09-17,Champions Lg,Group stage,Away,Real Madrid,Galatasaray,Y,90+1,5-1,Fernando Muslera,,,Galatasaray,Real Madrid,Away,W 6–1,90,3,1697.86914062,club,Group,TRUE,-1.1253556757536878,NA,missing,C._Ronaldo-323,-1.1253556757536878
C. Ronaldo,568,2013-09-22,La Liga,Matchweek 5,Home,Real Madrid,Getafe,Y,33,1-1,Miguel Ángel Moyá,,Penalty kick,Getafe,Real Madrid,Home,W 4–1,90,2,1666.09191895,club,Group,FALSE,0.8037111058738204,NA,missing,C._Ronaldo-324,0.8037111058738204
C. Ronaldo,567,2013-09-22,La Liga,Matchweek 5,Home,Real Madrid,Getafe,Y,89,3-1,Miguel Ángel Moyá,,,Getafe,Real Madrid,Home,W 4–1,90,2,1666.09191895,club,Group,FALSE,0.8037111058738204,NA,missing,C._Ronaldo-325,0.8037111058738204
C. Ronaldo,566,2013-09-25,La Liga,Matchweek 6,Away,Real Madrid,Elche,Y,51,0-0,Manu Herrera,,,Elche,Real Madrid,Away,W 2–1,90,2,1608.14123535,club,Group,TRUE,-1.1623821267149441,NA,missing,C._Ronaldo-326,-1.1623821267149441
C. Ronaldo,565,2013-09-25,La Liga,Matchweek 6,Away,Real Madrid,Elche,Y,88,1-1,Manu Herrera,,Penalty kick,Elche,Real Madrid,Away,W 2–1,90,2,1608.14123535,club,Group,TRUE,-1.1623821267149441,NA,missing,C._Ronaldo-327,-1.1623821267149441
C. Ronaldo,564,2013-10-02,Champions Lg,Group stage,Home,Real Madrid,FC Copenhagen,Y,21,0-0,Johan Wiland,,,FC Copenhagen,Real Madrid,Home,W 4–0,90,2,1812.7101919840484,league_avg,Group,FALSE,0.8642135134602192,NA,missing,C._Ronaldo-328,0.8642135134602192
C. Ronaldo,563,2013-10-02,Champions Lg,Group stage,Home,Real Madrid,FC Copenhagen,Y,65,1-0,Johan Wiland,,,FC Copenhagen,Real Madrid,Home,W 4–0,90,2,1812.7101919840484,league_avg,Group,FALSE,0.8642135134602192,NA,missing,C._Ronaldo-329,0.8642135134602192
C. Ronaldo,562,2013-10-05,La Liga,Matchweek 8,Away,Real Madrid,Levante,Y,90,2-2,Keylor Navas,,,Levante,Real Madrid,Away,W 3–2,90,1,1697.15942383,club,Group,TRUE,-1.1256485422130376,NA,missing,C._Ronaldo-330,-1.1256485422130376
C. Ronaldo,561,2013-10-19,La Liga,Matchweek 9,Home,Real Madrid,Málaga,Y,89,1-0,Willy Caballero,,Penalty kick,Málaga,Real Madrid,Home,W 2–0,90,1,1761.94384766,club,Group,FALSE,0.8432646508634556,NA,missing,C._Ronaldo-331,0.8432646508634556
C. Ronaldo,559,2013-10-23,Champions Lg,Group stage,Home,Real Madrid,Juventus,Y,29,1-1,Gianluigi Buffon,,Penalty kick,Juventus,Real Madrid,Home,W 2–1,90,2,1829.70593262,club,Group,FALSE,0.871226849560217,NA,missing,C._Ronaldo-332,0.871226849560217
C. Ronaldo,560,2013-10-23,Champions Lg,Group stage,Home,Real Madrid,Juventus,Y,4,0-0,Gianluigi Buffon,,,Juventus,Real Madrid,Home,W 2–1,90,2,1829.70593262,club,Group,FALSE,0.871226849560217,NA,missing,C._Ronaldo-333,0.871226849560217
C. Ronaldo,558,2013-10-30,La Liga,Matchweek 11,Home,Real Madrid,Sevilla,Y,31,2-0,Beto,,Penalty kick,Sevilla,Real Madrid,Home,W 7–3,90,3,1751.12243652,club,Group,FALSE,0.8387991677152519,NA,missing,C._Ronaldo-334,0.8387991677152519
C. Ronaldo,557,2013-10-30,La Liga,Matchweek 11,Home,Real Madrid,Sevilla,Y,60,4-2,Beto,,,Sevilla,Real Madrid,Home,W 7–3,90,3,1751.12243652,club,Group,FALSE,0.8387991677152519,NA,missing,C._Ronaldo-335,0.8387991677152519
C. Ronaldo,556,2013-10-30,La Liga,Matchweek 11,Home,Real Madrid,Sevilla,Y,71,5-3,Beto,,,Sevilla,Real Madrid,Home,W 7–3,90,3,1751.12243652,club,Group,FALSE,0.8387991677152519,NA,missing,C._Ronaldo-336,0.8387991677152519
C. Ronaldo,555,2013-11-02,La Liga,Matchweek 12,Away,Real Madrid,Rayo Vallecano,Y,2,0-0,Rubén,,,Rayo Vallecano,Real Madrid,Away,W 3–2,90,2,1640.97375488,club,Group,TRUE,-1.1488337030595168,NA,missing,C._Ronaldo-337,-1.1488337030595168
C. Ronaldo,554,2013-11-02,La Liga,Matchweek 12,Away,Real Madrid,Rayo Vallecano,Y,48,2-0,Rubén,,,Rayo Vallecano,Real Madrid,Away,W 3–2,90,2,1640.97375488,club,Group,TRUE,-1.1488337030595168,NA,missing,C._Ronaldo-338,-1.1488337030595168
C. Ronaldo,553,2013-11-05,Champions Lg,Group stage,Away,Real Madrid,Juventus,Y,52,0-1,Gianluigi Buffon,,,Juventus,Real Madrid,Away,D 2–2,90,1,1836.82617188,club,Group,TRUE,-1.0680146992961619,NA,missing,C._Ronaldo-339,-1.0680146992961619
C. Ronaldo,552,2013-11-09,La Liga,Matchweek 13,Home,Real Madrid,Real Sociedad,Y,11,0-0,Claudio Bravo,,,Real Sociedad,Real Madrid,Home,W 5–1,90,3,1797.71228027,club,Group,FALSE,0.8580245866048509,NA,missing,C._Ronaldo-340,0.8580245866048509
C. Ronaldo,551,2013-11-09,La Liga,Matchweek 13,Home,Real Madrid,Real Sociedad,Y,26,2-0,Claudio Bravo,,Penalty kick,Real Sociedad,Real Madrid,Home,W 5–1,90,3,1797.71228027,club,Group,FALSE,0.8580245866048509,NA,missing,C._Ronaldo-341,0.8580245866048509
C. Ronaldo,550,2013-11-09,La Liga,Matchweek 13,Home,Real Madrid,Real Sociedad,Y,76,4-1,Claudio Bravo,,,Real Sociedad,Real Madrid,Home,W 5–1,90,3,1797.71228027,club,Group,FALSE,0.8580245866048509,NA,missing,C._Ronaldo-342,0.8580245866048509
C. Ronaldo,549,2013-11-15,WCQ,Second round,Home,Portugal,Sweden,Y*,82,0-0,Andreas Isaksson,Miguel Veloso,,Sweden,Portugal,Home,W 1–0,90,1,1848,national,Other,FALSE,1.0003436892516482,NA,missing,C._Ronaldo-343,1.0003436892516482
C. Ronaldo,548,2013-11-19,WCQ,Second round,Away,Portugal,Sweden,Y*,50,0-0,Andreas Isaksson,João Moutinho,,Sweden,Portugal,Away,W 3–2,90,3,1826,national,Other,TRUE,-0.9509144012558035,NA,missing,C._Ronaldo-344,-0.9509144012558035
C. Ronaldo,547,2013-11-19,WCQ,Second round,Away,Portugal,Sweden,Y*,77,1-2,Andreas Isaksson,Hugo Almeida,,Sweden,Portugal,Away,W 3–2,90,3,1826,national,Other,TRUE,-0.9509144012558035,NA,missing,C._Ronaldo-345,-0.9509144012558035
C. Ronaldo,546,2013-11-19,WCQ,Second round,Away,Portugal,Sweden,Y*,79,2-2,Andreas Isaksson,João Moutinho,,Sweden,Portugal,Away,W 3–2,90,3,1826,national,Other,TRUE,-0.9509144012558035,NA,missing,C._Ronaldo-346,-0.9509144012558035
C. Ronaldo,545,2013-11-23,La Liga,Matchweek 14,Away,Real Madrid,Almería,Y,3,0-0,Esteban,,,Almería,Real Madrid,Away,W 5–0,52,1,1659.39672852,club,Group,TRUE,-1.141231415588419,NA,missing,C._Ronaldo-347,-1.141231415588419
C. Ronaldo,544,2013-12-10,Champions Lg,Group stage,Away,Real Madrid,FC Copenhagen,Y,48,1-0,Johan Wiland,,,FC Copenhagen,Real Madrid,Away,W 2–0,90,1,1812.7101919840484,league_avg,Group,TRUE,-1.0779662204457217,NA,missing,C._Ronaldo-348,-1.0779662204457217
C. Ronaldo,543,2013-12-22,La Liga,Matchweek 17,Away,Real Madrid,Valencia,Y,39,1-1,Vicente Guaita,,,Valencia,Real Madrid,Away,W 3–2,90,1,1764.63366699,club,Group,TRUE,-1.0978051221756044,NA,missing,C._Ronaldo-349,-1.0978051221756044
C. Ronaldo,542,2014-01-06,La Liga,Matchweek 18,Home,Real Madrid,Celta Vigo,Y,82,1-0,Yoel,,,Celta Vigo,Real Madrid,Home,W 3–0,90,2,1640.29821777,club,Group,FALSE,0.7930672687199636,NA,missing,C._Ronaldo-350,0.7930672687199636
C. Ronaldo,541,2014-01-06,La Liga,Matchweek 18,Home,Real Madrid,Celta Vigo,Y,89,2-0,Yoel,,,Celta Vigo,Real Madrid,Home,W 3–0,90,2,1640.29821777,club,Group,FALSE,0.7930672687199636,NA,missing,C._Ronaldo-351,0.7930672687199636
C. Ronaldo,540,2014-01-18,La Liga,Matchweek 20,Away,Real Madrid,Real Betis,Y,10,0-0,Stephan Andersen,,,Real Betis,Real Madrid,Away,W 5–0,90,1,1637.10839844,club,Group,TRUE,-1.1504287523392562,NA,missing,C._Ronaldo-352,-1.1504287523392562
C. Ronaldo,539,2014-01-25,La Liga,Matchweek 21,Home,Real Madrid,Granada,Y,57,0-0,Roberto,,,Granada,Real Madrid,Home,W 2–0,90,1,1664.89672852,club,Group,FALSE,0.8032179074678997,NA,missing,C._Ronaldo-353,0.8032179074678997
C. Ronaldo,538,2014-02-26,Champions Lg,Round of 16,Away,Real Madrid,Schalke 04,Y,52,2-0,Ralf Fährmann,,,Schalke 04,Real Madrid,Away,W 6–1,90,2,1815.60266113,club,Knockout,TRUE,-0.9056075437468474,NA,missing,C._Ronaldo-354,-0.9056075437468474
C. Ronaldo,537,2014-02-26,Champions Lg,Round of 16,Away,Real Madrid,Schalke 04,Y,89,5-0,Ralf Fährmann,,,Schalke 04,Real Madrid,Away,W 6–1,90,2,1815.60266113,club,Knockout,TRUE,-0.9056075437468474,NA,missing,C._Ronaldo-355,-0.9056075437468474
C. Ronaldo,536,2014-03-02,La Liga,Matchweek 26,Away,Real Madrid,Atlético Madrid,Y,81,1-2,Thibaut Courtois,,,Atlético Madrid,Real Madrid,Away,D 2–2,90,1,1916.45043945,club,Group,TRUE,-1.0351575404264086,NA,missing,C._Ronaldo-356,-1.0351575404264086
C. Ronaldo,535,2014-03-05,Friendlies (M),Friendlies (M),Home,Portugal,Cameroon,Y*,21,0-0,Charles Itandje,João Pereira,,Cameroon,Portugal,Home,W 5–1,86,2,1589,national,Other,FALSE,0.8934666728974974,NA,missing,C._Ronaldo-357,0.8934666728974974
C. Ronaldo,534,2014-03-05,Friendlies (M),Friendlies (M),Home,Portugal,Cameroon,Y*,83,4-1,Guy N'dy Assembé,Miguel Veloso,,Cameroon,Portugal,Home,W 5–1,86,2,1589,national,Other,FALSE,0.8934666728974974,NA,missing,C._Ronaldo-358,0.8934666728974974
C. Ronaldo,533,2014-03-09,La Liga,Matchweek 27,Home,Real Madrid,Levante,Y,10,0-0,Keylor Navas,,,Levante,Real Madrid,Home,W 3–0,90,1,1721.5513916,club,Group,FALSE,0.8265965999487491,NA,missing,C._Ronaldo-359,0.8265965999487491
C. Ronaldo,532,2014-03-15,La Liga,Matchweek 28,Away,Real Madrid,Málaga,Y,22,0-0,Willy Caballero,,,Málaga,Real Madrid,Away,W 1–0,90,1,1721.73876953,club,Group,TRUE,-1.1155058119722916,NA,missing,C._Ronaldo-360,-1.1155058119722916
C. Ronaldo,531,2014-03-18,Champions Lg,Round of 16,Home,Real Madrid,Schalke 04,Y,21,0-0,Ralf Fährmann,,,Schalke 04,Real Madrid,Home,W 3–1,90,2,1816.69238281,club,Knockout,FALSE,1.0370218666139774,NA,missing,C._Ronaldo-361,1.0370218666139774
C. Ronaldo,530,2014-03-18,Champions Lg,Round of 16,Home,Real Madrid,Schalke 04,Y,73,1-1,Ralf Fährmann,,,Schalke 04,Real Madrid,Home,W 3–1,90,2,1816.69238281,club,Knockout,FALSE,1.0370218666139774,NA,missing,C._Ronaldo-362,1.0370218666139774
C. Ronaldo,529,2014-03-23,La Liga,Matchweek 29,Home,Real Madrid,Barcelona,Y,55,2-2,Víctor Valdés,,Penalty kick,Barcelona,Real Madrid,Home,L 3–4,90,1,2030.77770996,club,Group,FALSE,0.954199635796222,NA,missing,C._Ronaldo-363,0.954199635796222
C. Ronaldo,528,2014-03-26,La Liga,Matchweek 30,Away,Real Madrid,Sevilla,Y,14,0-0,Beto,,,Sevilla,Real Madrid,Away,L 1–2,90,1,1799.36437988,club,Group,TRUE,-1.0834734041465086,NA,missing,C._Ronaldo-364,-1.0834734041465086
C. Ronaldo,527,2014-03-29,La Liga,Matchweek 31,Home,Real Madrid,Rayo Vallecano,Y,14,0-0,Rubén,,,Rayo Vallecano,Real Madrid,Home,W 5–0,90,1,1674.30688477,club,Group,FALSE,0.8071010326548743,NA,missing,C._Ronaldo-365,0.8071010326548743
C. Ronaldo,526,2014-04-02,Champions Lg,Quarter-finals,Home,Real Madrid,Dortmund,Y,57,2-0,Roman Weidenfeller,,,Dortmund,Real Madrid,Home,W 3–0,79,1,1884.36376953,club,Knockout,FALSE,1.0649466384486546,NA,missing,C._Ronaldo-366,1.0649466384486546
C. Ronaldo,524,2014-04-26,La Liga,Matchweek 35,Home,Real Madrid,Osasuna,Y,52,1-0,Andrés Fernández,,,Osasuna,Real Madrid,Home,W 4–0,60,2,1683.38818359,club,Group,FALSE,0.8108484539772761,NA,missing,C._Ronaldo-367,0.8108484539772761
C. Ronaldo,525,2014-04-26,La Liga,Matchweek 35,Home,Real Madrid,Osasuna,Y,6,0-0,Andrés Fernández,,,Osasuna,Real Madrid,Home,W 4–0,60,2,1683.38818359,club,Group,FALSE,0.8108484539772761,NA,missing,C._Ronaldo-368,0.8108484539772761
C. Ronaldo,523,2014-04-29,Champions Lg,Semi-finals,Away,Real Madrid,Bayern Munich,Y,34,2-0,Manuel Neuer,,,Bayern Munich,Real Madrid,Away,W 4–0,90,2,2058.03051758,club,Knockout,TRUE,-0.8055690650653483,NA,missing,C._Ronaldo-369,-0.8055690650653483
C. Ronaldo,522,2014-04-29,Champions Lg,Semi-finals,Away,Real Madrid,Bayern Munich,Y,90,3-0,Manuel Neuer,,,Bayern Munich,Real Madrid,Away,W 4–0,90,2,2058.03051758,club,Knockout,TRUE,-0.8055690650653483,NA,missing,C._Ronaldo-370,-0.8055690650653483
C. Ronaldo,521,2014-05-04,La Liga,Matchweek 36,Home,Real Madrid,Valencia,Y,89,1-2,Diego Alves,,,Valencia,Real Madrid,Home,D 2–2,90,1,1801.70715332,club,Group,FALSE,0.8596730812469263,NA,missing,C._Ronaldo-371,0.8596730812469263
C. Ronaldo,520,2014-05-24,Champions Lg,Final,Neutral,Real Madrid,Atlético Madrid,Y,120,3-1,Thibaut Courtois,,Penalty kick,Atlético Madrid,Real Madrid,Neutral,W 4–1,120,1,1985.94873047,club,Final,FALSE,1.8728499534145575,NA,missing,C._Ronaldo-372,1.8728499534145575
C. Ronaldo,519,2014-06-26,World Cup,Group stage,Neutral,Portugal,Ghana,Y,80,1-1,Fatau Dauda,,,Ghana,Portugal,Neutral,W 2–1,90,1,1696,national,Group,FALSE,0.992192709823066,NA,missing,C._Ronaldo-373,0.992192709823066
C. Ronaldo,518,2014-08-12,Super Cup,UEFA Super Cup,Neutral,Real Madrid,Sevilla,Y,30,0-0,Beto,Gareth Bale,,Sevilla,Real Madrid,Neutral,W 2–0,90,2,1845.37963867,club,Other,FALSE,1.175402347763742,NA,missing,C._Ronaldo-374,1.175402347763742
C. Ronaldo,517,2014-08-12,Super Cup,UEFA Super Cup,Neutral,Real Madrid,Sevilla,Y,49,1-0,Beto,Karim Benzema,,Sevilla,Real Madrid,Neutral,W 2–0,90,2,1845.37963867,club,Other,FALSE,1.175402347763742,NA,missing,C._Ronaldo-375,1.175402347763742
C. Ronaldo,516,2014-08-25,La Liga,Matchweek 1,Home,Real Madrid,Córdoba,Y,90,1-0,Juan Carlos,Isco,,Córdoba,Real Madrid,Home,W 2–0,90,1,1605.6427002,club,Group,FALSE,0.7787665802331281,0.022334257140755653,understat,C._Ronaldo-376,0.7787665802331281
C. Ronaldo,515,2014-09-13,La Liga,Matchweek 3,Home,Real Madrid,Atlético Madrid,Y,26,0-1,Miguel Ángel Moyá,,Penalty kick,Atlético Madrid,Real Madrid,Home,L 1–2,90,1,1967.78613281,club,Group,FALSE,0.9282059994208003,0.7432776093482971,understat,C._Ronaldo-377,0.9282059994208003
C. Ronaldo,514,2014-09-16,Champions Lg,Group stage,Home,Real Madrid,Basel,Y,31,2-0,Tomáš Vaclík,Gareth Bale,,Basel,Real Madrid,Home,W 5–1,90,1,1687.50231934,club,Group,FALSE,0.8125461626793452,NA,missing,C._Ronaldo-378,0.8125461626793452
C. Ronaldo,513,2014-09-20,La Liga,Matchweek 4,Away,Real Madrid,Dep. La Coruña,Y,29,0-0,Germán Lux,Álvaro Arbeloa,,Dep. La Coruña,Real Madrid,Away,W 8–2,90,3,1738.783185895233,league_avg,Group,TRUE,-1.1084723897073732,0.03084489144384861,understat,C._Ronaldo-379,-1.1084723897073732
C. Ronaldo,512,2014-09-20,La Liga,Matchweek 4,Away,Real Madrid,Dep. La Coruña,Y,41,2-0,Germán Lux,Karim Benzema,,Dep. La Coruña,Real Madrid,Away,W 8–2,90,3,1738.783185895233,league_avg,Group,TRUE,-1.1084723897073732,0.4613572359085083,understat,C._Ronaldo-380,-1.1084723897073732
C. Ronaldo,511,2014-09-20,La Liga,Matchweek 4,Away,Real Madrid,Dep. La Coruña,Y,78,5-1,Germán Lux,James Rodríguez,,Dep. La Coruña,Real Madrid,Away,W 8–2,90,3,1738.783185895233,league_avg,Group,TRUE,-1.1084723897073732,0.05833505839109421,understat,C._Ronaldo-381,-1.1084723897073732
C. Ronaldo,510,2014-09-23,La Liga,Matchweek 5,Home,Real Madrid,Elche,Y,28,1-1,Manu Herrera,,Penalty kick,Elche,Real Madrid,Home,W 5–1,90,4,1664.7019043,club,Group,FALSE,0.8031375127522737,0.7432776093482971,understat,C._Ronaldo-382,0.8031375127522737
C. Ronaldo,509,2014-09-23,La Liga,Matchweek 5,Home,Real Madrid,Elche,Y,32,2-1,Manu Herrera,Marcelo,,Elche,Real Madrid,Home,W 5–1,90,4,1664.7019043,club,Group,FALSE,0.8031375127522737,0.10987641662359238,understat,C._Ronaldo-383,0.8031375127522737
C. Ronaldo,508,2014-09-23,La Liga,Matchweek 5,Home,Real Madrid,Elche,Y,80,3-1,Manu Herrera,,Penalty kick,Elche,Real Madrid,Home,W 5–1,90,4,1664.7019043,club,Group,FALSE,0.8031375127522737,0.7432776093482971,understat,C._Ronaldo-384,0.8031375127522737
C. Ronaldo,507,2014-09-23,La Liga,Matchweek 5,Home,Real Madrid,Elche,Y,90+2,4-1,Manu Herrera,Gareth Bale,,Elche,Real Madrid,Home,W 5–1,90,4,1664.7019043,club,Group,FALSE,0.8031375127522737,0.5070468187332153,understat,C._Ronaldo-385,0.8031375127522737
C. Ronaldo,506,2014-09-27,La Liga,Matchweek 6,Away,Real Madrid,Villarreal,Y,40,1-0,Sergio Asenjo,Karim Benzema,,Villarreal,Real Madrid,Away,W 2–0,90,1,1788.49560547,club,Group,TRUE,-1.0879584318699338,0.527085542678833,understat,C._Ronaldo-386,-1.0879584318699338
C. Ronaldo,505,2014-10-01,Champions Lg,Group stage,Away,Real Madrid,Ludogorets,Y,25,0-1,Vladislav Stoyanov,,Penalty kick,Ludogorets,Real Madrid,Away,W 2–1,90,1,1812.7101919840484,league_avg,Group,TRUE,-1.0779662204457217,NA,missing,C._Ronaldo-387,-1.0779662204457217
C. Ronaldo,504,2014-10-05,La Liga,Matchweek 7,Home,Real Madrid,Athletic Club,Y,2,0-0,Gorka Iraizoz,Gareth Bale,,Athletic Club,Real Madrid,Home,W 5–0,90,3,1787.4642334,club,Group,FALSE,0.8537957036978118,0.5535728335380554,understat,C._Ronaldo-388,0.8537957036978118
C. Ronaldo,503,2014-10-05,La Liga,Matchweek 7,Home,Real Madrid,Athletic Club,Y,55,2-0,Gorka Iraizoz,Gareth Bale,,Athletic Club,Real Madrid,Home,W 5–0,90,3,1787.4642334,club,Group,FALSE,0.8537957036978118,0.7718080878257751,understat,C._Ronaldo-389,0.8537957036978118
C. Ronaldo,502,2014-10-05,La Liga,Matchweek 7,Home,Real Madrid,Athletic Club,Y,89,4-0,Gorka Iraizoz,Pepe,,Athletic Club,Real Madrid,Home,W 5–0,90,3,1787.4642334,club,Group,FALSE,0.8537957036978118,0.18352936208248138,understat,C._Ronaldo-390,0.8537957036978118
C. Ronaldo,501,2014-10-14,UEFA Euro qual.,Group stage,Away,Portugal,Denmark,Y*,90+5,0-0,Kasper Schmeichel,Ricardo Quaresma,,Denmark,Portugal,Away,W 1–0,90,1,1724,national,Group,TRUE,-1.1145727094011617,NA,missing,C._Ronaldo-391,-1.1145727094011617
C. Ronaldo,500,2014-10-18,La Liga,Matchweek 8,Away,Real Madrid,Levante,Y,13,0-0,Diego Mariño,,Penalty kick,Levante,Real Madrid,Away,W 5–0,90,2,1698.92712402,club,Group,TRUE,-1.1249190961817022,0.7432776093482971,understat,C._Ronaldo-392,-1.1249190961817022
C. Ronaldo,499,2014-10-18,La Liga,Matchweek 8,Away,Real Madrid,Levante,Y,61,2-0,Diego Mariño,Isco,,Levante,Real Madrid,Away,W 5–0,90,2,1698.92712402,club,Group,TRUE,-1.1249190961817022,0.4569319784641266,understat,C._Ronaldo-393,-1.1249190961817022
C. Ronaldo,498,2014-10-22,Champions Lg,Group stage,Away,Real Madrid,Liverpool,Y,23,0-0,Simon Mignolet,James Rodríguez,,Liverpool,Real Madrid,Away,W 3–0,75,1,1853.83874512,club,Group,TRUE,-1.0609944171787964,NA,missing,C._Ronaldo-394,-1.0609944171787964
C. Ronaldo,497,2014-10-25,La Liga,Matchweek 9,Home,Real Madrid,Barcelona,Y,34,0-1,Claudio Bravo,,Penalty kick,Barcelona,Real Madrid,Home,W 3–1,90,1,2020.68469238,club,Group,FALSE,0.9500347261245603,0.7432776093482971,understat,C._Ronaldo-395,0.9500347261245603
C. Ronaldo,496,2014-11-01,La Liga,Matchweek 10,Away,Real Madrid,Granada,Y,2,0-0,Roberto,Karim Benzema,,Granada,Real Madrid,Away,W 4–0,90,1,1657.5682373,club,Group,TRUE,-1.1419859471946865,0.10280819982290268,understat,C._Ronaldo-396,-1.1419859471946865
C. Ronaldo,495,2014-11-08,La Liga,Matchweek 11,Home,Real Madrid,Rayo Vallecano,Y,83,4-1,Cristian Álvarez,Isco,,Rayo Vallecano,Real Madrid,Home,W 5–1,90,1,1677.90441895,club,Group,FALSE,0.8085855643899725,0.10955953598022461,understat,C._Ronaldo-397,0.8085855643899725
C. Ronaldo,494,2014-11-14,UEFA Euro qual.,Group stage,Home,Portugal,Armenia,Y*,72,0-0,Roman Berezovsky,Nani,,Armenia,Portugal,Home,W 1–0,90,1,1548,national,Group,FALSE,0.7549801716926925,NA,missing,C._Ronaldo-398,0.7549801716926925
C. Ronaldo,493,2014-11-22,La Liga,Matchweek 12,Away,Real Madrid,Eibar,Y,44,1-0,Xabi Irureta,Dani Carvajal,,Eibar,Real Madrid,Away,W 4–0,83,2,1637.49609375,club,Group,TRUE,-1.1502687688721236,0.1252886801958084,understat,C._Ronaldo-399,-1.1502687688721236
C. Ronaldo,492,2014-11-22,La Liga,Matchweek 12,Away,Real Madrid,Eibar,Y,82,3-0,Xabi Irureta,,Penalty kick,Eibar,Real Madrid,Away,W 4–0,83,2,1637.49609375,club,Group,TRUE,-1.1502687688721236,0.7432776093482971,understat,C._Ronaldo-400,-1.1502687688721236
C. Ronaldo,491,2014-11-26,Champions Lg,Group stage,Away,Real Madrid,Basel,Y,35,0-0,Tomáš Vaclík,Karim Benzema,,Basel,Real Madrid,Away,W 1–0,90,1,1699.26818848,club,Group,TRUE,-1.1247783550547938,NA,missing,C._Ronaldo-401,-1.1247783550547938
C. Ronaldo,490,2014-12-06,La Liga,Matchweek 14,Home,Real Madrid,Celta Vigo,Y,35,0-0,Sergio Álvarez,,Penalty kick,Celta Vigo,Real Madrid,Home,W 3–0,84,3,1740.25610352,club,Group,FALSE,0.8343151474459444,0.7432776093482971,understat,C._Ronaldo-402,0.8343151474459444
C. Ronaldo,489,2014-12-06,La Liga,Matchweek 14,Home,Real Madrid,Celta Vigo,Y,66,1-0,Sergio Álvarez,,,Celta Vigo,Real Madrid,Home,W 3–0,84,3,1740.25610352,club,Group,FALSE,0.8343151474459444,0.10933263599872589,understat,C._Ronaldo-403,0.8343151474459444
C. Ronaldo,488,2014-12-06,La Liga,Matchweek 14,Home,Real Madrid,Celta Vigo,Y,82,2-0,Sergio Álvarez,Marcelo,,Celta Vigo,Real Madrid,Home,W 3–0,84,3,1740.25610352,club,Group,FALSE,0.8343151474459444,0.5632227063179016,understat,C._Ronaldo-404,0.8343151474459444
C. Ronaldo,487,2014-12-09,Champions Lg,Group stage,Home,Real Madrid,Ludogorets,Y,20,0-0,Vladislav Stoyanov,,Penalty kick,Ludogorets,Real Madrid,Home,W 4–0,90,1,1812.7101919840484,league_avg,Group,FALSE,0.8642135134602192,NA,missing,C._Ronaldo-405,0.8642135134602192
C. Ronaldo,486,2014-12-12,La Liga,Matchweek 15,Away,Real Madrid,Almería,Y,81,2-1,Rubén,Karim Benzema,,Almería,Real Madrid,Away,W 4–1,90,2,1638.45263672,club,Group,TRUE,-1.1498740489545631,0.41598379611968994,understat,C._Ronaldo-406,-1.1498740489545631
C. Ronaldo,485,2014-12-12,La Liga,Matchweek 15,Away,Real Madrid,Almería,Y,85,3-1,Rubén,Dani Carvajal,,Almería,Real Madrid,Away,W 4–1,90,2,1638.45263672,club,Group,TRUE,-1.1498740489545631,0.10939637571573257,understat,C._Ronaldo-407,-1.1498740489545631
C. Ronaldo,484,2015-01-04,La Liga,Matchweek 17,Away,Real Madrid,Valencia,Y,14,0-0,Diego Alves,,Penalty kick,Valencia,Real Madrid,Away,L 1–2,90,1,1823.65661621,club,Group,TRUE,-1.073449150325967,0.7432776093482971,understat,C._Ronaldo-408,-1.073449150325967
C. Ronaldo,483,2015-01-15,Copa del Rey,Round of 16,Home,Real Madrid,Atlético Madrid,Y,54,1-2,Jan Oblak,,,Atlético Madrid,Real Madrid,Home,D 2–2,90,1,1956.19641113,club,Knockout,FALSE,1.094588562815624,NA,missing,C._Ronaldo-409,1.094588562815624
C. Ronaldo,482,2015-01-18,La Liga,Matchweek 19,Away,Real Madrid,Getafe,Y,63,0-0,Jordi Codina,Karim Benzema,,Getafe,Real Madrid,Away,W 3–0,90,2,1671.17138672,club,Group,TRUE,-1.1363725725883957,0.6228441596031189,understat,C._Ronaldo-410,-1.1363725725883957
C. Ronaldo,481,2015-01-18,La Liga,Matchweek 19,Away,Real Madrid,Getafe,Y,79,2-0,Jordi Codina,James Rodríguez,,Getafe,Real Madrid,Away,W 3–0,90,2,1671.17138672,club,Group,TRUE,-1.1363725725883957,0.424625039100647,understat,C._Ronaldo-411,-1.1363725725883957
C. Ronaldo,480,2015-02-18,Champions Lg,Round of 16,Away,Real Madrid,Schalke 04,Y,26,0-0,Timon Wellenreuther,Dani Carvajal,,Schalke 04,Real Madrid,Away,W 2–0,90,1,1778.8013916,club,Knockout,TRUE,-0.9207936823005589,NA,missing,C._Ronaldo-412,-0.9207936823005589
C. Ronaldo,479,2015-02-22,La Liga,Matchweek 24,Away,Real Madrid,Elche,Y,69,1-0,Przemysław Tytoń,Isco,,Elche,Real Madrid,Away,W 2–0,90,1,1658.33984375,club,Group,TRUE,-1.141667541807908,0.08015362918376923,understat,C._Ronaldo-413,-1.141667541807908
C. Ronaldo,478,2015-03-01,La Liga,Matchweek 25,Home,Real Madrid,Villarreal,Y,51,0-0,Sergio Asenjo,,Penalty kick,Villarreal,Real Madrid,Home,D 1–1,90,1,1820.81835938,club,Group,FALSE,0.867559369596819,0.7432776093482971,understat,C._Ronaldo-414,0.867559369596819
C. Ronaldo,477,2015-03-10,Champions Lg,Round of 16,Home,Real Madrid,Schalke 04,Y,25,0-1,Timon Wellenreuther,Toni Kroos,,Schalke 04,Real Madrid,Home,L 3–4,90,2,1768.25952148,club,Knockout,FALSE,1.0170359217782834,NA,missing,C._Ronaldo-415,1.0170359217782834
C. Ronaldo,476,2015-03-10,Champions Lg,Round of 16,Home,Real Madrid,Schalke 04,Y,45,1-2,Timon Wellenreuther,Fábio Coentrão,,Schalke 04,Real Madrid,Home,L 3–4,90,2,1768.25952148,club,Knockout,FALSE,1.0170359217782834,NA,missing,C._Ronaldo-416,1.0170359217782834
C. Ronaldo,475,2015-03-22,La Liga,Matchweek 28,Away,Real Madrid,Barcelona,Y,31,0-1,Claudio Bravo,Karim Benzema,,Barcelona,Real Madrid,Away,L 1–2,90,1,2034.83837891,club,Group,TRUE,-0.9863044526202283,0.4177817702293396,understat,C._Ronaldo-417,-0.9863044526202283
C. Ronaldo,474,2015-04-05,La Liga,Matchweek 29,Home,Real Madrid,Granada,Y,30,1-0,Oier Olazábal,James Rodríguez,,Granada,Real Madrid,Home,W 9–1,90,5,1633.69689941,club,Group,FALSE,0.7903432177148644,0.37444302439689636,understat,C._Ronaldo-418,0.7903432177148644
C. Ronaldo,473,2015-04-05,La Liga,Matchweek 29,Home,Real Madrid,Granada,Y,36,2-0,Oier Olazábal,,,Granada,Real Madrid,Home,W 9–1,90,5,1633.69689941,club,Group,FALSE,0.7903432177148644,0.5814517736434937,understat,C._Ronaldo-419,0.7903432177148644
C. Ronaldo,472,2015-04-05,La Liga,Matchweek 29,Home,Real Madrid,Granada,Y,38,3-0,Oier Olazábal,Gareth Bale,,Granada,Real Madrid,Home,W 9–1,90,5,1633.69689941,club,Group,FALSE,0.7903432177148644,0.03676999360322952,understat,C._Ronaldo-420,0.7903432177148644
C. Ronaldo,471,2015-04-05,La Liga,Matchweek 29,Home,Real Madrid,Granada,Y,54,5-0,Oier Olazábal,,,Granada,Real Madrid,Home,W 9–1,90,5,1633.69689941,club,Group,FALSE,0.7903432177148644,0.7432230114936829,understat,C._Ronaldo-421,0.7903432177148644
C. Ronaldo,470,2015-04-05,La Liga,Matchweek 29,Home,Real Madrid,Granada,Y,89,8-1,Oier Olazábal,Luka Modrić,,Granada,Real Madrid,Home,W 9–1,90,5,1633.69689941,club,Group,FALSE,0.7903432177148644,0.3431352972984314,understat,C._Ronaldo-422,0.7903432177148644
C. Ronaldo,469,2015-04-08,La Liga,Matchweek 30,Away,Real Madrid,Rayo Vallecano,Y,68,0-0,David Cobeño,Dani Carvajal,,Rayo Vallecano,Real Madrid,Away,W 2–0,90,1,1700.33410645,club,Group,TRUE,-1.1243385012620843,0.43280598521232605,understat,C._Ronaldo-423,-1.1243385012620843
C. Ronaldo,468,2015-04-11,La Liga,Matchweek 31,Home,Real Madrid,Eibar,Y,21,0-0,Xabi Irureta,,,Eibar,Real Madrid,Home,W 3–0,90,1,1635.98156738,club,Group,FALSE,0.7912859918306694,0.061804987490177155,understat,C._Ronaldo-424,0.7912859918306694
C. Ronaldo,467,2015-04-18,La Liga,Matchweek 32,Home,Real Madrid,Málaga,Y,90+2,2-1,Carlos Kameni,Javier Hernández,,Málaga,Real Madrid,Home,W 3–1,90,1,1741.94641113,club,Group,FALSE,0.8350126572300272,0.8548758625984192,understat,C._Ronaldo-425,0.8350126572300272
C. Ronaldo,466,2015-05-02,La Liga,Matchweek 35,Away,Real Madrid,Sevilla,Y,36,0-0,Sergio Rico,Isco,,Sevilla,Real Madrid,Away,W 3–2,90,3,1899.47351074,club,Group,TRUE,-1.0421631137367635,0.1185576394200325,understat,C._Ronaldo-426,-1.0421631137367635
C. Ronaldo,465,2015-05-02,La Liga,Matchweek 35,Away,Real Madrid,Sevilla,Y,37,1-0,Sergio Rico,Javier Hernández,,Sevilla,Real Madrid,Away,W 3–2,90,3,1899.47351074,club,Group,TRUE,-1.0421631137367635,0.614860475063324,understat,C._Ronaldo-427,-1.0421631137367635
C. Ronaldo,464,2015-05-02,La Liga,Matchweek 35,Away,Real Madrid,Sevilla,Y,68,2-1,Sergio Rico,Gareth Bale,,Sevilla,Real Madrid,Away,W 3–2,90,3,1899.47351074,club,Group,TRUE,-1.0421631137367635,0.04050677642226219,understat,C._Ronaldo-428,-1.0421631137367635
C. Ronaldo,463,2015-05-05,Champions Lg,Semi-finals,Away,Real Madrid,Juventus,Y,27,0-1,Gianluigi Buffon,James Rodríguez,,Juventus,Real Madrid,Away,L 1–2,90,1,1934.22094727,club,Knockout,TRUE,-0.8566594027905304,NA,missing,C._Ronaldo-429,-0.8566594027905304
C. Ronaldo,462,2015-05-13,Champions Lg,Semi-finals,Home,Real Madrid,Juventus,Y,23,0-0,Gianluigi Buffon,,Penalty kick,Juventus,Real Madrid,Home,D 1–1,90,1,1929.08935547,club,Knockout,FALSE,1.083402766556602,NA,missing,C._Ronaldo-430,1.083402766556602
C. Ronaldo,461,2015-05-17,La Liga,Matchweek 37,Away,Real Madrid,Espanyol,Y,59,0-0,Kiko Casilla,Karim Benzema,,Espanyol,Real Madrid,Away,W 4–1,90,3,1750.51062012,club,Group,TRUE,-1.1036330338022278,0.32484960556030273,understat,C._Ronaldo-431,-1.1036330338022278
C. Ronaldo,460,2015-05-17,La Liga,Matchweek 37,Away,Real Madrid,Espanyol,Y,83,2-1,Kiko Casilla,,,Espanyol,Real Madrid,Away,W 4–1,90,3,1750.51062012,club,Group,TRUE,-1.1036330338022278,0.40027669072151184,understat,C._Ronaldo-432,-1.1036330338022278
C. Ronaldo,459,2015-05-17,La Liga,Matchweek 37,Away,Real Madrid,Espanyol,Y,90+1,3-1,Kiko Casilla,James Rodríguez,,Espanyol,Real Madrid,Away,W 4–1,90,3,1750.51062012,club,Group,TRUE,-1.1036330338022278,0.5197317004203796,understat,C._Ronaldo-433,-1.1036330338022278
C. Ronaldo,458,2015-05-23,La Liga,Matchweek 38,Home,Real Madrid,Getafe,Y,13,0-0,Jordi Codina,Marcelo,,Getafe,Real Madrid,Home,W 7–3,57,3,1654.17602539,club,Group,FALSE,0.798793981739124,0.2221916913986206,understat,C._Ronaldo-434,0.798793981739124
C. Ronaldo,457,2015-05-23,La Liga,Matchweek 38,Home,Real Madrid,Getafe,Y,32,1-2,Jordi Codina,,,Getafe,Real Madrid,Home,W 7–3,57,3,1654.17602539,club,Group,FALSE,0.798793981739124,0.04226948693394661,understat,C._Ronaldo-435,0.798793981739124
C. Ronaldo,456,2015-05-23,La Liga,Matchweek 38,Home,Real Madrid,Getafe,Y,34,2-2,Jordi Codina,,Penalty kick,Getafe,Real Madrid,Home,W 7–3,57,3,1654.17602539,club,Group,FALSE,0.798793981739124,0.7430212497711182,understat,C._Ronaldo-436,0.798793981739124
C. Ronaldo,455,2015-06-13,UEFA Euro qual.,Group stage,Away,Portugal,Armenia,Y*,29,0-1,Roman Berezovsky,,Penalty kick,Armenia,Portugal,Away,W 3–2,90,3,1527,national,Group,TRUE,-1.195865266241963,NA,missing,C._Ronaldo-437,-1.195865266241963
C. Ronaldo,454,2015-06-13,UEFA Euro qual.,Group stage,Away,Portugal,Armenia,Y*,55,1-1,Roman Berezovsky,Bruno Alves,,Armenia,Portugal,Away,W 3–2,90,3,1527,national,Group,TRUE,-1.195865266241963,NA,missing,C._Ronaldo-438,-1.195865266241963
C. Ronaldo,453,2015-06-13,UEFA Euro qual.,Group stage,Away,Portugal,Armenia,Y*,58,2-1,Roman Berezovsky,Rui Patrício,,Armenia,Portugal,Away,W 3–2,90,3,1527,national,Group,TRUE,-1.195865266241963,NA,missing,C._Ronaldo-439,-1.195865266241963
C. Ronaldo,451,2015-09-12,La Liga,Matchweek 3,Away,Real Madrid,Espanyol,Y,17,1-0,Pau López,,Penalty kick,Espanyol,Real Madrid,Away,W 6–0,90,5,1740.94580078,club,Group,TRUE,-1.1075799811112073,0.3139275014400482,understat,C._Ronaldo-440,-1.1075799811112073
C. Ronaldo,450,2015-09-12,La Liga,Matchweek 3,Away,Real Madrid,Espanyol,Y,20,2-0,Pau López,Gareth Bale,,Espanyol,Real Madrid,Away,W 6–0,90,5,1740.94580078,club,Group,TRUE,-1.1075799811112073,0.7432776093482971,understat,C._Ronaldo-441,-1.1075799811112073
C. Ronaldo,449,2015-09-12,La Liga,Matchweek 3,Away,Real Madrid,Espanyol,Y,61,4-0,Pau López,,,Espanyol,Real Madrid,Away,W 6–0,90,5,1740.94580078,club,Group,TRUE,-1.1075799811112073,0.5482680201530457,understat,C._Ronaldo-442,-1.1075799811112073
C. Ronaldo,452,2015-09-12,La Liga,Matchweek 3,Away,Real Madrid,Espanyol,Y,7,0-0,Pau López,Luka Modrić,,Espanyol,Real Madrid,Away,W 6–0,90,5,1740.94580078,club,Group,TRUE,-1.1075799811112073,0.6504467725753784,understat,C._Ronaldo-443,-1.1075799811112073
C. Ronaldo,448,2015-09-12,La Liga,Matchweek 3,Away,Real Madrid,Espanyol,Y,81,5-0,Pau López,Lucas Vázquez,,Espanyol,Real Madrid,Away,W 6–0,90,5,1740.94580078,club,Group,TRUE,-1.1075799811112073,0.48939037322998047,understat,C._Ronaldo-444,-1.1075799811112073
C. Ronaldo,447,2015-09-15,Champions Lg,Group stage,Home,Real Madrid,Shakhtar D.,Y,55,1-0,Andriy Pyatov,,Penalty kick,Shakhtar D.,Real Madrid,Home,W 4–0,90,3,1812.7101919840484,league_avg,Group,FALSE,0.8642135134602192,NA,missing,C._Ronaldo-445,0.8642135134602192
C. Ronaldo,446,2015-09-15,Champions Lg,Group stage,Home,Real Madrid,Shakhtar D.,Y,63,2-0,Andriy Pyatov,,Penalty kick,Shakhtar D.,Real Madrid,Home,W 4–0,90,3,1812.7101919840484,league_avg,Group,FALSE,0.8642135134602192,NA,missing,C._Ronaldo-446,0.8642135134602192
C. Ronaldo,445,2015-09-15,Champions Lg,Group stage,Home,Real Madrid,Shakhtar D.,Y,81,3-0,Andriy Pyatov,,,Shakhtar D.,Real Madrid,Home,W 4–0,90,3,1812.7101919840484,league_avg,Group,FALSE,0.8642135134602192,NA,missing,C._Ronaldo-447,0.8642135134602192
C. Ronaldo,444,2015-09-30,Champions Lg,Group stage,Away,Real Madrid,Malmö,Y*,29,0-0,Johan Wiland,Isco,,Malmö,Real Madrid,Away,W 2–0,90,2,1812.7101919840484,league_avg,Group,TRUE,-1.0779662204457217,NA,missing,C._Ronaldo-448,-1.0779662204457217
C. Ronaldo,443,2015-09-30,Champions Lg,Group stage,Away,Real Madrid,Malmö,Y*,90,1-0,Johan Wiland,Lucas Vázquez,,Malmö,Real Madrid,Away,W 2–0,90,2,1812.7101919840484,league_avg,Group,TRUE,-1.0779662204457217,NA,missing,C._Ronaldo-449,-1.0779662204457217
C. Ronaldo,442,2015-10-17,La Liga,Matchweek 8,Home,Real Madrid,Levante,Y,30,1-0,Rubén,Toni Kroos,,Levante,Real Madrid,Home,W 3–0,90,1,1667.74365234,club,Group,FALSE,0.8043926979067768,0.042896952480077744,understat,C._Ronaldo-450,0.8043926979067768
C. Ronaldo,441,2015-10-24,La Liga,Matchweek 9,Away,Real Madrid,Celta Vigo,Y,8,0-0,Sergio Álvarez,Lucas Vázquez,,Celta Vigo,Real Madrid,Away,W 3–1,90,1,1812.01989746,club,Group,TRUE,-1.0782510722570573,0.10359644144773483,understat,C._Ronaldo-451,-1.0782510722570573
C. Ronaldo,440,2015-10-31,La Liga,Matchweek 10,Home,Real Madrid,Las Palmas,Y,14,1-0,Javi Varas,Marcelo,,Las Palmas,Real Madrid,Home,W 3–1,90,1,1641.01794434,club,Group,FALSE,0.7933642657407837,0.3804363012313843,understat,C._Ronaldo-452,0.7933642657407837
C. Ronaldo,439,2015-11-25,Champions Lg,Group stage,Away,Real Madrid,Shakhtar D.,Y,18,0-0,Andriy Pyatov,Gareth Bale,,Shakhtar D.,Real Madrid,Away,W 4–3,90,2,1812.7101919840484,league_avg,Group,TRUE,-1.0779662204457217,NA,missing,C._Ronaldo-453,-1.0779662204457217
C. Ronaldo,438,2015-11-25,Champions Lg,Group stage,Away,Real Madrid,Shakhtar D.,Y,70,3-0,Andriy Pyatov,,,Shakhtar D.,Real Madrid,Away,W 4–3,90,2,1812.7101919840484,league_avg,Group,TRUE,-1.0779662204457217,NA,missing,C._Ronaldo-454,-1.0779662204457217
C. Ronaldo,437,2015-11-29,La Liga,Matchweek 13,Away,Real Madrid,Eibar,Y,82,1-0,Asier Riesgo,,Penalty kick,Eibar,Real Madrid,Away,W 2–0,90,1,1678.63708496,club,Group,TRUE,-1.1332918330019417,0.7432776093482971,understat,C._Ronaldo-455,-1.1332918330019417
C. Ronaldo,436,2015-12-05,La Liga,Matchweek 14,Home,Real Madrid,Getafe,Y,38,3-0,Vicente Guaita,Toni Kroos,,Getafe,Real Madrid,Home,W 4–1,90,1,1654.33947754,club,Group,FALSE,0.7988614306893499,0.26276105642318726,understat,C._Ronaldo-456,0.7988614306893499
C. Ronaldo,435,2015-12-08,Champions Lg,Group stage,Home,Real Madrid,Malmö,Y,39,2-0,Johan Wiland,,,Malmö,Real Madrid,Home,W 8–0,90,4,1812.7101919840484,league_avg,Group,FALSE,0.8642135134602192,NA,missing,C._Ronaldo-457,0.8642135134602192
C. Ronaldo,434,2015-12-08,Champions Lg,Group stage,Home,Real Madrid,Malmö,Y,47,3-0,Johan Wiland,,,Malmö,Real Madrid,Home,W 8–0,90,4,1812.7101919840484,league_avg,Group,FALSE,0.8642135134602192,NA,missing,C._Ronaldo-458,0.8642135134602192
C. Ronaldo,433,2015-12-08,Champions Lg,Group stage,Home,Real Madrid,Malmö,Y,50,4-0,Johan Wiland,Danilo,,Malmö,Real Madrid,Home,W 8–0,90,4,1812.7101919840484,league_avg,Group,FALSE,0.8642135134602192,NA,missing,C._Ronaldo-459,0.8642135134602192
C. Ronaldo,432,2015-12-08,Champions Lg,Group stage,Home,Real Madrid,Malmö,Y,58,5-0,Johan Wiland,Isco,,Malmö,Real Madrid,Home,W 8–0,90,4,1812.7101919840484,league_avg,Group,FALSE,0.8642135134602192,NA,missing,C._Ronaldo-460,0.8642135134602192
C. Ronaldo,431,2015-12-20,La Liga,Matchweek 16,Home,Real Madrid,Rayo Vallecano,Y,30,2-2,Yoel,,Penalty kick,Rayo Vallecano,Real Madrid,Home,W 10–2,90,2,1648.17980957,club,Group,FALSE,0.7963196278539609,0.7432776093482971,understat,C._Ronaldo-461,0.7963196278539609
C. Ronaldo,430,2015-12-20,La Liga,Matchweek 16,Home,Real Madrid,Rayo Vallecano,Y,53,5-2,Yoel,James Rodríguez,,Rayo Vallecano,Real Madrid,Home,W 10–2,90,2,1648.17980957,club,Group,FALSE,0.7963196278539609,0.4019179046154022,understat,C._Ronaldo-462,0.7963196278539609
C. Ronaldo,429,2015-12-30,La Liga,Matchweek 17,Home,Real Madrid,Real Sociedad,Y,42,0-0,Gerónimo Rulli,,Penalty kick,Real Sociedad,Real Madrid,Home,W 3–1,90,2,1704.95458984,club,Group,FALSE,0.8197478870023012,0.7432776093482971,understat,C._Ronaldo-463,0.8197478870023012
C. Ronaldo,428,2015-12-30,La Liga,Matchweek 17,Home,Real Madrid,Real Sociedad,Y,67,1-1,Gerónimo Rulli,Marcelo,,Real Sociedad,Real Madrid,Home,W 3–1,90,2,1704.95458984,club,Group,FALSE,0.8197478870023012,0.04183433577418327,understat,C._Ronaldo-464,0.8197478870023012
C. Ronaldo,426,2016-01-17,La Liga,Matchweek 20,Home,Real Madrid,Sporting Gijón,Y,18,3-0,Iván Cuéllar,Dani Carvajal,,Sporting Gijón,Real Madrid,Home,W 5–1,90,2,1738.783185895233,league_avg,Group,FALSE,0.8337073441985677,0.08431115746498108,understat,C._Ronaldo-465,0.8337073441985677
C. Ronaldo,427,2016-01-17,La Liga,Matchweek 20,Home,Real Madrid,Sporting Gijón,Y,9,1-0,Iván Cuéllar,Karim Benzema,,Sporting Gijón,Real Madrid,Home,W 5–1,90,2,1738.783185895233,league_avg,Group,FALSE,0.8337073441985677,0.45348212122917175,understat,C._Ronaldo-466,0.8337073441985677
C. Ronaldo,425,2016-01-31,La Liga,Matchweek 22,Home,Real Madrid,Espanyol,Y,12,1-0,Giedrius Arlauskis,,Penalty kick,Espanyol,Real Madrid,Home,W 6–0,90,3,1686.0123291,club,Group,FALSE,0.8119313143733685,0.7432776093482971,understat,C._Ronaldo-467,0.8119313143733685
C. Ronaldo,424,2016-01-31,La Liga,Matchweek 22,Home,Real Madrid,Espanyol,Y,45,3-0,Giedrius Arlauskis,,,Espanyol,Real Madrid,Home,W 6–0,90,3,1686.0123291,club,Group,FALSE,0.8119313143733685,0.13148841261863708,understat,C._Ronaldo-468,0.8119313143733685
C. Ronaldo,423,2016-01-31,La Liga,Matchweek 22,Home,Real Madrid,Espanyol,Y,82,4-0,Giedrius Arlauskis,Jesé,,Espanyol,Real Madrid,Home,W 6–0,90,3,1686.0123291,club,Group,FALSE,0.8119313143733685,0.6259670257568359,understat,C._Ronaldo-469,0.8119313143733685
C. Ronaldo,422,2016-02-13,La Liga,Matchweek 24,Home,Real Madrid,Athletic Club,Y,3,0-0,Gorka Iraizoz,Karim Benzema,,Athletic Club,Real Madrid,Home,W 4–2,90,2,1789.51123047,club,Group,FALSE,0.8546404023052531,0.29392847418785095,understat,C._Ronaldo-470,0.8546404023052531
C. Ronaldo,421,2016-02-13,La Liga,Matchweek 24,Home,Real Madrid,Athletic Club,Y,87,3-1,Gorka Iraizoz,Lucas Vázquez,,Athletic Club,Real Madrid,Home,W 4–2,90,2,1789.51123047,club,Group,FALSE,0.8546404023052531,0.44560933113098145,understat,C._Ronaldo-471,0.8546404023052531
C. Ronaldo,420,2016-02-17,Champions Lg,Round of 16,Away,Real Madrid,Roma,Y,57,0-0,Wojciech Szczęsny,Marcelo,,Roma,Real Madrid,Away,W 2–0,89,1,1768.95629883,club,Knockout,TRUE,-0.9248562851615141,NA,missing,C._Ronaldo-472,-0.9248562851615141
C. Ronaldo,419,2016-02-21,La Liga,Matchweek 25,Away,Real Madrid,Málaga,Y,33,0-0,Carlos Kameni,Toni Kroos,,Málaga,Real Madrid,Away,D 1–1,90,1,1736.06201172,club,Group,TRUE,-1.1095952892318088,0.06527096778154373,understat,C._Ronaldo-473,-1.1095952892318088
C. Ronaldo,418,2016-03-02,La Liga,Matchweek 27,Away,Real Madrid,Levante,Y,34,0-0,Diego Mariño,,Penalty kick,Levante,Real Madrid,Away,W 3–1,90,1,1637.22729492,club,Group,TRUE,-1.1503796894008878,NA,missing,C._Ronaldo-474,-1.1503796894008878
C. Ronaldo,417,2016-03-05,La Liga,Matchweek 28,Home,Real Madrid,Celta Vigo,Y,50,1-0,Rubén Blanco,Sergio Ramos,,Celta Vigo,Real Madrid,Home,W 7–1,90,4,1759.2746582,club,Group,FALSE,0.8421632029655068,0.026300134137272835,understat,C._Ronaldo-475,0.8421632029655068
C. Ronaldo,416,2016-03-05,La Liga,Matchweek 28,Home,Real Madrid,Celta Vigo,Y,58,2-0,Rubén Blanco,,,Celta Vigo,Real Madrid,Home,W 7–1,90,4,1759.2746582,club,Group,FALSE,0.8421632029655068,0.08570767939090729,understat,C._Ronaldo-476,0.8421632029655068
C. Ronaldo,415,2016-03-05,La Liga,Matchweek 28,Home,Real Madrid,Celta Vigo,Y,64,3-1,Rubén Blanco,Isco,,Celta Vigo,Real Madrid,Home,W 7–1,90,4,1759.2746582,club,Group,FALSE,0.8421632029655068,0.802473247051239,understat,C._Ronaldo-477,0.8421632029655068
C. Ronaldo,414,2016-03-05,La Liga,Matchweek 28,Home,Real Madrid,Celta Vigo,Y,76,4-1,Rubén Blanco,Jesé,,Celta Vigo,Real Madrid,Home,W 7–1,90,4,1759.2746582,club,Group,FALSE,0.8421632029655068,0.4436194598674774,understat,C._Ronaldo-478,0.8421632029655068
C. Ronaldo,413,2016-03-08,Champions Lg,Round of 16,Home,Real Madrid,Roma,Y,64,0-0,Wojciech Szczęsny,Lucas Vázquez,,Roma,Real Madrid,Home,W 2–0,90,1,1781.60314941,club,Knockout,FALSE,1.0225422041740302,NA,missing,C._Ronaldo-479,1.0225422041740302
C. Ronaldo,412,2016-03-20,La Liga,Matchweek 30,Home,Real Madrid,Sevilla,Y,64,1-0,Sergio Rico,Danilo,,Sevilla,Real Madrid,Home,W 4–0,90,1,1876.03869629,club,Group,FALSE,0.8903461836933894,0.6139206290245056,understat,C._Ronaldo-480,0.8903461836933894
C. Ronaldo,411,2016-03-29,Friendlies (M),Friendlies (M),Home,Portugal,Belgium,Y*,40,1-0,Thibaut Courtois,João Mário,,Belgium,Portugal,Home,W 2–1,59,1,1919,national,Other,FALSE,1.0296420219201605,NA,missing,C._Ronaldo-481,1.0296420219201605
C. Ronaldo,410,2016-04-02,La Liga,Matchweek 31,Away,Real Madrid,Barcelona,Y,85,1-1,Claudio Bravo,Gareth Bale,,Barcelona,Real Madrid,Away,W 2–1,90,1,2093.83203125,club,Group,TRUE,-0.9619605702034979,0.2639451324939728,understat,C._Ronaldo-482,-0.9619605702034979
C. Ronaldo,409,2016-04-09,La Liga,Matchweek 32,Home,Real Madrid,Eibar,Y,19,2-0,Asier Riesgo,Jesé,,Eibar,Real Madrid,Home,W 4–0,90,1,1678.45593262,club,Group,FALSE,0.8088131479248303,0.5236857533454895,understat,C._Ronaldo-483,0.8088131479248303
C. Ronaldo,408,2016-04-12,Champions Lg,Quarter-finals,Home,Real Madrid,Wolfsburg,Y,15,0-0,Diego Benaglio,Dani Carvajal,,Wolfsburg,Real Madrid,Home,W 3–0,90,3,1771.79602051,club,Knockout,FALSE,1.0184952672017034,NA,missing,C._Ronaldo-484,1.0184952672017034
C. Ronaldo,407,2016-04-12,Champions Lg,Quarter-finals,Home,Real Madrid,Wolfsburg,Y,17,1-0,Diego Benaglio,Toni Kroos,,Wolfsburg,Real Madrid,Home,W 3–0,90,3,1771.79602051,club,Knockout,FALSE,1.0184952672017034,NA,missing,C._Ronaldo-485,1.0184952672017034
C. Ronaldo,406,2016-04-12,Champions Lg,Quarter-finals,Home,Real Madrid,Wolfsburg,Y,77,2-0,Diego Benaglio,,,Wolfsburg,Real Madrid,Home,W 3–0,90,3,1771.79602051,club,Knockout,FALSE,1.0184952672017034,NA,missing,C._Ronaldo-486,1.0184952672017034
C. Ronaldo,405,2016-04-16,La Liga,Matchweek 33,Away,Real Madrid,Getafe,Y,90+2,4-1,Vicente Guaita,Jesé,,Getafe,Real Madrid,Away,W 5–1,90,1,1631.57775879,club,Group,TRUE,-1.1527109850200357,0.3698539435863495,understat,C._Ronaldo-487,-1.1527109850200357
C. Ronaldo,404,2016-05-08,La Liga,Matchweek 37,Home,Real Madrid,Valencia,Y,26,0-0,Diego Alves,Marcelo,,Valencia,Real Madrid,Home,W 3–2,78,2,1770.74572754,club,Group,FALSE,0.8468967692413785,0.05588861554861069,understat,C._Ronaldo-488,0.8468967692413785
C. Ronaldo,403,2016-05-08,La Liga,Matchweek 37,Home,Real Madrid,Valencia,Y,59,2-1,Diego Alves,James Rodríguez,,Valencia,Real Madrid,Home,W 3–2,78,2,1770.74572754,club,Group,FALSE,0.8468967692413785,0.06879973411560059,understat,C._Ronaldo-489,0.8468967692413785
C. Ronaldo,401,2016-05-14,La Liga,Matchweek 38,Away,Real Madrid,Dep. La Coruña,Y,25,1-0,Stipe Pletikosa,Toni Kroos,,Dep. La Coruña,Real Madrid,Away,W 2–0,45,2,1738.783185895233,league_avg,Group,TRUE,-1.1084723897073732,0.4356309771537781,understat,C._Ronaldo-490,-1.1084723897073732
C. Ronaldo,402,2016-05-14,La Liga,Matchweek 38,Away,Real Madrid,Dep. La Coruña,Y,7,0-0,Stipe Pletikosa,Karim Benzema,,Dep. La Coruña,Real Madrid,Away,W 2–0,45,2,1738.783185895233,league_avg,Group,TRUE,-1.1084723897073732,0.11020640283823013,understat,C._Ronaldo-491,-1.1084723897073732
C. Ronaldo,400,2016-06-08,Friendlies (M),Friendlies (M),Home,Portugal,Estonia,Y*,36,0-0,Pavel Londak,Ricardo Quaresma,,Estonia,Portugal,Home,W 7–0,45,2,1467,national,Other,FALSE,0.8431230590163925,NA,missing,C._Ronaldo-492,0.8431230590163925
C. Ronaldo,399,2016-06-08,Friendlies (M),Friendlies (M),Home,Portugal,Estonia,Y*,45,2-0,Pavel Londak,João Mário,,Estonia,Portugal,Home,W 7–0,45,2,1467,national,Other,FALSE,0.8431230590163925,NA,missing,C._Ronaldo-493,0.8431230590163925
C. Ronaldo,398,2016-06-22,UEFA Euro,Group stage,Neutral,Portugal,Hungary,Y*,50,1-2,Gábor Király,João Mário,,Hungary,Portugal,Neutral,D 3–3,90,2,1748,national,Group,FALSE,1.0136506436084551,NA,missing,C._Ronaldo-494,1.0136506436084551
C. Ronaldo,397,2016-06-22,UEFA Euro,Group stage,Neutral,Portugal,Hungary,Y*,62,2-3,Gábor Király,Ricardo Quaresma,,Hungary,Portugal,Neutral,D 3–3,90,2,1748,national,Group,FALSE,1.0136506436084551,NA,missing,C._Ronaldo-495,1.0136506436084551
C. Ronaldo,396,2016-07-06,UEFA Euro,Semi-finals,Neutral,Portugal,Wales,Y*,50,0-0,Wayne Hennessey,Raphaël Guerreiro,,Wales,Portugal,Neutral,W 2–0,90,1,1778,national,Knockout,FALSE,1.1971953126563981,NA,missing,C._Ronaldo-496,1.1971953126563981
C. Ronaldo,395,2016-09-10,La Liga,Matchweek 3,Home,Real Madrid,Osasuna,Y,6,0-0,Nauzet Pérez,Gareth Bale,,Osasuna,Real Madrid,Home,W 5–2,65,1,1621.94567871,club,Group,FALSE,0.7854940462595164,0.616633951663971,understat,C._Ronaldo-497,0.7854940462595164
C. Ronaldo,394,2016-09-14,Champions Lg,Group stage,Home,Real Madrid,Sporting CP,Y,89,0-1,Rui Patrício,,,Sporting CP,Real Madrid,Home,W 2–1,90,1,1767.93347168,club,Group,FALSE,0.8457362846253892,NA,missing,C._Ronaldo-498,0.8457362846253892
C. Ronaldo,393,2016-09-27,Champions Lg,Group stage,Away,Real Madrid,Dortmund,Y,17,0-0,Roman Bürki,Gareth Bale,,Dortmund,Real Madrid,Away,D 2–2,90,1,1876.03222656,club,Group,TRUE,-1.0518362199632814,NA,missing,C._Ronaldo-499,-1.0518362199632814
C. Ronaldo,392,2016-10-07,WCQ,First round,Home,Portugal,Andorra,Y*,2,0-0,Josep Gómes,,,Andorra,Portugal,Home,W 6–0,90,4,957,national,Other,FALSE,0.6326702468904589,NA,missing,C._Ronaldo-500,0.6326702468904589
C. Ronaldo,391,2016-10-07,WCQ,First round,Home,Portugal,Andorra,Y*,4,1-0,Josep Gómes,Ricardo Quaresma,,Andorra,Portugal,Home,W 6–0,90,4,957,national,Other,FALSE,0.6326702468904589,NA,missing,C._Ronaldo-501,0.6326702468904589
C. Ronaldo,390,2016-10-07,WCQ,First round,Home,Portugal,Andorra,Y*,47,3-0,Josep Gómes,André Gomes,,Andorra,Portugal,Home,W 6–0,90,4,957,national,Other,FALSE,0.6326702468904589,NA,missing,C._Ronaldo-502,0.6326702468904589
C. Ronaldo,389,2016-10-07,WCQ,First round,Home,Portugal,Andorra,Y*,68,4-0,Josep Gómes,José Fonte,,Andorra,Portugal,Home,W 6–0,90,4,957,national,Other,FALSE,0.6326702468904589,NA,missing,C._Ronaldo-503,0.6326702468904589
C. Ronaldo,388,2016-10-10,WCQ,First round,Away,Portugal,Faroe Islands,Y*,65,3-0,Gunnar Nielsen,João Mário,,Faroe Islands,Portugal,Away,W 6–0,90,1,1296,national,Other,TRUE,-1.1696202648376555,NA,missing,C._Ronaldo-504,-1.1696202648376555
C. Ronaldo,387,2016-10-15,La Liga,Matchweek 8,Away,Real Madrid,Real Betis,Y,78,5-1,Antonio Adán,Álvaro Morata,,Real Betis,Real Madrid,Away,W 6–1,90,1,1709.05358887,club,Group,TRUE,-1.120740384408022,0.09474749863147736,understat,C._Ronaldo-505,-1.120740384408022
C. Ronaldo,386,2016-10-29,La Liga,Matchweek 10,Away,Real Madrid,Alavés,Y,17,0-1,Fernando Pacheco,,Penalty kick,Alavés,Real Madrid,Away,W 4–1,90,3,1636.82092285,club,Group,TRUE,-1.1505473798810852,0.7432776093482971,understat,C._Ronaldo-506,-1.1505473798810852
C. Ronaldo,385,2016-10-29,La Liga,Matchweek 10,Away,Real Madrid,Alavés,Y,33,1-1,Fernando Pacheco,Karim Benzema,,Alavés,Real Madrid,Away,W 4–1,90,3,1636.82092285,club,Group,TRUE,-1.1505473798810852,0.02140609547495842,understat,C._Ronaldo-507,-1.1505473798810852
C. Ronaldo,384,2016-10-29,La Liga,Matchweek 10,Away,Real Madrid,Alavés,Y,88,3-1,Fernando Pacheco,Marcelo,,Alavés,Real Madrid,Away,W 4–1,90,3,1636.82092285,club,Group,TRUE,-1.1505473798810852,0.5544741153717041,understat,C._Ronaldo-508,-1.1505473798810852
C. Ronaldo,383,2016-11-13,WCQ,First round,Home,Portugal,Latvia,Y*,28,0-0,Andris Vaņins,,Penalty kick,Latvia,Portugal,Home,W 4–1,90,2,1415,national,Other,FALSE,0.8216651252310028,NA,missing,C._Ronaldo-509,0.8216651252310028
C. Ronaldo,382,2016-11-13,WCQ,First round,Home,Portugal,Latvia,Y*,85,2-1,Andris Vaņins,Ricardo Quaresma,,Latvia,Portugal,Home,W 4–1,90,2,1415,national,Other,FALSE,0.8216651252310028,NA,missing,C._Ronaldo-510,0.8216651252310028
C. Ronaldo,381,2016-11-19,La Liga,Matchweek 12,Away,Real Madrid,Atlético Madrid,Y,23,0-0,Jan Oblak,,,Atlético Madrid,Real Madrid,Away,W 3–0,82,3,1980.91003418,club,Group,TRUE,-1.0085581228196898,0.058116424828767776,understat,C._Ronaldo-511,-1.0085581228196898
C. Ronaldo,380,2016-11-19,La Liga,Matchweek 12,Away,Real Madrid,Atlético Madrid,Y,71,1-0,Jan Oblak,,Penalty kick,Atlético Madrid,Real Madrid,Away,W 3–0,82,3,1980.91003418,club,Group,TRUE,-1.0085581228196898,0.7432776093482971,understat,C._Ronaldo-512,-1.0085581228196898
C. Ronaldo,379,2016-11-19,La Liga,Matchweek 12,Away,Real Madrid,Atlético Madrid,Y,77,2-0,Jan Oblak,Gareth Bale,,Atlético Madrid,Real Madrid,Away,W 3–0,82,3,1980.91003418,club,Group,TRUE,-1.0085581228196898,0.5345612168312073,understat,C._Ronaldo-513,-1.0085581228196898
C. Ronaldo,377,2016-11-26,La Liga,Matchweek 13,Home,Real Madrid,Sporting Gijón,Y,18,1-0,Diego Mariño,Nacho,,Sporting Gijón,Real Madrid,Home,W 2–1,90,2,1738.783185895233,league_avg,Group,FALSE,0.8337073441985677,0.7432776093482971,understat,C._Ronaldo-514,0.8337073441985677
C. Ronaldo,378,2016-11-26,La Liga,Matchweek 13,Home,Real Madrid,Sporting Gijón,Y,5,0-0,Diego Mariño,,Penalty kick,Sporting Gijón,Real Madrid,Home,W 2–1,90,2,1738.783185895233,league_avg,Group,FALSE,0.8337073441985677,0.2918063998222351,understat,C._Ronaldo-515,0.8337073441985677
C. Ronaldo,376,2017-01-07,La Liga,Matchweek 17,Home,Real Madrid,Granada,Y,27,2-0,Guillermo Ochoa,Marcelo,,Granada,Real Madrid,Home,W 5–0,90,1,1621.41943359,club,Group,FALSE,0.785276889856827,0.8466255068778992,understat,C._Ronaldo-516,0.785276889856827
C. Ronaldo,375,2017-01-15,La Liga,Matchweek 18,Away,Real Madrid,Sevilla,Y,67,0-0,Sergio Rico,,Penalty kick,Sevilla,Real Madrid,Away,L 1–2,90,1,1850.85205078,club,Group,TRUE,-1.0622268842823523,0.7431496977806091,understat,C._Ronaldo-517,-1.0622268842823523
C. Ronaldo,374,2017-01-25,Copa del Rey,Quarter-finals,Away,Real Madrid,Celta Vigo,Y,62,0-1,Sergio Álvarez,,,Celta Vigo,Real Madrid,Away,D 2–2,90,1,1733.95654297,club,Knockout,TRUE,-0.9392990244643733,NA,missing,C._Ronaldo-518,-0.9392990244643733
C. Ronaldo,373,2017-01-29,La Liga,Matchweek 20,Home,Real Madrid,Real Sociedad,Y,51,1-0,Gerónimo Rulli,Mateo Kovačić,,Real Sociedad,Real Madrid,Home,W 3–0,90,1,1774.15222168,club,Group,FALSE,0.848302467812464,0.2714274823665619,understat,C._Ronaldo-519,0.848302467812464
C. Ronaldo,372,2017-02-11,La Liga,Matchweek 22,Away,Real Madrid,Osasuna,Y,24,0-0,Salvatore Sirigu,Karim Benzema,,Osasuna,Real Madrid,Away,W 3–1,90,1,1565.55957031,club,Group,TRUE,-1.1799535603476357,0.05239640176296234,understat,C._Ronaldo-520,-1.1799535603476357
C. Ronaldo,371,2017-02-22,La Liga,Matchweek 16,Away,Real Madrid,Valencia,Y,44,0-2,Diego Alves,Marcelo,,Valencia,Real Madrid,Away,L 1–2,90,1,1684.60205078,club,Group,TRUE,-1.1308303745096788,0.11351890861988068,understat,C._Ronaldo-521,-1.1308303745096788
C. Ronaldo,370,2017-02-26,La Liga,Matchweek 24,Away,Real Madrid,Villarreal,Y,74,1-2,Andrés Fernández,,Penalty kick,Villarreal,Real Madrid,Away,W 3–2,90,1,1751.2722168,club,Group,TRUE,-1.103318758972793,0.7432776093482971,understat,C._Ronaldo-522,-1.103318758972793
C. Ronaldo,369,2017-03-01,La Liga,Matchweek 25,Home,Real Madrid,Las Palmas,Y,86,1-3,Javi Varas,,Penalty kick,Las Palmas,Real Madrid,Home,D 3–3,90,2,1665.13769531,club,Group,FALSE,0.8033173430337519,0.7432776093482971,understat,C._Ronaldo-523,0.8033173430337519
C. Ronaldo,368,2017-03-01,La Liga,Matchweek 25,Home,Real Madrid,Las Palmas,Y,89,2-3,Javi Varas,James Rodríguez,,Las Palmas,Real Madrid,Home,D 3–3,90,2,1665.13769531,club,Group,FALSE,0.8033173430337519,0.12818874418735504,understat,C._Ronaldo-524,0.8033173430337519
C. Ronaldo,367,2017-03-12,La Liga,Matchweek 27,Home,Real Madrid,Real Betis,Y,41,0-1,Antonio Adán,Marcelo,,Real Betis,Real Madrid,Home,W 2–1,90,1,1665.98425293,club,Group,FALSE,0.8036666772136646,0.37730738520622253,understat,C._Ronaldo-525,0.8036666772136646
C. Ronaldo,366,2017-03-25,WCQ,First round,Home,Portugal,Hungary,Y*,36,1-0,Péter Gulácsi,André Gomes,,Hungary,Portugal,Home,W 3–0,90,2,1681,national,Other,FALSE,0.9314307095947251,NA,missing,C._Ronaldo-526,0.9314307095947251
C. Ronaldo,365,2017-03-25,WCQ,First round,Home,Portugal,Hungary,Y*,65,2-0,Péter Gulácsi,,,Hungary,Portugal,Home,W 3–0,90,2,1681,national,Other,FALSE,0.9314307095947251,NA,missing,C._Ronaldo-527,0.9314307095947251
C. Ronaldo,364,2017-03-28,Friendlies (M),Friendlies (M),Home,Portugal,Sweden,Y*,18,0-0,Karl-Johan Johnsson,Gelson Martins,,Sweden,Portugal,Home,L 2–3,57,1,1785,national,Other,FALSE,0.9743465771655035,NA,missing,C._Ronaldo-528,0.9743465771655035
C. Ronaldo,363,2017-04-12,Champions Lg,Quarter-finals,Away,Real Madrid,Bayern Munich,Y,47,0-1,Manuel Neuer,Dani Carvajal,,Bayern Munich,Real Madrid,Away,W 2–1,90,2,2031.90661621,club,Knockout,TRUE,-0.8163491601771462,NA,missing,C._Ronaldo-529,-0.8163491601771462
C. Ronaldo,362,2017-04-12,Champions Lg,Quarter-finals,Away,Real Madrid,Bayern Munich,Y,77,1-1,Manuel Neuer,Marco Asensio,,Bayern Munich,Real Madrid,Away,W 2–1,90,2,2031.90661621,club,Knockout,TRUE,-0.8163491601771462,NA,missing,C._Ronaldo-530,-0.8163491601771462
C. Ronaldo,360,2017-04-18,Champions Lg,Quarter-finals,Home,Real Madrid,Bayern Munich,Y,105,1-2,Manuel Neuer,Sergio Ramos,,Bayern Munich,Real Madrid,Home,W 4–2,120,3,2006.28259277,club,Knockout,FALSE,1.1152567545308953,NA,missing,C._Ronaldo-531,1.1152567545308953
C. Ronaldo,359,2017-04-18,Champions Lg,Quarter-finals,Home,Real Madrid,Bayern Munich,Y,110,2-2,Manuel Neuer,Marcelo,,Bayern Munich,Real Madrid,Home,W 4–2,120,3,2006.28259277,club,Knockout,FALSE,1.1152567545308953,NA,missing,C._Ronaldo-532,1.1152567545308953
C. Ronaldo,361,2017-04-18,Champions Lg,Quarter-finals,Home,Real Madrid,Bayern Munich,Y,76,0-1,Manuel Neuer,Casemiro,,Bayern Munich,Real Madrid,Home,W 4–2,120,3,2006.28259277,club,Knockout,FALSE,1.1152567545308953,NA,missing,C._Ronaldo-533,1.1152567545308953
C. Ronaldo,358,2017-04-29,La Liga,Matchweek 35,Home,Real Madrid,Valencia,Y,27,0-0,Diego Alves,Dani Carvajal,,Valencia,Real Madrid,Home,W 2–1,90,1,1704.89453125,club,Group,FALSE,0.8197231036706191,0.11462562531232834,understat,C._Ronaldo-534,0.8197231036706191
C. Ronaldo,357,2017-05-02,Champions Lg,Semi-finals,Home,Real Madrid,Atlético Madrid,Y,10,0-0,Jan Oblak,Casemiro,,Atlético Madrid,Real Madrid,Home,W 3–0,90,3,1960.421875,club,Knockout,FALSE,1.096332211352836,NA,missing,C._Ronaldo-535,1.096332211352836
C. Ronaldo,356,2017-05-02,Champions Lg,Semi-finals,Home,Real Madrid,Atlético Madrid,Y,73,1-0,Jan Oblak,Karim Benzema,,Atlético Madrid,Real Madrid,Home,W 3–0,90,3,1960.421875,club,Knockout,FALSE,1.096332211352836,NA,missing,C._Ronaldo-536,1.096332211352836
C. Ronaldo,355,2017-05-02,Champions Lg,Semi-finals,Home,Real Madrid,Atlético Madrid,Y,86,2-0,Jan Oblak,Lucas Vázquez,,Atlético Madrid,Real Madrid,Home,W 3–0,90,3,1960.421875,club,Knockout,FALSE,1.096332211352836,NA,missing,C._Ronaldo-537,1.096332211352836
C. Ronaldo,354,2017-05-14,La Liga,Matchweek 37,Home,Real Madrid,Sevilla,Y,23,1-0,Sergio Rico,,,Sevilla,Real Madrid,Home,W 4–1,90,2,1810.4498291,club,Group,FALSE,0.863280768900664,0.58472740650177,understat,C._Ronaldo-538,0.863280768900664
C. Ronaldo,353,2017-05-14,La Liga,Matchweek 37,Home,Real Madrid,Sevilla,Y,78,2-1,Sergio Rico,Toni Kroos,,Sevilla,Real Madrid,Home,W 4–1,90,2,1810.4498291,club,Group,FALSE,0.863280768900664,0.10194037109613419,understat,C._Ronaldo-539,0.863280768900664
C. Ronaldo,352,2017-05-17,La Liga,Matchweek 21,Away,Real Madrid,Celta Vigo,Y,10,0-0,Sergio Álvarez,Isco,,Celta Vigo,Real Madrid,Away,W 4–1,83,2,1703.89318848,club,Group,TRUE,-1.1228698369056132,0.054942283779382706,understat,C._Ronaldo-540,-1.1228698369056132
C. Ronaldo,351,2017-05-17,La Liga,Matchweek 21,Away,Real Madrid,Celta Vigo,Y,48,1-0,Sergio Álvarez,Isco,,Celta Vigo,Real Madrid,Away,W 4–1,83,2,1703.89318848,club,Group,TRUE,-1.1228698369056132,0.5398102402687073,understat,C._Ronaldo-541,-1.1228698369056132
C. Ronaldo,350,2017-05-21,La Liga,Matchweek 38,Away,Real Madrid,Málaga,Y,2,0-0,Carlos Kameni,Isco,,Málaga,Real Madrid,Away,W 2–0,90,1,1725.52478027,club,Group,TRUE,-1.1139435048997974,0.6296758651733398,understat,C._Ronaldo-542,-1.1139435048997974
C. Ronaldo,349,2017-06-03,Champions Lg,Final,Neutral,Real Madrid,Juventus,Y,20,0-0,Gianluigi Buffon,Dani Carvajal,,Juventus,Real Madrid,Neutral,W 4–1,90,2,1955.60644531,club,Final,FALSE,1.860329131378775,NA,missing,C._Ronaldo-543,1.860329131378775
C. Ronaldo,348,2017-06-03,Champions Lg,Final,Neutral,Real Madrid,Juventus,Y,64,2-1,Gianluigi Buffon,Luka Modrić,,Juventus,Real Madrid,Neutral,W 4–1,90,2,1955.60644531,club,Final,FALSE,1.860329131378775,NA,missing,C._Ronaldo-544,1.860329131378775
C. Ronaldo,347,2017-06-09,WCQ,First round,Away,Portugal,Latvia,Y*,41,0-0,Andris Vaņins,José Fonte,,Latvia,Portugal,Away,W 3–0,90,2,1395,national,Other,TRUE,-1.1287676601308567,NA,missing,C._Ronaldo-545,-1.1287676601308567
C. Ronaldo,346,2017-06-09,WCQ,First round,Away,Portugal,Latvia,Y*,63,1-0,Andris Vaņins,,,Latvia,Portugal,Away,W 3–0,90,2,1395,national,Other,TRUE,-1.1287676601308567,NA,missing,C._Ronaldo-546,-1.1287676601308567
C. Ronaldo,345,2017-06-21,FIFA Confederations Cup,Group stage,Neutral,Portugal,Russia,Y*,8,0-0,Igor Akinfeev,Raphaël Guerreiro,,Russia,Portugal,Neutral,W 1–0,90,1,1699,national,Group,FALSE,0.9934306675414535,NA,missing,C._Ronaldo-547,0.9934306675414535
C. Ronaldo,344,2017-06-24,FIFA Confederations Cup,Group stage,Neutral,Portugal,New Zealand,Y*,33,0-0,Stefan Marinovic,,Penalty kick,New Zealand,Portugal,Neutral,W 4–0,66,1,1526,national,Group,FALSE,0.9220417724477551,NA,missing,C._Ronaldo-548,0.9220417724477551
C. Ronaldo,343,2017-08-13,Supercopa de España,Supercopa de España,Neutral,Real Madrid,Barcelona,N,80,1-1,Marc-André ter Stegen,Isco,,Barcelona,Real Madrid,Neutral,W 3–1,24,1,2022.97814941,club,Other,FALSE,1.2486888301453318,NA,missing,C._Ronaldo-549,1.2486888301453318
C. Ronaldo,341,2017-08-31,WCQ,First round,Home,Portugal,Faroe Islands,Y*,29,1-0,Gunnar Nielsen,,Penalty kick,Faroe Islands,Portugal,Home,W 5–1,90,3,1279,national,Other,FALSE,0.7655443753307541,NA,missing,C._Ronaldo-550,0.7655443753307541
C. Ronaldo,342,2017-08-31,WCQ,First round,Home,Portugal,Faroe Islands,Y*,3,0-0,Gunnar Nielsen,Bernardo Silva,,Faroe Islands,Portugal,Home,W 5–1,90,3,1279,national,Other,FALSE,0.7655443753307541,NA,missing,C._Ronaldo-551,0.7655443753307541
C. Ronaldo,340,2017-08-31,WCQ,First round,Home,Portugal,Faroe Islands,Y*,64,3-1,Gunnar Nielsen,William Carvalho,,Faroe Islands,Portugal,Home,W 5–1,90,3,1279,national,Other,FALSE,0.7655443753307541,NA,missing,C._Ronaldo-552,0.7655443753307541
C. Ronaldo,339,2017-09-13,Champions Lg,Group stage,Home,Real Madrid,APOEL FC,Y,12,0-0,Boy Waterman,Gareth Bale,,APOEL FC,Real Madrid,Home,W 3–0,90,2,1610.91479492,club,Group,FALSE,0.7809421236833598,NA,missing,C._Ronaldo-553,0.7809421236833598
C. Ronaldo,338,2017-09-13,Champions Lg,Group stage,Home,Real Madrid,APOEL FC,Y,51,1-0,Boy Waterman,,Penalty kick,APOEL FC,Real Madrid,Home,W 3–0,90,2,1610.91479492,club,Group,FALSE,0.7809421236833598,NA,missing,C._Ronaldo-554,0.7809421236833598
C. Ronaldo,337,2017-09-26,Champions Lg,Group stage,Away,Real Madrid,Dortmund,Y,49,1-0,Roman Bürki,Gareth Bale,,Dortmund,Real Madrid,Away,W 3–1,90,2,1865.45727539,club,Group,TRUE,-1.0562000007707733,NA,missing,C._Ronaldo-555,-1.0562000007707733
C. Ronaldo,336,2017-09-26,Champions Lg,Group stage,Away,Real Madrid,Dortmund,Y,79,2-1,Roman Bürki,Luka Modrić,,Dortmund,Real Madrid,Away,W 3–1,90,2,1865.45727539,club,Group,TRUE,-1.0562000007707733,NA,missing,C._Ronaldo-556,-1.0562000007707733
C. Ronaldo,335,2017-10-07,WCQ,First round,Away,Portugal,Andorra,N,63,0-0,Josep Gómes,,,Andorra,Portugal,Away,W 2–0,45,1,1016,national,Other,TRUE,-1.285162985220521,NA,missing,C._Ronaldo-557,-1.285162985220521
C. Ronaldo,334,2017-10-14,La Liga,Matchweek 8,Away,Real Madrid,Getafe,Y,85,1-1,Vicente Guaita,Isco,,Getafe,Real Madrid,Away,W 2–1,90,1,1672.82971191,club,Group,TRUE,-1.1356882604322096,0.3255210518836975,understat,C._Ronaldo-558,-1.1356882604322096
C. Ronaldo,333,2017-10-17,Champions Lg,Group stage,Home,Real Madrid,Tottenham,Y,43,0-1,Hugo Lloris,,Penalty kick,Tottenham,Real Madrid,Home,D 1–1,90,1,1919.72839355,club,Group,FALSE,0.9083748496724042,NA,missing,C._Ronaldo-559,0.9083748496724042
C. Ronaldo,332,2017-11-01,Champions Lg,Group stage,Away,Real Madrid,Tottenham,Y,80,0-3,Hugo Lloris,Borja Mayoral,,Tottenham,Real Madrid,Away,L 1–3,90,1,1927.62158203,club,Group,TRUE,-1.0305477396997011,NA,missing,C._Ronaldo-560,-1.0305477396997011
C. Ronaldo,331,2017-11-21,Champions Lg,Group stage,Away,Real Madrid,APOEL FC,Y,49,4-0,Nauzet Pérez,Marcelo,,APOEL FC,Real Madrid,Away,W 6–0,90,2,1621.14916992,club,Group,TRUE,-1.1570143690478722,NA,missing,C._Ronaldo-561,-1.1570143690478722
C. Ronaldo,330,2017-11-21,Champions Lg,Group stage,Away,Real Madrid,APOEL FC,Y,54,5-0,Nauzet Pérez,,,APOEL FC,Real Madrid,Away,W 6–0,90,2,1621.14916992,club,Group,TRUE,-1.1570143690478722,NA,missing,C._Ronaldo-562,-1.1570143690478722
C. Ronaldo,329,2017-11-25,La Liga,Matchweek 13,Home,Real Madrid,Málaga,Y,76,2-2,Roberto,,,Málaga,Real Madrid,Home,W 3–2,90,1,1653.12341309,club,Group,FALSE,0.798359618565372,0.5970660448074341,understat,C._Ronaldo-563,0.798359618565372
C. Ronaldo,328,2017-12-06,Champions Lg,Group stage,Home,Real Madrid,Dortmund,Y,12,1-0,Roman Bürki,Mateo Kovačić,,Dortmund,Real Madrid,Home,W 3–2,90,1,1773.80737305,club,Group,FALSE,0.8481601651380692,NA,missing,C._Ronaldo-564,0.8481601651380692
C. Ronaldo,327,2017-12-09,La Liga,Matchweek 15,Home,Real Madrid,Sevilla,Y,23,1-0,Sergio Rico,Marco Asensio,,Sevilla,Real Madrid,Home,W 5–0,75,2,1794.7421875,club,Group,FALSE,0.8567989701818675,0.3637281358242035,understat,C._Ronaldo-565,0.8567989701818675
C. Ronaldo,326,2017-12-09,La Liga,Matchweek 15,Home,Real Madrid,Sevilla,Y,31,2-0,Sergio Rico,,Penalty kick,Sevilla,Real Madrid,Home,W 5–0,75,2,1794.7421875,club,Group,FALSE,0.8567989701818675,0.7432776093482971,understat,C._Ronaldo-566,0.8567989701818675
C. Ronaldo,325,2018-01-21,La Liga,Matchweek 20,Home,Real Madrid,Dep. La Coruña,Y,78,4-1,Rubén,Casemiro,,Dep. La Coruña,Real Madrid,Home,W 7–1,84,2,1738.783185895233,league_avg,Group,FALSE,0.8337073441985677,0.5621573328971863,understat,C._Ronaldo-567,0.8337073441985677
C. Ronaldo,324,2018-01-21,La Liga,Matchweek 20,Home,Real Madrid,Dep. La Coruña,Y,84,5-1,Rubén,Lucas Vázquez,,Dep. La Coruña,Real Madrid,Home,W 7–1,84,2,1738.783185895233,league_avg,Group,FALSE,0.8337073441985677,0.11533617973327637,understat,C._Ronaldo-568,0.8337073441985677
C. Ronaldo,323,2018-01-27,La Liga,Matchweek 21,Away,Real Madrid,Valencia,Y,16,0-0,Neto,,Penalty kick,Valencia,Real Madrid,Away,W 4–1,90,2,1767.60021973,club,Group,TRUE,-1.0965809665551085,0.7432776093482971,understat,C._Ronaldo-569,-1.0965809665551085
C. Ronaldo,322,2018-01-27,La Liga,Matchweek 21,Away,Real Madrid,Valencia,Y,38,1-0,Neto,,Penalty kick,Valencia,Real Madrid,Away,W 4–1,90,2,1767.60021973,club,Group,TRUE,-1.0965809665551085,0.7432776093482971,understat,C._Ronaldo-570,-1.0965809665551085
C. Ronaldo,321,2018-02-10,La Liga,Matchweek 23,Home,Real Madrid,Real Sociedad,Y,27,1-0,Gerónimo Rulli,Marcelo,,Real Sociedad,Real Madrid,Home,W 5–2,90,3,1705.92053223,club,Group,FALSE,0.8201464856147072,0.4539196491241455,understat,C._Ronaldo-571,0.8201464856147072
C. Ronaldo,320,2018-02-10,La Liga,Matchweek 23,Home,Real Madrid,Real Sociedad,Y,37,3-0,Gerónimo Rulli,Luka Modrić,,Real Sociedad,Real Madrid,Home,W 5–2,90,3,1705.92053223,club,Group,FALSE,0.8201464856147072,0.10351389646530151,understat,C._Ronaldo-572,0.8201464856147072
C. Ronaldo,319,2018-02-10,La Liga,Matchweek 23,Home,Real Madrid,Real Sociedad,Y,80,4-1,Gerónimo Rulli,,,Real Sociedad,Real Madrid,Home,W 5–2,90,3,1705.92053223,club,Group,FALSE,0.8201464856147072,0.9708021879196167,understat,C._Ronaldo-573,0.8201464856147072
C. Ronaldo,318,2018-02-14,Champions Lg,Round of 16,Home,Real Madrid,PSG,Y,45,0-1,Alphonse Areola,,Penalty kick,PSG,Real Madrid,Home,W 3–1,90,2,1906.51965332,club,Knockout,FALSE,1.0740893208971662,NA,missing,C._Ronaldo-574,1.0740893208971662
C. Ronaldo,317,2018-02-14,Champions Lg,Round of 16,Home,Real Madrid,PSG,Y,83,1-1,Alphonse Areola,,,PSG,Real Madrid,Home,W 3–1,90,2,1906.51965332,club,Knockout,FALSE,1.0740893208971662,NA,missing,C._Ronaldo-575,1.0740893208971662
C. Ronaldo,316,2018-02-18,La Liga,Matchweek 24,Away,Real Madrid,Real Betis,Y,65,3-2,Antonio Adán,Casemiro,,Real Betis,Real Madrid,Away,W 5–3,88,1,1669.39611816,club,Group,TRUE,-1.1371051417270834,0.1232636570930481,understat,C._Ronaldo-576,-1.1371051417270834
C. Ronaldo,315,2018-02-24,La Liga,Matchweek 25,Home,Real Madrid,Alavés,Y*,44,0-0,Fernando Pacheco,Karim Benzema,,Alavés,Real Madrid,Home,W 4–0,90,2,1672.83105469,club,Group,FALSE,0.8064920275753527,0.12031582742929459,understat,C._Ronaldo-577,0.8064920275753527
C. Ronaldo,314,2018-02-24,La Liga,Matchweek 25,Home,Real Madrid,Alavés,Y*,61,2-0,Fernando Pacheco,Lucas Vázquez,,Alavés,Real Madrid,Home,W 4–0,90,2,1672.83105469,club,Group,FALSE,0.8064920275753527,0.45528462529182434,understat,C._Ronaldo-578,0.8064920275753527
C. Ronaldo,313,2018-03-03,La Liga,Matchweek 27,Home,Real Madrid,Getafe,Y,45+1,1-0,Emiliano Martínez,Karim Benzema,,Getafe,Real Madrid,Home,W 3–1,78,2,1697.85803223,club,Group,FALSE,0.8168194742465397,0.16587771475315094,understat,C._Ronaldo-579,0.8168194742465397
C. Ronaldo,312,2018-03-03,La Liga,Matchweek 27,Home,Real Madrid,Getafe,Y,78,2-1,Emiliano Martínez,Marcelo,,Getafe,Real Madrid,Home,W 3–1,78,2,1697.85803223,club,Group,FALSE,0.8168194742465397,0.4709935188293457,understat,C._Ronaldo-580,0.8168194742465397
C. Ronaldo,311,2018-03-06,Champions Lg,Round of 16,Away,Real Madrid,PSG,Y,51,0-0,Alphonse Areola,Lucas Vázquez,,PSG,Real Madrid,Away,W 2–1,90,1,1912.66271973,club,Knockout,TRUE,-0.8655554608498319,NA,missing,C._Ronaldo-581,-0.8655554608498319
C. Ronaldo,310,2018-03-10,La Liga,Matchweek 28,Away,Real Madrid,Eibar,Y,34,0-0,Marko Dmitrović,Luka Modrić,,Eibar,Real Madrid,Away,W 2–1,90,2,1715.37597656,club,Group,TRUE,-1.11813143486153,0.2956527769565582,understat,C._Ronaldo-582,-1.11813143486153
C. Ronaldo,309,2018-03-10,La Liga,Matchweek 28,Away,Real Madrid,Eibar,Y,84,1-1,Marko Dmitrović,Dani Carvajal,,Eibar,Real Madrid,Away,W 2–1,90,2,1715.37597656,club,Group,TRUE,-1.11813143486153,0.5885224342346191,understat,C._Ronaldo-583,-1.11813143486153
C. Ronaldo,308,2018-03-18,La Liga,Matchweek 29,Home,Real Madrid,Girona,Y,11,0-0,Yassine Bounou,Toni Kroos,,Girona,Real Madrid,Home,W 6–3,90,4,1702.59643555,club,Group,FALSE,0.8187747885674826,0.07913194596767426,understat,C._Ronaldo-584,0.8187747885674826
C. Ronaldo,307,2018-03-18,La Liga,Matchweek 29,Home,Real Madrid,Girona,Y,47,1-1,Yassine Bounou,Karim Benzema,,Girona,Real Madrid,Home,W 6–3,90,4,1702.59643555,club,Group,FALSE,0.8187747885674826,0.38968607783317566,understat,C._Ronaldo-585,0.8187747885674826
C. Ronaldo,306,2018-03-18,La Liga,Matchweek 29,Home,Real Madrid,Girona,Y,64,3-1,Yassine Bounou,,,Girona,Real Madrid,Home,W 6–3,90,4,1702.59643555,club,Group,FALSE,0.8187747885674826,0.662703812122345,understat,C._Ronaldo-586,0.8187747885674826
C. Ronaldo,305,2018-03-18,La Liga,Matchweek 29,Home,Real Madrid,Girona,Y,90+1,5-3,Yassine Bounou,Toni Kroos,,Girona,Real Madrid,Home,W 6–3,90,4,1702.59643555,club,Group,FALSE,0.8187747885674826,0.47513970732688904,understat,C._Ronaldo-587,0.8187747885674826
C. Ronaldo,304,2018-03-23,Friendlies (M),Friendlies (M),Home,Portugal,Egypt,Y*,90+2,0-1,Mohamed El-Shenawy,Ricardo Quaresma,,Egypt,Portugal,Home,W 2–1,90,2,1648,national,Other,FALSE,0.9178131746924588,NA,missing,C._Ronaldo-588,0.9178131746924588
C. Ronaldo,303,2018-03-23,Friendlies (M),Friendlies (M),Home,Portugal,Egypt,Y*,90+4,1-1,Mohamed El-Shenawy,Ricardo Quaresma,,Egypt,Portugal,Home,W 2–1,90,2,1648,national,Other,FALSE,0.9178131746924588,NA,missing,C._Ronaldo-589,0.9178131746924588
C. Ronaldo,302,2018-04-03,Champions Lg,Quarter-finals,Away,Real Madrid,Juventus,Y,3,0-0,Gianluigi Buffon,Isco,,Juventus,Real Madrid,Away,W 3–0,90,2,1987.04101562,club,Knockout,TRUE,-0.8348630656906453,NA,missing,C._Ronaldo-590,-0.8348630656906453
C. Ronaldo,301,2018-04-03,Champions Lg,Quarter-finals,Away,Real Madrid,Juventus,Y,64,1-0,Gianluigi Buffon,Dani Carvajal,,Juventus,Real Madrid,Away,W 3–0,90,2,1987.04101562,club,Knockout,TRUE,-0.8348630656906453,NA,missing,C._Ronaldo-591,-0.8348630656906453
C. Ronaldo,300,2018-04-08,La Liga,Matchweek 31,Home,Real Madrid,Atlético Madrid,Y,53,0-0,Jan Oblak,Gareth Bale,,Atlético Madrid,Real Madrid,Home,D 1–1,63,1,1957.01538086,club,Group,FALSE,0.9237614209176858,0.04962742328643799,understat,C._Ronaldo-592,0.9237614209176858
C. Ronaldo,299,2018-04-11,Champions Lg,Quarter-finals,Home,Real Madrid,Juventus,Y,90+7,0-3,Wojciech Szczęsny,,Penalty kick,Juventus,Real Madrid,Home,L 1–3,90,1,1974.54248047,club,Knockout,FALSE,1.1021591155294674,NA,missing,C._Ronaldo-593,1.1021591155294674
C. Ronaldo,298,2018-04-18,La Liga,Matchweek 33,Home,Real Madrid,Athletic Club,Y,87,0-1,Kepa Arrizabalaga,Luka Modrić,,Athletic Club,Real Madrid,Home,D 1–1,90,1,1718.40698242,club,Group,FALSE,0.825299051410699,0.08078183233737946,understat,C._Ronaldo-594,0.825299051410699
C. Ronaldo,297,2018-05-06,La Liga,Matchweek 36,Away,Real Madrid,Barcelona,Y,14,0-1,Marc-André ter Stegen,Karim Benzema,,Barcelona,Real Madrid,Away,D 2–2,45,1,2035.38989258,club,Group,TRUE,-0.9860768690853708,0.697551965713501,understat,C._Ronaldo-595,-0.9860768690853708
C. Ronaldo,296,2018-05-19,La Liga,Matchweek 38,Away,Real Madrid,Villarreal,Y,32,1-0,Andrés Fernández,Marcelo,,Villarreal,Real Madrid,Away,D 2–2,61,1,1753.90649414,club,Group,TRUE,-1.1022317176509835,0.4333331286907196,understat,C._Ronaldo-596,-1.1022317176509835
C. Ronaldo,295,2018-06-15,World Cup,Group stage,Neutral,Portugal,Spain,Y*,4,0-0,David de Gea,,Penalty kick,Spain,Portugal,Neutral,D 3–3,90,3,2037,national,Group,FALSE,1.1329072371464837,NA,missing,C._Ronaldo-597,1.1329072371464837
C. Ronaldo,294,2018-06-15,World Cup,Group stage,Neutral,Portugal,Spain,Y*,44,1-1,David de Gea,Gonçalo Guedes,,Spain,Portugal,Neutral,D 3–3,90,3,2037,national,Group,FALSE,1.1329072371464837,NA,missing,C._Ronaldo-598,1.1329072371464837
C. Ronaldo,293,2018-06-15,World Cup,Group stage,Neutral,Portugal,Spain,Y*,88,2-3,David de Gea,,,Spain,Portugal,Neutral,D 3–3,90,3,2037,national,Group,FALSE,1.1329072371464837,NA,missing,C._Ronaldo-599,1.1329072371464837
C. Ronaldo,292,2018-06-20,World Cup,Group stage,Neutral,Portugal,Morocco,Y*,4,0-0,Munir,João Moutinho,,Morocco,Portugal,Neutral,W 1–0,90,1,1695,national,Group,FALSE,0.9917800572502701,NA,missing,C._Ronaldo-600,0.9917800572502701
C. Ronaldo,291,2018-09-16,Serie A,Matchweek 4,Home,Juventus,Sassuolo,Y,50,0-0,Andrea Consigli,,,Sassuolo,Juventus,Home,W 2–1,90,2,1614.09301758,club,Group,FALSE,0.782253625440927,0.8949152231216431,understat,C._Ronaldo-601,0.782253625440927
C. Ronaldo,290,2018-09-16,Serie A,Matchweek 4,Home,Juventus,Sassuolo,Y,65,1-0,Andrea Consigli,Emre Can,,Sassuolo,Juventus,Home,W 2–1,90,2,1614.09301758,club,Group,FALSE,0.782253625440927,0.12322375923395157,understat,C._Ronaldo-602,0.782253625440927
C. Ronaldo,289,2018-09-23,Serie A,Matchweek 5,Away,Juventus,Frosinone,Y,81,0-0,Marco Sportiello,,,Frosinone,Juventus,Away,W 2–0,90,1,1483.38525391,club,Group,TRUE,-1.213863003427844,0.412223756313324,understat,C._Ronaldo-603,-1.213863003427844
C. Ronaldo,288,2018-10-06,Serie A,Matchweek 8,Away,Juventus,Udinese,Y,37,1-0,Simone Scuffet,Mario Mandžukić,,Udinese,Juventus,Away,W 2–0,90,1,1571.21118164,club,Group,TRUE,-1.1776214083918681,0.08091488480567932,understat,C._Ronaldo-604,-1.1776214083918681
C. Ronaldo,287,2018-10-20,Serie A,Matchweek 9,Home,Juventus,Genoa,Y,18,0-0,Ionuț Radu,,,Genoa,Juventus,Home,D 1–1,90,1,1571.18237305,club,Group,FALSE,0.7645464375752903,0.6141552329063416,understat,C._Ronaldo-605,0.7645464375752903
C. Ronaldo,286,2018-10-27,Serie A,Matchweek 10,Away,Juventus,Empoli,Y,54,0-1,Ivan Provedel,,Penalty kick,Empoli,Juventus,Away,W 2–1,90,2,1578.42346191,club,Group,TRUE,-1.1746452423827276,0.7612988352775574,understat,C._Ronaldo-606,-1.1746452423827276
C. Ronaldo,285,2018-10-27,Serie A,Matchweek 10,Away,Juventus,Empoli,Y,70,1-1,Ivan Provedel,Blaise Matuidi,,Empoli,Juventus,Away,W 2–1,90,2,1578.42346191,club,Group,TRUE,-1.1746452423827276,0.01866026781499386,understat,C._Ronaldo-607,-1.1746452423827276
C. Ronaldo,284,2018-11-07,Champions Lg,Group stage,Home,Juventus,Manchester Utd,Y,65,0-0,David de Gea,Leonardo Bonucci,,Manchester Utd,Juventus,Home,L 1–2,90,1,1812.7101919840484,league_avg,Group,FALSE,0.8642135134602192,NA,missing,C._Ronaldo-608,0.8642135134602192
C. Ronaldo,283,2018-11-11,Serie A,Matchweek 12,Away,Juventus,Milan,Y,81,1-0,Gianluigi Donnarumma,,,Milan,Juventus,Away,W 2–0,90,1,1754.45410156,club,Group,TRUE,-1.1020057460402384,0.519504189491272,understat,C._Ronaldo-609,-1.1020057460402384
C. Ronaldo,282,2018-11-24,Serie A,Matchweek 13,Home,Juventus,SPAL,Y,28,0-0,Alfred Gomis,Miralem Pjanić,,SPAL,Juventus,Home,W 2–0,90,1,1560.92346191,club,Group,FALSE,0.7603130714992845,0.4059714078903198,understat,C._Ronaldo-610,0.7603130714992845
C. Ronaldo,281,2018-12-01,Serie A,Matchweek 14,Away,Juventus,Fiorentina,Y,79,2-0,Alban Lafont,,Penalty kick,Fiorentina,Juventus,Away,W 3–0,79,1,1695.96118164,club,Group,TRUE,-1.126142999935574,0.7612988352775574,understat,C._Ronaldo-611,-1.126142999935574
C. Ronaldo,280,2018-12-15,Serie A,Matchweek 16,Away,Juventus,Torino,Y,70,0-0,Salvador Ichazo,,Penalty kick,Torino,Juventus,Away,W 1–0,90,1,1672.84570312,club,Group,TRUE,-1.1356816616182615,0.7612988352775574,understat,C._Ronaldo-612,-1.1356816616182615
C. Ronaldo,279,2018-12-26,Serie A,Matchweek 18,Away,Juventus,Atalanta,N,78,1-2,Etrit Berisha,Mario Mandžukić,,Atalanta,Juventus,Away,D 2–2,26,1,1694.61254883,club,Group,TRUE,-1.1266995167343774,0.5990681648254395,understat,C._Ronaldo-613,-1.1266995167343774
C. Ronaldo,278,2018-12-29,Serie A,Matchweek 19,Home,Juventus,Sampdoria,Y,2,0-0,Emil Audero,Paulo Dybala,,Sampdoria,Juventus,Home,W 2–1,90,2,1637.63549805,club,Group,FALSE,0.791968490576871,0.037842534482479095,understat,C._Ronaldo-614,0.791968490576871
C. Ronaldo,277,2018-12-29,Serie A,Matchweek 19,Home,Juventus,Sampdoria,Y,65,1-1,Emil Audero,,Penalty kick,Sampdoria,Juventus,Home,W 2–1,90,2,1637.63549805,club,Group,FALSE,0.791968490576871,0.7612988352775574,understat,C._Ronaldo-615,0.791968490576871
C. Ronaldo,276,2019-01-16,Supercoppa,Supercoppa Italiana,Neutral,Juventus,Milan,Y,61,0-0,Gianluigi Donnarumma,Miralem Pjanić,,Milan,Juventus,Neutral,W 1–0,90,1,1695.06799316,club,Other,FALSE,1.1133758605228483,NA,missing,C._Ronaldo-616,1.1133758605228483
C. Ronaldo,275,2019-01-27,Serie A,Matchweek 21,Away,Juventus,Lazio,Y,88,1-1,Thomas Strakosha,,Penalty kick,Lazio,Juventus,Away,W 2–1,90,1,1703.2130127,club,Group,TRUE,-1.1231505131911834,0.7612589001655579,understat,C._Ronaldo-617,-1.1231505131911834
C. Ronaldo,274,2019-02-02,Serie A,Matchweek 22,Home,Juventus,Parma,Y,36,0-0,Luigi Sepe,Blaise Matuidi,,Parma,Juventus,Home,D 3–3,90,2,1519.11474609,club,Group,FALSE,0.7430605973508667,0.08357279747724533,understat,C._Ronaldo-618,0.7430605973508667
C. Ronaldo,273,2019-02-02,Serie A,Matchweek 22,Home,Juventus,Parma,Y,66,2-1,Luigi Sepe,Mario Mandžukić,,Parma,Juventus,Home,D 3–3,90,2,1519.11474609,club,Group,FALSE,0.7430605973508667,0.48462975025177,understat,C._Ronaldo-619,0.7430605973508667
C. Ronaldo,272,2019-02-10,Serie A,Matchweek 23,Away,Juventus,Sassuolo,Y,70,1-0,Andrea Consigli,Miralem Pjanić,,Sassuolo,Juventus,Away,W 3–0,90,1,1608.0234375,club,Group,TRUE,-1.1624307363008168,0.3431819677352905,understat,C._Ronaldo-620,-1.1624307363008168
C. Ronaldo,271,2019-02-15,Serie A,Matchweek 24,Home,Juventus,Frosinone,Y,63,2-0,Marco Sportiello,Mario Mandžukić,,Frosinone,Juventus,Home,W 3–0,63,1,1493.4901123,club,Group,FALSE,0.7324865262904693,0.11653055250644684,understat,C._Ronaldo-621,0.7324865262904693
C. Ronaldo,270,2019-03-12,Champions Lg,Round of 16,Home,Juventus,Atlético Madrid,Y,27,0-0,Jan Oblak,Federico Bernardeschi,,Atlético Madrid,Juventus,Home,W 3–0,90,3,1932.82006836,club,Knockout,FALSE,1.0849422548290233,NA,missing,C._Ronaldo-622,1.0849422548290233
C. Ronaldo,269,2019-03-12,Champions Lg,Round of 16,Home,Juventus,Atlético Madrid,Y,48,1-0,Jan Oblak,João Cancelo,,Atlético Madrid,Juventus,Home,W 3–0,90,3,1932.82006836,club,Knockout,FALSE,1.0849422548290233,NA,missing,C._Ronaldo-623,1.0849422548290233
C. Ronaldo,268,2019-03-12,Champions Lg,Round of 16,Home,Juventus,Atlético Madrid,Y,86,2-0,Jan Oblak,,Penalty kick,Atlético Madrid,Juventus,Home,W 3–0,90,3,1932.82006836,club,Knockout,FALSE,1.0849422548290233,NA,missing,C._Ronaldo-624,1.0849422548290233
C. Ronaldo,267,2019-04-10,Champions Lg,Quarter-finals,Away,Juventus,Ajax,Y,45,0-0,André Onana,João Cancelo,,Ajax,Juventus,Away,D 1–1,90,1,1788.98669434,club,Knockout,TRUE,-0.9165906909201921,NA,missing,C._Ronaldo-625,-0.9165906909201921
C. Ronaldo,266,2019-04-16,Champions Lg,Quarter-finals,Home,Juventus,Ajax,Y,28,0-0,André Onana,Miralem Pjanić,,Ajax,Juventus,Home,L 1–2,90,1,1788.89038086,club,Knockout,FALSE,1.025549298980432,NA,missing,C._Ronaldo-626,1.025549298980432
C. Ronaldo,265,2019-04-27,Serie A,Matchweek 34,Away,Juventus,Inter,Y,62,0-1,Samir Handanović,Miralem Pjanić,,Inter,Juventus,Away,D 1–1,90,1,1737.43945312,club,Group,TRUE,-1.109026884494223,0.038683272898197174,understat,C._Ronaldo-627,-1.109026884494223
C. Ronaldo,264,2019-05-03,Serie A,Matchweek 35,Home,Juventus,Torino,Y,84,0-1,Salvatore Sirigu,Leonardo Spinazzola,,Torino,Juventus,Home,D 1–1,90,1,1695.64501953,club,Group,FALSE,0.8159062688622545,0.3027518391609192,understat,C._Ronaldo-628,0.8159062688622545
C. Ronaldo,263,2019-06-05,UEFA Nations League,Semi-finals,Neutral,Portugal,Switzerland,Y*,25,0-0,Yann Sommer,,,Switzerland,Portugal,Neutral,W 3–1,90,3,1897,national,Knockout,FALSE,1.2463009688191158,NA,missing,C._Ronaldo-629,1.2463009688191158
C. Ronaldo,262,2019-06-05,UEFA Nations League,Semi-finals,Neutral,Portugal,Switzerland,Y*,88,1-1,Yann Sommer,Bernardo Silva,,Switzerland,Portugal,Neutral,W 3–1,90,3,1897,national,Knockout,FALSE,1.2463009688191158,NA,missing,C._Ronaldo-630,1.2463009688191158
C. Ronaldo,261,2019-06-05,UEFA Nations League,Semi-finals,Neutral,Portugal,Switzerland,Y*,90,2-1,Yann Sommer,Gonçalo Guedes,,Switzerland,Portugal,Neutral,W 3–1,90,3,1897,national,Knockout,FALSE,1.2463009688191158,NA,missing,C._Ronaldo-631,1.2463009688191158
C. Ronaldo,260,2019-08-31,Serie A,Matchweek 2,Home,Juventus,Napoli,Y,62,2-0,Alex Meret,Douglas Costa,,Napoli,Juventus,Home,W 4–3,90,1,1811.29614258,club,Group,FALSE,0.8636300023355776,0.13062399625778198,understat,C._Ronaldo-632,0.8636300023355776
C. Ronaldo,259,2019-09-07,UEFA Euro qual.,Group stage,Away,Portugal,Serbia,Y*,80,2-1,Marko Dmitrović,Bernardo Silva,,Serbia,Portugal,Away,W 4–2,90,1,1777,national,Group,TRUE,-1.0927021230429765,NA,missing,C._Ronaldo-633,-1.0927021230429765
C. Ronaldo,257,2019-09-10,UEFA Euro qual.,Group stage,Away,Portugal,Lithuania,Y*,62,1-1,Ernestas Šetkus,Rafa Silva,,Lithuania,Portugal,Away,W 5–1,78,4,1315,national,Group,TRUE,-1.283347611674704,NA,missing,C._Ronaldo-634,-1.283347611674704
C. Ronaldo,256,2019-09-10,UEFA Euro qual.,Group stage,Away,Portugal,Lithuania,Y*,65,2-1,Ernestas Šetkus,Bernardo Silva,,Lithuania,Portugal,Away,W 5–1,78,4,1315,national,Group,TRUE,-1.283347611674704,NA,missing,C._Ronaldo-635,-1.283347611674704
C. Ronaldo,258,2019-09-10,UEFA Euro qual.,Group stage,Away,Portugal,Lithuania,Y*,7,0-0,Ernestas Šetkus,,Penalty kick,Lithuania,Portugal,Away,W 5–1,78,4,1315,national,Group,TRUE,-1.283347611674704,NA,missing,C._Ronaldo-636,-1.283347611674704
C. Ronaldo,255,2019-09-10,UEFA Euro qual.,Group stage,Away,Portugal,Lithuania,Y*,76,3-1,Ernestas Šetkus,Bernardo Silva,,Lithuania,Portugal,Away,W 5–1,78,4,1315,national,Group,TRUE,-1.283347611674704,NA,missing,C._Ronaldo-637,-1.283347611674704
C. Ronaldo,254,2019-09-21,Serie A,Matchweek 4,Home,Juventus,Hellas Verona,Y,49,1-1,Marco Silvestri,,Penalty kick,Hellas Verona,Juventus,Home,W 2–1,90,1,1640.2555612658948,league_avg,Group,FALSE,0.7930496664037981,0.7612988352775574,understat,C._Ronaldo-638,0.7930496664037981
C. Ronaldo,253,2019-09-28,Serie A,Matchweek 6,Home,Juventus,SPAL,Y,78,1-0,Etrit Berisha,Paulo Dybala,,SPAL,Juventus,Home,W 2–0,90,1,1521.99511719,club,Group,FALSE,0.7442491898958891,0.3151330351829529,understat,C._Ronaldo-639,0.7442491898958891
C. Ronaldo,252,2019-10-01,Champions Lg,Group stage,Home,Juventus,Leverkusen,Y,88,2-0,Lukáš Hrádecký,Paulo Dybala,,Leverkusen,Juventus,Home,W 3–0,90,1,1749.72619629,club,Group,FALSE,0.8382230055921011,NA,missing,C._Ronaldo-640,0.8382230055921011
C. Ronaldo,251,2019-10-11,UEFA Euro qual.,Group stage,Home,Portugal,Luxembourg,Y*,65,1-0,Anthony Moris,,,Luxembourg,Portugal,Home,W 3–0,90,1,1345,national,Group,FALSE,0.671211699415115,NA,missing,C._Ronaldo-641,0.671211699415115
C. Ronaldo,250,2019-10-14,UEFA Euro qual.,Group stage,Away,Portugal,Ukraine,Y*,72,0-2,Andriy Pyatov,,Penalty kick,Ukraine,Portugal,Away,L 1–2,90,1,1852,national,Group,TRUE,-1.0617531800832805,NA,missing,C._Ronaldo-642,-1.0617531800832805
C. Ronaldo,249,2019-10-19,Serie A,Matchweek 8,Home,Juventus,Bologna,Y,19,0-0,Łukasz Skorupski,,,Bologna,Juventus,Home,W 2–1,90,1,1569.3873291,club,Group,FALSE,0.7638057080710411,0.06915157288312912,understat,C._Ronaldo-643,0.7638057080710411
C. Ronaldo,248,2019-10-30,Serie A,Matchweek 10,Home,Juventus,Genoa,Y,90+6,1-1,Ionuț Radu,,Penalty kick,Genoa,Juventus,Home,W 2–1,90,1,1516.59545898,club,Group,FALSE,0.7420210070433135,0.7612988352775574,understat,C._Ronaldo-644,0.7420210070433135
C. Ronaldo,246,2019-11-14,UEFA Euro qual.,Group stage,Home,Portugal,Lithuania,Y*,22,1-0,Ernestas Šetkus,Gonçalo Paciência,,Lithuania,Portugal,Home,W 6–0,82,3,1308,national,Group,FALSE,0.6559435542216651,NA,missing,C._Ronaldo-645,0.6559435542216651
C. Ronaldo,245,2019-11-14,UEFA Euro qual.,Group stage,Home,Portugal,Lithuania,Y*,65,5-0,Ernestas Šetkus,Bernardo Silva,,Lithuania,Portugal,Home,W 6–0,82,3,1308,national,Group,FALSE,0.6559435542216651,NA,missing,C._Ronaldo-646,0.6559435542216651
C. Ronaldo,247,2019-11-14,UEFA Euro qual.,Group stage,Home,Portugal,Lithuania,Y*,7,0-0,Ernestas Šetkus,,Penalty kick,Lithuania,Portugal,Home,W 6–0,82,3,1308,national,Group,FALSE,0.6559435542216651,NA,missing,C._Ronaldo-647,0.6559435542216651
C. Ronaldo,244,2019-11-17,UEFA Euro qual.,Group stage,Away,Portugal,Luxembourg,Y,86,1-0,Anthony Moris,Diogo Jota,,Luxembourg,Portugal,Away,W 2–0,90,1,1339,national,Group,TRUE,-1.2734439499276011,NA,missing,C._Ronaldo-648,-1.2734439499276011
C. Ronaldo,243,2019-12-01,Serie A,Matchweek 14,Home,Juventus,Sassuolo,Y,68,1-2,Stefano Turati,,Penalty kick,Sassuolo,Juventus,Home,D 2–2,90,1,1569.12145996,club,Group,FALSE,0.7636959964863929,0.7612988352775574,understat,C._Ronaldo-649,0.7636959964863929
C. Ronaldo,242,2019-12-07,Serie A,Matchweek 15,Away,Juventus,Lazio,Y,25,0-0,Thomas Strakosha,Rodrigo Bentancur,,Lazio,Juventus,Away,L 1–3,90,1,1708.29992676,club,Group,TRUE,-1.1210513850167325,0.6374564170837402,understat,C._Ronaldo-650,-1.1210513850167325
C. Ronaldo,241,2019-12-11,Champions Lg,Group stage,Away,Juventus,Leverkusen,Y,75,0-0,Lukáš Hrádecký,Paulo Dybala,,Leverkusen,Juventus,Away,W 2–0,90,1,1777.99401855,club,Group,TRUE,-1.0922919387309118,NA,missing,C._Ronaldo-651,-1.0922919387309118
C. Ronaldo,239,2019-12-15,Serie A,Matchweek 16,Home,Juventus,Udinese,Y,37,1-0,Juan Musso,Gonzalo Higuaín,,Udinese,Juventus,Home,W 3–1,90,2,1551.97705078,club,Group,FALSE,0.7566213119291996,0.07133330404758453,understat,C._Ronaldo-652,0.7566213119291996
C. Ronaldo,240,2019-12-15,Serie A,Matchweek 16,Home,Juventus,Udinese,Y,9,0-0,Juan Musso,,,Udinese,Juventus,Home,W 3–1,90,2,1551.97705078,club,Group,FALSE,0.7566213119291996,0.3606140613555908,understat,C._Ronaldo-653,0.7566213119291996
C. Ronaldo,238,2019-12-18,Serie A,Matchweek 17,Away,Juventus,Sampdoria,Y,45,1-1,Emil Audero,Alex Sandro,,Sampdoria,Juventus,Away,W 2–1,90,1,1576.28100586,club,Group,TRUE,-1.1755293323838623,0.1293947696685791,understat,C._Ronaldo-654,-1.1755293323838623
C. Ronaldo,237,2020-01-06,Serie A,Matchweek 18,Home,Juventus,Cagliari,Y,49,0-0,Robin Olsen,,,Cagliari,Juventus,Home,W 4–0,90,3,1608.484375,club,Group,FALSE,0.7799392046503973,0.6273053288459778,understat,C._Ronaldo-655,0.7799392046503973
C. Ronaldo,236,2020-01-06,Serie A,Matchweek 18,Home,Juventus,Cagliari,Y,67,1-0,Robin Olsen,,Penalty kick,Cagliari,Juventus,Home,W 4–0,90,3,1608.484375,club,Group,FALSE,0.7799392046503973,0.7612988352775574,understat,C._Ronaldo-656,0.7799392046503973
C. Ronaldo,235,2020-01-06,Serie A,Matchweek 18,Home,Juventus,Cagliari,Y,82,3-0,Robin Olsen,Douglas Costa,,Cagliari,Juventus,Home,W 4–0,90,3,1608.484375,club,Group,FALSE,0.7799392046503973,0.4306361675262451,understat,C._Ronaldo-657,0.7799392046503973
C. Ronaldo,234,2020-01-12,Serie A,Matchweek 19,Away,Juventus,Roma,Y,10,1-0,Pau López,,Penalty kick,Roma,Juventus,Away,W 2–1,90,1,1749.29333496,club,Group,TRUE,-1.104135349655328,0.7612988352775574,understat,C._Ronaldo-658,-1.104135349655328
C. Ronaldo,233,2020-01-19,Serie A,Matchweek 20,Home,Juventus,Parma,Y,43,0-0,Luigi Sepe,Blaise Matuidi,,Parma,Juventus,Home,W 2–1,90,2,1568.72302246,club,Group,FALSE,0.7635315802269197,0.05259877070784569,understat,C._Ronaldo-659,0.7635315802269197
C. Ronaldo,232,2020-01-19,Serie A,Matchweek 20,Home,Juventus,Parma,Y,58,1-1,Luigi Sepe,Paulo Dybala,,Parma,Juventus,Home,W 2–1,90,2,1568.72302246,club,Group,FALSE,0.7635315802269197,0.3830099105834961,understat,C._Ronaldo-660,0.7635315802269197
C. Ronaldo,231,2020-01-22,Coppa Italia,Quarter-finals,Home,Juventus,Roma,Y,26,0-0,Pau López,Gonzalo Higuaín,,Roma,Juventus,Home,W 3–1,90,1,1749.54772949,club,Knockout,FALSE,1.0093144526719875,NA,missing,C._Ronaldo-661,1.0093144526719875
C. Ronaldo,230,2020-01-26,Serie A,Matchweek 21,Away,Juventus,Napoli,Y,90,0-2,Alex Meret,Rodrigo Bentancur,,Napoli,Juventus,Away,L 1–2,90,1,1745.61853027,club,Group,TRUE,-1.1056517672651789,0.30904218554496765,understat,C._Ronaldo-662,-1.1056517672651789
C. Ronaldo,229,2020-02-02,Serie A,Matchweek 22,Home,Juventus,Fiorentina,Y,40,0-0,Bartłomiej Drągowski,,Penalty kick,Fiorentina,Juventus,Home,W 3–0,90,2,1602.53234863,club,Group,FALSE,0.7774830856554672,0.7612988352775574,understat,C._Ronaldo-663,0.7774830856554672
C. Ronaldo,228,2020-02-02,Serie A,Matchweek 22,Home,Juventus,Fiorentina,Y,80,1-0,Bartłomiej Drągowski,,Penalty kick,Fiorentina,Juventus,Home,W 3–0,90,2,1602.53234863,club,Group,FALSE,0.7774830856554672,0.7612988352775574,understat,C._Ronaldo-664,0.7774830856554672
C. Ronaldo,227,2020-02-08,Serie A,Matchweek 23,Away,Juventus,Hellas Verona,Y,65,0-0,Marco Silvestri,Rodrigo Bentancur,,Hellas Verona,Juventus,Away,L 1–2,90,1,1640.2555612658948,league_avg,Group,TRUE,-1.149130067502143,0.11888141185045242,understat,C._Ronaldo-665,-1.149130067502143
C. Ronaldo,226,2020-02-13,Coppa Italia,Semi-finals,Away,Juventus,Milan,Y,90+1,0-1,Gianluigi Donnarumma,,Penalty kick,Milan,Juventus,Away,D 1–1,90,1,1674.56726074,club,Knockout,TRUE,-0.9638061645730873,NA,missing,C._Ronaldo-666,-0.9638061645730873
C. Ronaldo,225,2020-02-22,Serie A,Matchweek 25,Away,Juventus,SPAL,Y,39,0-0,Etrit Berisha,Juan Cuadrado,,SPAL,Juventus,Away,W 2–1,90,1,1497.23156738,club,Group,TRUE,-1.2081492865507093,0.35098397731781006,understat,C._Ronaldo-667,-1.2081492865507093
C. Ronaldo,224,2020-06-22,Serie A,Matchweek 27,Away,Juventus,Bologna,Y,23,0-0,Łukasz Skorupski,,Penalty kick,Bologna,Juventus,Away,W 2–0,90,1,1591.19787598,club,Group,TRUE,-1.1693738475507813,0.7612589001655579,understat,C._Ronaldo-668,-1.1693738475507813
C. Ronaldo,223,2020-06-26,Serie A,Matchweek 28,Home,Juventus,Lecce,Y,62,1-0,Gabriel,,Penalty kick,Lecce,Juventus,Home,W 4–0,90,1,1500.50354004,club,Group,FALSE,0.7353806352914988,0.7612988352775574,understat,C._Ronaldo-669,0.7353806352914988
C. Ronaldo,222,2020-06-30,Serie A,Matchweek 29,Away,Juventus,Genoa,Y,56,1-0,Mattia Perin,Miralem Pjanić,,Genoa,Juventus,Away,W 3–1,73,1,1545.6114502,club,Group,TRUE,-1.1881852034334697,0.02573174051940441,understat,C._Ronaldo-670,-1.1881852034334697
C. Ronaldo,221,2020-07-04,Serie A,Matchweek 30,Home,Juventus,Torino,Y,61,2-1,Salvatore Sirigu,,,Torino,Juventus,Home,W 4–1,90,1,1595.7557373,club,Group,FALSE,0.774686699555305,0.08131565153598785,understat,C._Ronaldo-671,0.774686699555305
C. Ronaldo,220,2020-07-07,Serie A,Matchweek 31,Away,Juventus,Milan,Y,53,1-0,Gianluigi Donnarumma,Juan Cuadrado,,Milan,Juventus,Away,L 2–4,90,1,1711.45410156,club,Group,TRUE,-1.1197498066704643,0.30025625228881836,understat,C._Ronaldo-672,-1.1197498066704643
C. Ronaldo,219,2020-07-11,Serie A,Matchweek 32,Home,Juventus,Atalanta,Y,55,0-1,Pierluigi Gollini,,Penalty kick,Atalanta,Juventus,Home,D 2–2,90,2,1844.67407227,club,Group,FALSE,0.8774034908967588,0.7612988352775574,understat,C._Ronaldo-673,0.8774034908967588
C. Ronaldo,218,2020-07-11,Serie A,Matchweek 32,Home,Juventus,Atalanta,Y,90,1-2,Pierluigi Gollini,,Penalty kick,Atalanta,Juventus,Home,D 2–2,90,2,1844.67407227,club,Group,FALSE,0.8774034908967588,0.7611773014068604,understat,C._Ronaldo-674,0.8774034908967588
C. Ronaldo,217,2020-07-20,Serie A,Matchweek 34,Home,Juventus,Lazio,Y,51,0-0,Thomas Strakosha,,Penalty kick,Lazio,Juventus,Home,W 2–1,90,2,1725.13745117,club,Group,FALSE,0.8280763966565093,0.7612988352775574,understat,C._Ronaldo-675,0.8280763966565093
C. Ronaldo,216,2020-07-20,Serie A,Matchweek 34,Home,Juventus,Lazio,Y,54,1-0,Thomas Strakosha,Paulo Dybala,,Lazio,Juventus,Home,W 2–1,90,2,1725.13745117,club,Group,FALSE,0.8280763966565093,0.7373369336128235,understat,C._Ronaldo-676,0.8280763966565093
C. Ronaldo,215,2020-07-26,Serie A,Matchweek 36,Home,Juventus,Sampdoria,Y,45+7,0-0,Emil Audero,Miralem Pjanić,,Sampdoria,Juventus,Home,W 2–0,90,1,1604.08959961,club,Group,FALSE,0.7781256892788533,0.30710482597351074,understat,C._Ronaldo-677,0.7781256892788533
C. Ronaldo,214,2020-08-07,Champions Lg,Round of 16,Home,Juventus,Lyon,Y,43,0-1,Anthony Lopes,,Penalty kick,Lyon,Juventus,Home,W 2–1,90,2,1697.84985352,club,Knockout,FALSE,0.9879811911448805,NA,missing,C._Ronaldo-678,0.9879811911448805
C. Ronaldo,213,2020-08-07,Champions Lg,Round of 16,Home,Juventus,Lyon,Y,60,1-1,Anthony Lopes,Federico Bernardeschi,,Lyon,Juventus,Home,W 2–1,90,2,1697.84985352,club,Knockout,FALSE,0.9879811911448805,NA,missing,C._Ronaldo-679,0.9879811911448805
C. Ronaldo,212,2020-09-08,UEFA Nations League,League A,Away,Portugal,Sweden,Y*,45+1,0-0,Robin Olsen,,,Sweden,Portugal,Away,W 2–0,80,2,1823,national,Other,TRUE,-0.9521523589741911,NA,missing,C._Ronaldo-680,-0.9521523589741911
C. Ronaldo,211,2020-09-08,UEFA Nations League,League A,Away,Portugal,Sweden,Y*,72,1-0,Robin Olsen,João Félix,,Sweden,Portugal,Away,W 2–0,80,2,1823,national,Other,TRUE,-0.9521523589741911,NA,missing,C._Ronaldo-681,-0.9521523589741911
C. Ronaldo,210,2020-09-20,Serie A,Matchweek 1,Home,Juventus,Sampdoria,Y,88,2-0,Emil Audero,Aaron Ramsey,,Sampdoria,Juventus,Home,W 3–0,90,1,1589.11328125,club,Group,FALSE,0.7719456729765884,0.0814959704875946,understat,C._Ronaldo-682,0.7719456729765884
C. Ronaldo,209,2020-09-27,Serie A,Matchweek 2,Away,Juventus,Roma,Y,44,0-1,Antonio Mirante,,Penalty kick,Roma,Juventus,Away,D 2–2,90,2,1744.23144531,club,Group,TRUE,-1.1062241514426097,0.7612988352775574,understat,C._Ronaldo-683,-1.1062241514426097
C. Ronaldo,208,2020-09-27,Serie A,Matchweek 2,Away,Juventus,Roma,Y,69,1-2,Antonio Mirante,Danilo,,Roma,Juventus,Away,D 2–2,90,2,1744.23144531,club,Group,TRUE,-1.1062241514426097,0.5642630457878113,understat,C._Ronaldo-684,-1.1062241514426097
C. Ronaldo,207,2020-11-01,Serie A,Matchweek 6,Away,Juventus,Spezia,N,59,1-1,Ivan Provedel,Álvaro Morata,,Spezia,Juventus,Away,W 4–1,35,2,1475.25195312,club,Group,TRUE,-1.2172192309241605,0.6783435344696045,understat,C._Ronaldo-685,-1.2172192309241605
C. Ronaldo,206,2020-11-01,Serie A,Matchweek 6,Away,Juventus,Spezia,N,76,3-1,Ivan Provedel,,Penalty kick,Spezia,Juventus,Away,W 4–1,35,2,1475.25195312,club,Group,TRUE,-1.2172192309241605,0.7612988352775574,understat,C._Ronaldo-686,-1.2172192309241605
C. Ronaldo,205,2020-11-08,Serie A,Matchweek 7,Away,Juventus,Lazio,Y,15,0-0,Pepe Reina,Juan Cuadrado,,Lazio,Juventus,Away,D 1–1,75,1,1730.22607422,club,Group,TRUE,-1.11200350385586,0.6030169129371643,understat,C._Ronaldo-687,-1.11200350385586
C. Ronaldo,204,2020-11-11,Friendlies (M),Friendlies (M),Home,Portugal,Andorra,N,85,5-0,Josep Gómes,Mário Rui,,Andorra,Portugal,Home,W 7–0,45,1,1082,national,Other,FALSE,0.6842518184899525,NA,missing,C._Ronaldo-688,0.6842518184899525
C. Ronaldo,203,2020-11-21,Serie A,Matchweek 8,Home,Juventus,Cagliari,Y,38,0-0,Alessio Cragno,Álvaro Morata,,Cagliari,Juventus,Home,W 2–0,90,2,1591.39428711,club,Group,FALSE,0.77288693591328,0.09392134845256805,understat,C._Ronaldo-689,0.77288693591328
C. Ronaldo,202,2020-11-21,Serie A,Matchweek 8,Home,Juventus,Cagliari,Y,42,1-0,Alessio Cragno,Merih Demiral,,Cagliari,Juventus,Home,W 2–0,90,2,1591.39428711,club,Group,FALSE,0.77288693591328,0.6149137616157532,understat,C._Ronaldo-690,0.77288693591328
C. Ronaldo,201,2020-11-24,Champions Lg,Group stage,Home,Juventus,Ferencváros,Y,35,0-1,Dénes Dibusz,Juan Cuadrado,,Ferencváros,Juventus,Home,W 2–1,90,1,1551.8548584,club,Group,FALSE,0.7565708889292168,NA,missing,C._Ronaldo-691,0.7565708889292168
C. Ronaldo,200,2020-12-02,Champions Lg,Group stage,Home,Juventus,Dynamo Kyiv,Y,57,1-0,Heorhiy Bushchan,Álvaro Morata,,Dynamo Kyiv,Juventus,Home,W 3–0,90,1,1623.03613281,club,Group,FALSE,0.7859440249493972,NA,missing,C._Ronaldo-692,0.7859440249493972
C. Ronaldo,199,2020-12-08,Champions Lg,Group stage,Away,Juventus,Barcelona,Y,13,0-0,Marc-André ter Stegen,,Penalty kick,Barcelona,Juventus,Away,W 3–0,89,2,1927.18688965,club,Group,TRUE,-1.0307271166286827,NA,missing,C._Ronaldo-693,-1.0307271166286827
C. Ronaldo,198,2020-12-08,Champions Lg,Group stage,Away,Juventus,Barcelona,Y,52,2-0,Marc-André ter Stegen,,Penalty kick,Barcelona,Juventus,Away,W 3–0,89,2,1927.18688965,club,Group,TRUE,-1.0307271166286827,NA,missing,C._Ronaldo-694,-1.0307271166286827
C. Ronaldo,197,2020-12-13,Serie A,Matchweek 11,Away,Juventus,Genoa,Y,78,1-1,Mattia Perin,,Penalty kick,Genoa,Juventus,Away,W 3–1,90,2,1542.36291504,club,Group,TRUE,-1.189525719825062,0.7612589001655579,understat,C._Ronaldo-695,-1.189525719825062
C. Ronaldo,196,2020-12-13,Serie A,Matchweek 11,Away,Juventus,Genoa,Y,89,2-1,Mattia Perin,,Penalty kick,Genoa,Juventus,Away,W 3–1,90,2,1542.36291504,club,Group,TRUE,-1.189525719825062,0.7612589001655579,understat,C._Ronaldo-696,-1.189525719825062
C. Ronaldo,195,2020-12-19,Serie A,Matchweek 13,Away,Juventus,Parma,Y,26,1-0,Luigi Sepe,Álvaro Morata,,Parma,Juventus,Away,W 4–0,81,2,1587.99621582,club,Group,TRUE,-1.1706950208530233,0.41786420345306396,understat,C._Ronaldo-697,-1.1706950208530233
C. Ronaldo,194,2020-12-19,Serie A,Matchweek 13,Away,Juventus,Parma,Y,48,2-0,Luigi Sepe,Aaron Ramsey,,Parma,Juventus,Away,W 4–0,81,2,1587.99621582,club,Group,TRUE,-1.1706950208530233,0.08055959641933441,understat,C._Ronaldo-698,-1.1706950208530233
C. Ronaldo,193,2021-01-03,Serie A,Matchweek 15,Home,Juventus,Udinese,Y,31,0-0,Juan Musso,Aaron Ramsey,,Udinese,Juventus,Home,W 4–1,90,2,1594.73913574,club,Group,FALSE,0.7742671963060626,0.06754236668348312,understat,C._Ronaldo-699,0.7742671963060626
C. Ronaldo,192,2021-01-03,Serie A,Matchweek 15,Home,Juventus,Udinese,Y,70,2-0,Juan Musso,Rodrigo Bentancur,,Udinese,Juventus,Home,W 4–1,90,2,1594.73913574,club,Group,FALSE,0.7742671963060626,0.27797815203666687,understat,C._Ronaldo-700,0.7742671963060626
C. Ronaldo,191,2021-01-10,Serie A,Matchweek 17,Home,Juventus,Sassuolo,Y,90+2,2-1,Andrea Consigli,Danilo,,Sassuolo,Juventus,Home,W 3–1,90,1,1682.71081543,club,Group,FALSE,0.8105689362633216,0.2926682233810425,understat,C._Ronaldo-701,0.8105689362633216
C. Ronaldo,190,2021-01-20,Supercoppa,Supercoppa Italiana,Neutral,Juventus,Napoli,Y,64,0-0,David Ospina,,,Napoli,Juventus,Neutral,W 2–0,90,1,1778.14709473,club,Other,FALSE,1.1476586655312846,NA,missing,C._Ronaldo-702,1.1476586655312846
C. Ronaldo,189,2021-02-02,Coppa Italia,Semi-finals,Away,Juventus,Inter,Y,26,0-1,Samir Handanović,,Penalty kick,Inter,Juventus,Away,W 2–1,76,2,1858.32739258,club,Knockout,TRUE,-0.8879770733919887,NA,missing,C._Ronaldo-703,-0.8879770733919887
C. Ronaldo,188,2021-02-02,Coppa Italia,Semi-finals,Away,Juventus,Inter,Y,35,1-1,Samir Handanović,,,Inter,Juventus,Away,W 2–1,76,2,1858.32739258,club,Knockout,TRUE,-0.8879770733919887,NA,missing,C._Ronaldo-704,-0.8879770733919887
C. Ronaldo,187,2021-02-06,Serie A,Matchweek 21,Home,Juventus,Roma,Y,13,0-0,Pau López,Álvaro Morata,,Roma,Juventus,Home,W 2–0,90,1,1771.69714355,club,Group,FALSE,0.847289373505704,0.05544084683060646,understat,C._Ronaldo-705,0.847289373505704
C. Ronaldo,186,2021-02-22,Serie A,Matchweek 23,Home,Juventus,Crotone,Y,38,0-0,Alex Cordaz,Alex Sandro,,Crotone,Juventus,Home,W 3–0,90,2,1483.72424316,club,Group,FALSE,0.7284566152642596,0.40768131613731384,understat,C._Ronaldo-706,0.7284566152642596
C. Ronaldo,185,2021-02-22,Serie A,Matchweek 23,Home,Juventus,Crotone,Y,45+1,1-0,Alex Cordaz,Aaron Ramsey,,Crotone,Juventus,Home,W 3–0,90,2,1483.72424316,club,Group,FALSE,0.7284566152642596,0.37298867106437683,understat,C._Ronaldo-707,0.7284566152642596
C. Ronaldo,184,2021-02-27,Serie A,Matchweek 24,Away,Juventus,Hellas Verona,Y,49,0-0,Marco Silvestri,Federico Chiesa,,Hellas Verona,Juventus,Away,D 1–1,90,1,1640.2555612658948,league_avg,Group,TRUE,-1.149130067502143,0.3703329861164093,understat,C._Ronaldo-708,-1.149130067502143
C. Ronaldo,183,2021-03-02,Serie A,Matchweek 25,Home,Juventus,Spezia,Y,89,2-0,Ivan Provedel,Rodrigo Bentancur,,Spezia,Juventus,Home,W 3–0,90,1,1518.9173584,club,Group,FALSE,0.7429791448127501,0.2845880389213562,understat,C._Ronaldo-709,0.7429791448127501
C. Ronaldo,182,2021-03-14,Serie A,Matchweek 27,Away,Juventus,Cagliari,Y,10,0-0,Alessio Cragno,Juan Cuadrado,,Cagliari,Juventus,Away,W 3–1,90,3,1569.51831055,club,Group,TRUE,-1.1783199760025687,0.4033941924571991,understat,C._Ronaldo-710,-1.1783199760025687
C. Ronaldo,181,2021-03-14,Serie A,Matchweek 27,Away,Juventus,Cagliari,Y,25,1-0,Alessio Cragno,,Penalty kick,Cagliari,Juventus,Away,W 3–1,90,3,1569.51831055,club,Group,TRUE,-1.1783199760025687,0.7612988352775574,understat,C._Ronaldo-711,-1.1783199760025687
C. Ronaldo,180,2021-03-14,Serie A,Matchweek 27,Away,Juventus,Cagliari,Y,32,2-0,Alessio Cragno,Federico Chiesa,,Cagliari,Juventus,Away,W 3–1,90,3,1569.51831055,club,Group,TRUE,-1.1783199760025687,0.10110542178153992,understat,C._Ronaldo-712,-1.1783199760025687
C. Ronaldo,179,2021-03-30,WCQ,First round,Away,Portugal,Luxembourg,Y*,51,1-1,Anthony Moris,João Cancelo,,Luxembourg,Portugal,Away,W 3–1,90,1,1393,national,Other,TRUE,-1.1295929652764485,NA,missing,C._Ronaldo-713,-1.1295929652764485
C. Ronaldo,178,2021-04-03,Serie A,Matchweek 29,Away,Juventus,Torino,Y,79,1-2,Salvatore Sirigu,Giorgio Chiellini,,Torino,Juventus,Away,D 2–2,90,1,1577.70703125,club,Group,TRUE,-1.1749408793378062,0.6475933194160461,understat,C._Ronaldo-714,-1.1749408793378062
C. Ronaldo,177,2021-04-07,Serie A,Matchweek 3,Home,Juventus,Napoli,Y,13,0-0,Alex Meret,Federico Chiesa,,Napoli,Juventus,Home,W 2–1,90,1,1773.75842285,club,Group,FALSE,0.8481399657121002,0.32635754346847534,understat,C._Ronaldo-715,0.8481399657121002
C. Ronaldo,176,2021-05-02,Serie A,Matchweek 34,Away,Juventus,Udinese,Y,83,0-1,Simone Scuffet,,Penalty kick,Udinese,Juventus,Away,W 2–1,90,2,1613.44128418,club,Group,TRUE,-1.1601950479293006,0.7612988352775574,understat,C._Ronaldo-716,-1.1601950479293006
C. Ronaldo,175,2021-05-02,Serie A,Matchweek 34,Away,Juventus,Udinese,Y,89,1-1,Simone Scuffet,Adrien Rabiot,,Udinese,Juventus,Away,W 2–1,90,2,1613.44128418,club,Group,TRUE,-1.1601950479293006,0.556177020072937,understat,C._Ronaldo-717,-1.1601950479293006
C. Ronaldo,174,2021-05-12,Serie A,Matchweek 36,Away,Juventus,Sassuolo,Y,45,1-0,Andrea Consigli,Adrien Rabiot,,Sassuolo,Juventus,Away,W 3–1,90,1,1686.90612793,club,Group,TRUE,-1.1298795911458106,0.36698365211486816,understat,C._Ronaldo-718,-1.1298795911458106
C. Ronaldo,173,2021-05-15,Serie A,Matchweek 37,Home,Juventus,Inter,Y,24,0-0,Samir Handanović,,,Inter,Juventus,Home,W 3–2,69,1,1903.54870605,club,Group,FALSE,0.9016982599984951,0.6015962958335876,understat,C._Ronaldo-719,0.9016982599984951
C. Ronaldo,172,2021-06-09,Friendlies (M),Friendlies (M),Home,Portugal,Israel,Y*,44,1-0,Ofir Marciano,Bruno Fernandes,,Israel,Portugal,Home,W 4–0,70,1,1606,national,Other,FALSE,0.9004817666350289,NA,missing,C._Ronaldo-720,0.9004817666350289
C. Ronaldo,171,2021-06-15,UEFA Euro,Group stage,Neutral,Portugal,Hungary,Y*,87,1-0,Péter Gulácsi,,Penalty kick,Hungary,Portugal,Neutral,W 3–0,90,2,1719,national,Group,FALSE,1.0016837189973729,NA,missing,C._Ronaldo-721,1.0016837189973729
C. Ronaldo,170,2021-06-15,UEFA Euro,Group stage,Neutral,Portugal,Hungary,Y*,90+2,2-0,Péter Gulácsi,Rafa Silva,,Hungary,Portugal,Neutral,W 3–0,90,2,1719,national,Group,FALSE,1.0016837189973729,NA,missing,C._Ronaldo-722,1.0016837189973729
C. Ronaldo,169,2021-06-19,UEFA Euro,Group stage,Neutral,Portugal,Germany,Y*,15,0-0,Manuel Neuer,Diogo Jota,,Germany,Portugal,Neutral,L 2–4,90,1,1956,national,Group,FALSE,1.0994823787500123,NA,missing,C._Ronaldo-723,1.0994823787500123
C. Ronaldo,168,2021-06-23,UEFA Euro,Group stage,Neutral,Portugal,France,Y*,31,0-0,Hugo Lloris,,Penalty kick,France,Portugal,Neutral,D 2–2,90,2,2086,national,Group,FALSE,1.1531272132134858,NA,missing,C._Ronaldo-724,1.1531272132134858
C. Ronaldo,167,2021-06-23,UEFA Euro,Group stage,Neutral,Portugal,France,Y*,60,1-2,Hugo Lloris,,Penalty kick,France,Portugal,Neutral,D 2–2,90,2,2086,national,Group,FALSE,1.1531272132134858,NA,missing,C._Ronaldo-725,1.1531272132134858
C. Ronaldo,166,2021-09-01,WCQ,First round,Home,Portugal,Rep. of Ireland,Y*,89,0-1,Gavin Bazunu,,,Rep. of Ireland,Portugal,Home,W 2–1,90,2,1620,national,Other,FALSE,0.9062589026541721,NA,missing,C._Ronaldo-726,0.9062589026541721
C. Ronaldo,165,2021-09-01,WCQ,First round,Home,Portugal,Rep. of Ireland,Y*,90+6,1-1,Gavin Bazunu,,,Rep. of Ireland,Portugal,Home,W 2–1,90,2,1620,national,Other,FALSE,0.9062589026541721,NA,missing,C._Ronaldo-727,0.9062589026541721
C. Ronaldo,164,2021-09-11,Premier League,Matchweek 4,Home,Manchester Utd,Newcastle,Y,45+2,0-0,Freddie Woodman,,,Newcastle,Manchester Utd,Home,W 4–1,90,2,1705.55249023,club,Group,FALSE,0.81999461213651,0.8878591656684875,understat,C._Ronaldo-728,0.81999461213651
C. Ronaldo,163,2021-09-11,Premier League,Matchweek 4,Home,Manchester Utd,Newcastle,Y,62,1-1,Freddie Woodman,Luke Shaw,,Newcastle,Manchester Utd,Home,W 4–1,90,2,1705.55249023,club,Group,FALSE,0.81999461213651,0.301787406206131,understat,C._Ronaldo-729,0.81999461213651
C. Ronaldo,162,2021-09-14,Champions Lg,Group stage,Away,Manchester Utd,Young Boys,Y,13,0-0,David von Ballmoos,Bruno Fernandes,,Young Boys,Manchester Utd,Away,L 1–2,71,1,1812.7101919840484,league_avg,Group,TRUE,-1.0779662204457217,NA,missing,C._Ronaldo-730,-1.0779662204457217
C. Ronaldo,161,2021-09-19,Premier League,Matchweek 5,Away,Manchester Utd,West Ham,Y,35,0-1,Łukasz Fabiański,,,West Ham,Manchester Utd,Away,W 2–1,90,1,1832.21252441,club,Group,TRUE,-1.069918532794631,0.8431230783462524,understat,C._Ronaldo-731,-1.069918532794631
C. Ronaldo,160,2021-09-29,Champions Lg,Group stage,Home,Manchester Utd,Villarreal,Y,90+5,1-1,Gerónimo Rulli,Jesse Lingard,,Villarreal,Manchester Utd,Home,W 2–1,90,1,1816.82263184,club,Group,FALSE,0.8659105223472461,NA,missing,C._Ronaldo-732,0.8659105223472461
C. Ronaldo,159,2021-10-09,Friendlies (M),Friendlies (M),Home,Portugal,Qatar,Y*,37,0-0,Saad Al Sheeb,,,Qatar,Portugal,Home,W 3–0,45,1,1670,national,Other,FALSE,0.9268915312939697,NA,missing,C._Ronaldo-733,0.9268915312939697
C. Ronaldo,157,2021-10-12,WCQ,First round,Home,Portugal,Luxembourg,Y*,13,1-0,Anthony Moris,,Penalty kick,Luxembourg,Portugal,Home,W 5–0,90,3,1394,national,Other,FALSE,0.8129994212022876,NA,missing,C._Ronaldo-734,0.8129994212022876
C. Ronaldo,158,2021-10-12,WCQ,First round,Home,Portugal,Luxembourg,Y*,8,0-0,Anthony Moris,,Penalty kick,Luxembourg,Portugal,Home,W 5–0,90,3,1394,national,Other,FALSE,0.8129994212022876,NA,missing,C._Ronaldo-735,0.8129994212022876
C. Ronaldo,156,2021-10-12,WCQ,First round,Home,Portugal,Luxembourg,Y*,87,4-0,Anthony Moris,Rúben Neves,,Luxembourg,Portugal,Home,W 5–0,90,3,1394,national,Other,FALSE,0.8129994212022876,NA,missing,C._Ronaldo-736,0.8129994212022876
C. Ronaldo,155,2021-10-20,Champions Lg,Group stage,Home,Manchester Utd,Atalanta,Y,81,2-2,Juan Musso,Luke Shaw,,Atalanta,Manchester Utd,Home,W 3–2,90,1,1824.55175781,club,Group,FALSE,0.8690999660642307,NA,missing,C._Ronaldo-737,0.8690999660642307
C. Ronaldo,154,2021-10-30,Premier League,Matchweek 10,Away,Manchester Utd,Tottenham,Y,39,0-0,Hugo Lloris,Bruno Fernandes,,Tottenham,Manchester Utd,Away,W 3–0,70,1,1801.58447266,club,Group,TRUE,-1.0825572771489957,0.05590733140707016,understat,C._Ronaldo-738,-1.0825572771489957
C. Ronaldo,153,2021-11-02,Champions Lg,Group stage,Away,Manchester Utd,Atalanta,Y,45+1,0-1,Juan Musso,Bruno Fernandes,,Atalanta,Manchester Utd,Away,D 2–2,90,2,1806.95251465,club,Group,TRUE,-1.0803421408109455,NA,missing,C._Ronaldo-739,-1.0803421408109455
C. Ronaldo,152,2021-11-02,Champions Lg,Group stage,Away,Manchester Utd,Atalanta,Y,90+1,1-2,Juan Musso,Mason Greenwood,,Atalanta,Manchester Utd,Away,D 2–2,90,2,1806.95251465,club,Group,TRUE,-1.0803421408109455,NA,missing,C._Ronaldo-740,-1.0803421408109455
C. Ronaldo,151,2021-11-23,Champions Lg,Group stage,Away,Manchester Utd,Villarreal,Y,78,0-0,Gerónimo Rulli,,,Villarreal,Manchester Utd,Away,W 2–0,89,1,1790.60754395,club,Group,TRUE,-1.0870869350225751,NA,missing,C._Ronaldo-741,-1.0870869350225751
C. Ronaldo,150,2021-12-02,Premier League,Matchweek 14,Home,Manchester Utd,Arsenal,Y,52,1-1,Aaron Ramsdale,Marcus Rashford,,Arsenal,Manchester Utd,Home,W 3–2,87,2,1861.47314453,club,Group,FALSE,0.8843356712854324,0.40711647272109985,understat,C._Ronaldo-742,0.8843356712854324
C. Ronaldo,149,2021-12-02,Premier League,Matchweek 14,Home,Manchester Utd,Arsenal,Y,70,2-2,Aaron Ramsdale,,Penalty kick,Arsenal,Manchester Utd,Home,W 3–2,87,2,1861.47314453,club,Group,FALSE,0.8843356712854324,0.7611688375473022,understat,C._Ronaldo-743,0.8843356712854324
C. Ronaldo,148,2021-12-11,Premier League,Matchweek 16,Away,Manchester Utd,Norwich City,Y,75,0-0,Tim Krul,,Penalty kick,Norwich City,Manchester Utd,Away,W 1–0,90,1,1736.966232299479,league_avg,Group,TRUE,-1.1092221602833114,0.7611688375473022,understat,C._Ronaldo-744,-1.1092221602833114
C. Ronaldo,147,2021-12-30,Premier League,Matchweek 20,Home,Manchester Utd,Burnley,Y,35,2-0,Wayne Hennessey,,,Burnley,Manchester Utd,Home,W 3–1,89,1,1690.97265625,club,Group,FALSE,0.8139782061337255,0.579865038394928,understat,C._Ronaldo-745,0.8139782061337255
C. Ronaldo,146,2022-02-15,Premier League,Matchweek 18,Home,Manchester Utd,Brighton,Y,51,0-0,Robert Sánchez,Scott McTominay,,Brighton,Manchester Utd,Home,W 2–0,90,1,1753.61645508,club,Group,FALSE,0.8398283308906366,0.08873254060745239,understat,C._Ronaldo-746,0.8398283308906366
C. Ronaldo,145,2022-03-12,Premier League,Matchweek 29,Home,Manchester Utd,Tottenham,Y,12,0-0,Hugo Lloris,Fred,,Tottenham,Manchester Utd,Home,W 3–2,82,3,1815.51989746,club,Group,FALSE,0.8653729456536697,0.017337441444396973,understat,C._Ronaldo-747,0.8653729456536697
C. Ronaldo,144,2022-03-12,Premier League,Matchweek 29,Home,Manchester Utd,Tottenham,Y,38,1-1,Hugo Lloris,Jadon Sancho,,Tottenham,Manchester Utd,Home,W 3–2,82,3,1815.51989746,club,Group,FALSE,0.8653729456536697,0.5309658050537109,understat,C._Ronaldo-748,0.8653729456536697
C. Ronaldo,143,2022-03-12,Premier League,Matchweek 29,Home,Manchester Utd,Tottenham,Y,81,2-2,Hugo Lloris,Alex Telles,,Tottenham,Manchester Utd,Home,W 3–2,82,3,1815.51989746,club,Group,FALSE,0.8653729456536697,0.023631595075130463,understat,C._Ronaldo-749,0.8653729456536697
C. Ronaldo,141,2022-04-16,Premier League,Matchweek 33,Home,Manchester Utd,Norwich City,Y,32,1-0,Tim Krul,Alex Telles,,Norwich City,Manchester Utd,Home,W 3–2,90,3,1736.966232299479,league_avg,Group,FALSE,0.8329575736226291,0.4347400963306427,understat,C._Ronaldo-750,0.8329575736226291
C. Ronaldo,142,2022-04-16,Premier League,Matchweek 33,Home,Manchester Utd,Norwich City,Y,7,0-0,Tim Krul,Anthony Elanga,,Norwich City,Manchester Utd,Home,W 3–2,90,3,1736.966232299479,league_avg,Group,FALSE,0.8329575736226291,0.0476127453148365,understat,C._Ronaldo-751,0.8329575736226291
C. Ronaldo,140,2022-04-16,Premier League,Matchweek 33,Home,Manchester Utd,Norwich City,Y,76,2-2,Tim Krul,,,Norwich City,Manchester Utd,Home,W 3–2,90,3,1736.966232299479,league_avg,Group,FALSE,0.8329575736226291,0.03375481069087982,understat,C._Ronaldo-752,0.8329575736226291
C. Ronaldo,139,2022-04-23,Premier League,Matchweek 34,Away,Manchester Utd,Arsenal,Y,34,0-2,Aaron Ramsdale,Nemanja Matić,,Arsenal,Manchester Utd,Away,L 1–3,90,1,1866.10681152,club,Group,TRUE,-1.055931968015605,0.3589361906051636,understat,C._Ronaldo-753,-1.055931968015605
C. Ronaldo,138,2022-04-28,Premier League,Matchweek 37,Home,Manchester Utd,Chelsea,Y,62,0-1,Édouard Mendy,Nemanja Matić,,Chelsea,Manchester Utd,Home,D 1–1,90,1,1930.54394531,club,Group,FALSE,0.9128379149323761,0.30762577056884766,understat,C._Ronaldo-754,0.9128379149323761
C. Ronaldo,137,2022-05-02,Premier League,Matchweek 35,Home,Manchester Utd,Brentford,Y,61,1-0,David Raya,,Penalty kick,Brentford,Manchester Utd,Home,W 3–0,90,1,1723.80944824,club,Group,FALSE,0.8275283928307641,0.7611688375473022,understat,C._Ronaldo-755,0.8275283928307641
C. Ronaldo,136,2022-06-05,UEFA Nations League,League A,Home,Portugal,Switzerland,Y*,35,1-0,Gregor Kobel,Diogo Jota,,Switzerland,Portugal,Home,W 4–0,90,2,1880,national,Other,FALSE,1.0135485715811186,NA,missing,C._Ronaldo-756,1.0135485715811186
C. Ronaldo,135,2022-06-05,UEFA Nations League,League A,Home,Portugal,Switzerland,Y*,39,2-0,Gregor Kobel,Diogo Jota,,Switzerland,Portugal,Home,W 4–0,90,2,1880,national,Other,FALSE,1.0135485715811186,NA,missing,C._Ronaldo-757,1.0135485715811186
C. Ronaldo,134,2022-09-15,Europa Lg,Group stage,Away,Manchester Utd,Sheriff Tiraspol,Y,39,1-0,Maksym Koval,,Penalty kick,Sheriff Tiraspol,Manchester Utd,Away,W 2–0,80,1,1493.47399902,club,Group,TRUE,-1.2096998568019197,NA,missing,C._Ronaldo-758,-1.2096998568019197
C. Ronaldo,133,2022-10-09,Premier League,Matchweek 10,Away,Manchester Utd,Everton,N,44,1-1,Jordan Pickford,Casemiro,,Everton,Manchester Utd,Away,W 2–1,62,1,1711.97705078,club,Group,TRUE,-1.1195340103293898,0.43927499651908875,understat,C._Ronaldo-759,-1.1195340103293898
C. Ronaldo,132,2022-10-27,Europa Lg,Group stage,Home,Manchester Utd,Sheriff Tiraspol,Y,81,2-0,Maksym Koval,,,Sheriff Tiraspol,Manchester Utd,Home,W 3–0,90,1,1474.47253418,club,Group,FALSE,0.7246388737509034,NA,missing,C._Ronaldo-760,0.7246388737509034
C. Ronaldo,131,2022-11-24,World Cup,Group stage,Neutral,Portugal,Ghana,Y*,65,0-0,Lawrence Ati-Zigi,,Penalty kick,Ghana,Portugal,Neutral,W 3–2,87,1,1561,national,Group,FALSE,0.9364846124956131,NA,missing,C._Ronaldo-761,0.9364846124956131
C. Ronaldo,130,2023-02-03,Pro League,Matchweek 15,Away,Al-Nassr,Al-Fateh,Y*,90+3,1-2,Jacob Rinne,,Penalty kick,Al-Fateh,Al-Nassr,Away,D 2–2,90,1,1500,global_1500,Group,TRUE,-1.207006885707454,NA,missing,C._Ronaldo-762,-1.207006885707454
C. Ronaldo,129,2023-02-09,Pro League,Matchweek 16,Away,Al-Nassr,Al-Wehda,Y*,21,0-0,Abdulquddus Atiah,Abdulrahman Ghareeb,,Al-Wehda,Al-Nassr,Away,W 4–0,90,4,1500,global_1500,Group,TRUE,-1.207006885707454,NA,missing,C._Ronaldo-763,-1.207006885707454
C. Ronaldo,128,2023-02-09,Pro League,Matchweek 16,Away,Al-Nassr,Al-Wehda,Y*,40,1-0,Abdulquddus Atiah,Sami Al-Najei,,Al-Wehda,Al-Nassr,Away,W 4–0,90,4,1500,global_1500,Group,TRUE,-1.207006885707454,NA,missing,C._Ronaldo-764,-1.207006885707454
C. Ronaldo,127,2023-02-09,Pro League,Matchweek 16,Away,Al-Nassr,Al-Wehda,Y*,53,2-0,Abdulquddus Atiah,,Penalty kick,Al-Wehda,Al-Nassr,Away,W 4–0,90,4,1500,global_1500,Group,TRUE,-1.207006885707454,NA,missing,C._Ronaldo-765,-1.207006885707454
C. Ronaldo,126,2023-02-09,Pro League,Matchweek 16,Away,Al-Nassr,Al-Wehda,Y*,61,3-0,Abdulquddus Atiah,,,Al-Wehda,Al-Nassr,Away,W 4–0,90,4,1500,global_1500,Group,TRUE,-1.207006885707454,NA,missing,C._Ronaldo-766,-1.207006885707454
C. Ronaldo,125,2023-02-25,Pro League,Matchweek 18,Away,Al-Nassr,Damac,Y*,18,0-0,Moustapha Zeghba,,Penalty kick,Damac,Al-Nassr,Away,W 3–0,90,3,1500,global_1500,Group,TRUE,-1.207006885707454,NA,missing,C._Ronaldo-767,-1.207006885707454
C. Ronaldo,124,2023-02-25,Pro League,Matchweek 18,Away,Al-Nassr,Damac,Y*,23,1-0,Moustapha Zeghba,Sultan Al-Ghanam,,Damac,Al-Nassr,Away,W 3–0,90,3,1500,global_1500,Group,TRUE,-1.207006885707454,NA,missing,C._Ronaldo-768,-1.207006885707454
C. Ronaldo,123,2023-02-25,Pro League,Matchweek 18,Away,Al-Nassr,Damac,Y*,44,2-0,Moustapha Zeghba,Ayman Yahya,,Damac,Al-Nassr,Away,W 3–0,90,3,1500,global_1500,Group,TRUE,-1.207006885707454,NA,missing,C._Ronaldo-769,-1.207006885707454
C. Ronaldo,122,2023-03-18,Pro League,Matchweek 21,Home,Al-Nassr,Abha,Y*,78,0-1,Devis Epassy,,,Abha,Al-Nassr,Home,W 2–1,90,1,1500,global_1500,Group,FALSE,0.7351728481984868,NA,missing,C._Ronaldo-770,0.7351728481984868
C. Ronaldo,121,2023-03-23,UEFA Euro qual.,Group stage,Home,Portugal,Liechtenstein,Y*,51,2-0,Benjamin Büchel,,Penalty kick,Liechtenstein,Portugal,Home,W 4–0,77,2,977,national,Group,FALSE,0.5193555526262065,NA,missing,C._Ronaldo-771,0.5193555526262065
C. Ronaldo,120,2023-03-23,UEFA Euro qual.,Group stage,Home,Portugal,Liechtenstein,Y*,63,3-0,Benjamin Büchel,,,Liechtenstein,Portugal,Home,W 4–0,77,2,977,national,Group,FALSE,0.5193555526262065,NA,missing,C._Ronaldo-772,0.5193555526262065
C. Ronaldo,118,2023-03-26,UEFA Euro qual.,Group stage,Away,Portugal,Luxembourg,Y*,31,3-0,Anthony Moris,Bruno Fernandes,,Luxembourg,Portugal,Away,W 6–0,63,2,1449,national,Group,TRUE,-1.2280521669200473,NA,missing,C._Ronaldo-773,-1.2280521669200473
C. Ronaldo,119,2023-03-26,UEFA Euro qual.,Group stage,Away,Portugal,Luxembourg,Y*,9,0-0,Anthony Moris,Nuno Mendes,,Luxembourg,Portugal,Away,W 6–0,63,2,1449,national,Group,TRUE,-1.2280521669200473,NA,missing,C._Ronaldo-774,-1.2280521669200473
C. Ronaldo,117,2023-04-04,Pro League,Matchweek 22,Away,Al-Nassr,Al-Adalah,Y*,40,0-0,Milan Mijatović,,Penalty kick,Al-Adalah,Al-Nassr,Away,W 5–0,90,2,1500,global_1500,Group,TRUE,-1.207006885707454,NA,missing,C._Ronaldo-775,-1.207006885707454
C. Ronaldo,116,2023-04-04,Pro League,Matchweek 22,Away,Al-Nassr,Al-Adalah,Y*,66,2-0,Milan Mijatović,Talisca,,Al-Adalah,Al-Nassr,Away,W 5–0,90,2,1500,global_1500,Group,TRUE,-1.207006885707454,NA,missing,C._Ronaldo-776,-1.207006885707454
C. Ronaldo,115,2023-04-28,Pro League,Matchweek 24,Home,Al-Nassr,Al-Raed,Y*,4,0-0,Silviu Lung Jr.,Sultan Al-Ghanam,,Al-Raed,Al-Nassr,Home,W 4–0,90,1,1500,global_1500,Group,FALSE,0.7351728481984868,NA,missing,C._Ronaldo-777,0.7351728481984868
C. Ronaldo,114,2023-05-16,Pro League,Matchweek 27,Away,Al-Nassr,Al-Ta'ee,Y*,52,0-0,Victor Braga,,Penalty kick,Al-Ta'ee,Al-Nassr,Away,W 2–0,90,1,1500,global_1500,Group,TRUE,-1.207006885707454,NA,missing,C._Ronaldo-778,-1.207006885707454
C. Ronaldo,113,2023-05-23,Pro League,Matchweek 28,Home,Al-Nassr,Al-Shabab,Y*,59,2-2,Kim Seung-gyu,Luiz Gustavo,,Al-Shabab,Al-Nassr,Home,W 3–2,90,1,1500,global_1500,Group,FALSE,0.7351728481984868,NA,missing,C._Ronaldo-779,0.7351728481984868
C. Ronaldo,112,2023-06-20,UEFA Euro qual.,Group stage,Away,Portugal,Iceland,Y*,89,0-0,Rúnar Alex Rúnarsson,Gonçalo Inácio,,Iceland,Portugal,Away,W 1–0,90,1,1498,national,Group,TRUE,-1.2078321908530456,NA,missing,C._Ronaldo-780,-1.2078321908530456
C. Ronaldo,111,2023-08-25,Pro League,Matchweek 3,Away,Al-Nassr,Al-Fateh,Y*,38,1-0,Jacob Rinne,Sultan Al-Ghanam,,Al-Fateh,Al-Nassr,Away,W 5–0,90,3,1500,global_1500,Group,TRUE,-1.207006885707454,NA,missing,C._Ronaldo-781,-1.207006885707454
C. Ronaldo,110,2023-08-25,Pro League,Matchweek 3,Away,Al-Nassr,Al-Fateh,Y*,55,2-0,Jacob Rinne,Abdulrahman Ghareeb,,Al-Fateh,Al-Nassr,Away,W 5–0,90,3,1500,global_1500,Group,TRUE,-1.207006885707454,NA,missing,C._Ronaldo-782,-1.207006885707454
C. Ronaldo,109,2023-08-25,Pro League,Matchweek 3,Away,Al-Nassr,Al-Fateh,Y*,90+5,4-0,Jacob Rinne,Nawaf Boushal,,Al-Fateh,Al-Nassr,Away,W 5–0,90,3,1500,global_1500,Group,TRUE,-1.207006885707454,NA,missing,C._Ronaldo-783,-1.207006885707454
C. Ronaldo,108,2023-08-29,Pro League,Matchweek 4,Home,Al-Nassr,Al-Shabab,Y*,13,0-0,Kim Seung-gyu,,Penalty kick,Al-Shabab,Al-Nassr,Home,W 4–0,85,2,1500,global_1500,Group,FALSE,0.7351728481984868,NA,missing,C._Ronaldo-784,0.7351728481984868
C. Ronaldo,107,2023-08-29,Pro League,Matchweek 4,Home,Al-Nassr,Al-Shabab,Y*,38,1-0,Kim Seung-gyu,,Penalty kick,Al-Shabab,Al-Nassr,Home,W 4–0,85,2,1500,global_1500,Group,FALSE,0.7351728481984868,NA,missing,C._Ronaldo-785,0.7351728481984868
C. Ronaldo,106,2023-09-02,Pro League,Matchweek 5,Away,Al-Nassr,Al-Hazem,Y*,68,3-1,Aymen Dahmen,Abdulrahman Ghareeb,,Al-Hazem,Al-Nassr,Away,W 5–1,90,1,1500,global_1500,Group,TRUE,-1.207006885707454,NA,missing,C._Ronaldo-786,-1.207006885707454
C. Ronaldo,105,2023-09-16,Pro League,Matchweek 6,Away,Al-Nassr,Al-Raed,Y*,78,2-0,André Moreira,Talisca,,Al-Raed,Al-Nassr,Away,W 3–1,90,1,1500,global_1500,Group,TRUE,-1.207006885707454,NA,missing,C._Ronaldo-787,-1.207006885707454
C. Ronaldo,104,2023-09-22,Pro League,Matchweek 7,Home,Al-Nassr,Al-Ahli,Y*,4,0-0,Édouard Mendy,Sadio Mané,,Al-Ahli,Al-Nassr,Home,W 4–3,90,2,1500,global_1500,Group,FALSE,0.7351728481984868,NA,missing,C._Ronaldo-788,0.7351728481984868
C. Ronaldo,103,2023-09-22,Pro League,Matchweek 7,Home,Al-Nassr,Al-Ahli,Y*,52,3-2,Édouard Mendy,Talisca,,Al-Ahli,Al-Nassr,Home,W 4–3,90,2,1500,global_1500,Group,FALSE,0.7351728481984868,NA,missing,C._Ronaldo-789,0.7351728481984868
C. Ronaldo,102,2023-09-29,Pro League,Matchweek 8,Away,Al-Nassr,Al-Ta'ee,Y*,87,1-1,Victor Braga,,Penalty kick,Al-Ta'ee,Al-Nassr,Away,W 2–1,90,1,1500,global_1500,Group,TRUE,-1.207006885707454,NA,missing,C._Ronaldo-790,-1.207006885707454
C. Ronaldo,101,2023-10-13,UEFA Euro qual.,Group stage,Home,Portugal,Slovakia,Y*,29,1-0,Martin Dúbravka,,Penalty kick,Slovakia,Portugal,Home,W 3–2,90,2,1611,national,Group,FALSE,0.7809772837788368,NA,missing,C._Ronaldo-791,0.7809772837788368
C. Ronaldo,100,2023-10-13,UEFA Euro qual.,Group stage,Home,Portugal,Slovakia,Y*,72,2-1,Martin Dúbravka,Bruno Fernandes,,Slovakia,Portugal,Home,W 3–2,90,2,1611,national,Group,FALSE,0.7809772837788368,NA,missing,C._Ronaldo-792,0.7809772837788368
C. Ronaldo,98,2023-10-16,UEFA Euro qual.,Group stage,Away,Portugal,Bosnia–Herz,Y*,20,1-0,Ibrahim Šehić,João Félix,,Bosnia–Herz,Portugal,Away,W 5–0,65,2,1532,national,Group,TRUE,-1.1938020033779835,NA,missing,C._Ronaldo-793,-1.1938020033779835
C. Ronaldo,99,2023-10-16,UEFA Euro qual.,Group stage,Away,Portugal,Bosnia–Herz,Y*,5,0-0,Ibrahim Šehić,,Penalty kick,Bosnia–Herz,Portugal,Away,W 5–0,65,2,1532,national,Group,TRUE,-1.1938020033779835,NA,missing,C._Ronaldo-794,-1.1938020033779835
C. Ronaldo,97,2023-10-21,Pro League,Matchweek 10,Home,Al-Nassr,Damac,Y*,56,1-1,Moustapha Zeghba,,,Damac,Al-Nassr,Home,W 2–1,90,1,1500,global_1500,Group,FALSE,0.7351728481984868,NA,missing,C._Ronaldo-795,0.7351728481984868
C. Ronaldo,96,2023-11-04,Pro League,Matchweek 12,Home,Al-Nassr,Al-Khaleej,Y*,26,0-0,Marwan Al Haidari,Abdulrahman Ghareeb,,Al-Khaleej,Al-Nassr,Home,W 2–0,90,1,1500,global_1500,Group,FALSE,0.7351728481984868,NA,missing,C._Ronaldo-796,0.7351728481984868
C. Ronaldo,95,2023-11-11,Pro League,Matchweek 13,Away,Al-Nassr,Al-Wehda,Y*,49,2-0,Munir,,,Al-Wehda,Al-Nassr,Away,W 3–1,90,1,1500,global_1500,Group,TRUE,-1.207006885707454,NA,missing,C._Ronaldo-797,-1.207006885707454
C. Ronaldo,94,2023-11-16,UEFA Euro qual.,Group stage,Away,Portugal,Liechtenstein,Y*,46,0-0,Benjamin Büchel,Diogo Jota,,Liechtenstein,Portugal,Away,W 2–0,66,1,958,national,Group,TRUE,-1.4306645801628568,NA,missing,C._Ronaldo-798,-1.4306645801628568
C. Ronaldo,93,2023-11-24,Pro League,Matchweek 14,Home,Al-Nassr,Al-Okhdood,Y*,77,1-0,Paulo Vítor,,,Al-Okhdood,Al-Nassr,Home,W 3–0,90,2,1500,global_1500,Group,FALSE,0.7351728481984868,NA,missing,C._Ronaldo-799,0.7351728481984868
C. Ronaldo,92,2023-11-24,Pro League,Matchweek 14,Home,Al-Nassr,Al-Okhdood,Y*,80,2-0,Paulo Vítor,,,Al-Okhdood,Al-Nassr,Home,W 3–0,90,2,1500,global_1500,Group,FALSE,0.7351728481984868,NA,missing,C._Ronaldo-800,0.7351728481984868
C. Ronaldo,91,2023-12-08,Pro League,Matchweek 16,Home,Al-Nassr,Al-Riyadh,Y*,31,0-0,Martín Campaña,Sadio Mané,,Al-Riyadh,Al-Nassr,Home,W 4–1,90,1,1500,global_1500,Group,FALSE,0.7351728481984868,NA,missing,C._Ronaldo-801,0.7351728481984868
C. Ronaldo,90,2023-12-22,Pro League,Matchweek 18,Home,Al-Nassr,Al-Ettifaq,Y*,73,2-0,Paulo Victor Vidotti,,Penalty kick,Al-Ettifaq,Al-Nassr,Home,W 3–1,90,1,1500,global_1500,Group,FALSE,0.7351728481984868,NA,missing,C._Ronaldo-802,0.7351728481984868
C. Ronaldo,89,2023-12-26,Pro League,Matchweek 17,Away,Al-Nassr,Al-Ittihad,Y*,19,0-1,Abdullah Al-Mayouf,,Penalty kick,Al-Ittihad,Al-Nassr,Away,W 5–2,90,2,1500,global_1500,Group,TRUE,-1.207006885707454,NA,missing,C._Ronaldo-803,-1.207006885707454
C. Ronaldo,88,2023-12-26,Pro League,Matchweek 17,Away,Al-Nassr,Al-Ittihad,Y*,68,2-2,Abdullah Al-Mayouf,,Penalty kick,Al-Ittihad,Al-Nassr,Away,W 5–2,90,2,1500,global_1500,Group,TRUE,-1.207006885707454,NA,missing,C._Ronaldo-804,-1.207006885707454
C. Ronaldo,87,2023-12-30,Pro League,Matchweek 19,Away,Al-Nassr,Al-Taawoun,Y*,90+2,3-1,Mailson,Seko Fofana,,Al-Taawoun,Al-Nassr,Away,W 4–1,90,1,1500,global_1500,Group,TRUE,-1.207006885707454,NA,missing,C._Ronaldo-805,-1.207006885707454
C. Ronaldo,86,2024-02-17,Pro League,Matchweek 20,Home,Al-Nassr,Al-Fateh,Y*,17,0-0,Jacob Rinne,Sultan Al-Ghanam,,Al-Fateh,Al-Nassr,Home,W 2–1,90,1,1500,global_1500,Group,FALSE,0.7351728481984868,NA,missing,C._Ronaldo-806,0.7351728481984868
C. Ronaldo,85,2024-02-25,Pro League,Matchweek 21,Away,Al-Nassr,Al-Shabab,Y*,21,0-0,Mohammed Al Absi,,Penalty kick,Al-Shabab,Al-Nassr,Away,W 3–2,90,1,1500,global_1500,Group,TRUE,-1.207006885707454,NA,missing,C._Ronaldo-807,-1.207006885707454
C. Ronaldo,84,2024-03-15,Pro League,Matchweek 24,Away,Al-Nassr,Al-Ahli,Y*,68,0-0,Édouard Mendy,,Penalty kick,Al-Ahli,Al-Nassr,Away,W 1–0,90,1,1500,global_1500,Group,TRUE,-1.207006885707454,NA,missing,C._Ronaldo-808,-1.207006885707454
C. Ronaldo,83,2024-03-30,Pro League,Matchweek 25,Home,Al-Nassr,Al-Ta'ee,Y*,64,2-1,Muataz Al Bagawi,Sadio Mané,,Al-Ta'ee,Al-Nassr,Home,W 5–1,90,3,1500,global_1500,Group,FALSE,0.7351728481984868,NA,missing,C._Ronaldo-809,0.7351728481984868
C. Ronaldo,82,2024-03-30,Pro League,Matchweek 25,Home,Al-Nassr,Al-Ta'ee,Y*,67,3-1,Muataz Al Bagawi,,,Al-Ta'ee,Al-Nassr,Home,W 5–1,90,3,1500,global_1500,Group,FALSE,0.7351728481984868,NA,missing,C._Ronaldo-810,0.7351728481984868
C. Ronaldo,81,2024-03-30,Pro League,Matchweek 25,Home,Al-Nassr,Al-Ta'ee,Y*,87,4-1,Muataz Al Bagawi,Abdulmajeed Al-Sulayhem,,Al-Ta'ee,Al-Nassr,Home,W 5–1,90,3,1500,global_1500,Group,FALSE,0.7351728481984868,NA,missing,C._Ronaldo-811,0.7351728481984868
C. Ronaldo,80,2024-04-02,Pro League,Matchweek 26,Away,Al-Nassr,Abha,Y*,11,0-0,Ciprian Tătărușanu,,,Abha,Al-Nassr,Away,W 8–0,45,3,1500,global_1500,Group,TRUE,-1.207006885707454,NA,missing,C._Ronaldo-812,-1.207006885707454
C. Ronaldo,79,2024-04-02,Pro League,Matchweek 26,Away,Al-Nassr,Abha,Y*,21,1-0,Ciprian Tătărușanu,,,Abha,Al-Nassr,Away,W 8–0,45,3,1500,global_1500,Group,TRUE,-1.207006885707454,NA,missing,C._Ronaldo-813,-1.207006885707454
C. Ronaldo,78,2024-04-02,Pro League,Matchweek 26,Away,Al-Nassr,Abha,Y*,42,3-0,Ciprian Tătărușanu,,,Abha,Al-Nassr,Away,W 8–0,45,3,1500,global_1500,Group,TRUE,-1.207006885707454,NA,missing,C._Ronaldo-814,-1.207006885707454
C. Ronaldo,76,2024-05-04,Pro League,Matchweek 30,Home,Al-Nassr,Al-Wehda,Y*,12,1-0,Munir,Marcelo Brozović,,Al-Wehda,Al-Nassr,Home,W 6–0,78,3,1500,global_1500,Group,FALSE,0.7351728481984868,NA,missing,C._Ronaldo-815,0.7351728481984868
C. Ronaldo,77,2024-05-04,Pro League,Matchweek 30,Home,Al-Nassr,Al-Wehda,Y*,5,0-0,Munir,,,Al-Wehda,Al-Nassr,Home,W 6–0,78,3,1500,global_1500,Group,FALSE,0.7351728481984868,NA,missing,C._Ronaldo-816,0.7351728481984868
C. Ronaldo,75,2024-05-04,Pro League,Matchweek 30,Home,Al-Nassr,Al-Wehda,Y*,52,4-0,Munir,Sadio Mané,,Al-Wehda,Al-Nassr,Home,W 6–0,78,3,1500,global_1500,Group,FALSE,0.7351728481984868,NA,missing,C._Ronaldo-817,0.7351728481984868
C. Ronaldo,74,2024-05-09,Pro League,Matchweek 31,Away,Al-Nassr,Al-Okhdood,Y*,15,1-0,Paulo Vítor,Ali Al Hassan,,Al-Okhdood,Al-Nassr,Away,W 3–2,90,1,1500,global_1500,Group,TRUE,-1.207006885707454,NA,missing,C._Ronaldo-818,-1.207006885707454
C. Ronaldo,73,2024-05-27,Pro League,Matchweek 34,Home,Al-Nassr,Al-Ittihad,Y*,45+3,0-0,Mohammed Al-Mahasneh,Mohammed Al Fatil,,Al-Ittihad,Al-Nassr,Home,W 4–2,73,2,1500,global_1500,Group,FALSE,0.7351728481984868,NA,missing,C._Ronaldo-819,0.7351728481984868
C. Ronaldo,72,2024-05-27,Pro League,Matchweek 34,Home,Al-Nassr,Al-Ittihad,Y*,69,1-0,Mohammed Al-Mahasneh,Marcelo Brozović,,Al-Ittihad,Al-Nassr,Home,W 4–2,73,2,1500,global_1500,Group,FALSE,0.7351728481984868,NA,missing,C._Ronaldo-820,0.7351728481984868
C. Ronaldo,71,2024-06-11,Friendlies (M),Friendlies (M),Home,Portugal,Rep. of Ireland,Y*,50,1-0,Caoimhín Kelleher,Rúben Neves,,Rep. of Ireland,Portugal,Home,W 3–0,90,2,1619,national,Other,FALSE,0.9058462500813762,NA,missing,C._Ronaldo-821,0.9058462500813762
C. Ronaldo,70,2024-06-11,Friendlies (M),Friendlies (M),Home,Portugal,Rep. of Ireland,Y*,60,2-0,Caoimhín Kelleher,Diogo Jota,,Rep. of Ireland,Portugal,Home,W 3–0,90,2,1619,national,Other,FALSE,0.9058462500813762,NA,missing,C._Ronaldo-822,0.9058462500813762
C. Ronaldo,69,2024-08-22,Pro League,Matchweek 1,Home,Al-Nassr,Al-Raed,Y*,34,0-0,Meshari Sunyur,Sadio Mané,,Al-Raed,Al-Nassr,Home,D 1–1,90,1,1500,global_1500,Group,FALSE,0.7351728481984868,NA,missing,C._Ronaldo-823,0.7351728481984868
C. Ronaldo,68,2024-08-27,Pro League,Matchweek 2,Away,Al-Nassr,Al-Fayha,Y*,45+10,1-0,Abdulraouf Al Duqayl,,,Al-Fayha,Al-Nassr,Away,W 4–1,90,1,1500,global_1500,Group,TRUE,-1.207006885707454,NA,missing,C._Ronaldo-824,-1.207006885707454
C. Ronaldo,67,2024-09-05,UEFA Nations League,League A,Home,Portugal,Croatia,Y*,34,1-0,Dominik Livaković,Nuno Mendes,,Croatia,Portugal,Home,W 2–1,87,1,1903,national,Other,FALSE,1.0230395807554251,NA,missing,C._Ronaldo-825,1.0230395807554251
C. Ronaldo,66,2024-09-08,UEFA Nations League,League A,Home,Portugal,Scotland,N,88,1-1,Angus Gunn,Nuno Mendes,,Scotland,Portugal,Home,W 2–1,45,1,1704,national,Other,FALSE,0.940921718769032,NA,missing,C._Ronaldo-826,0.940921718769032
C. Ronaldo,65,2024-09-20,Pro League,Matchweek 4,Away,Al-Nassr,Al-Ettifaq,Y*,33,0-0,Marek Rodák,,Penalty kick,Al-Ettifaq,Al-Nassr,Away,W 3–0,90,1,1500,global_1500,Group,TRUE,-1.207006885707454,NA,missing,C._Ronaldo-827,-1.207006885707454
C. Ronaldo,64,2024-09-27,Pro League,Matchweek 5,Home,Al-Nassr,Al-Wehda,Y*,56,1-0,Abdullah Al-Owaishir,,Penalty kick,Al-Wehda,Al-Nassr,Home,W 2–0,90,1,1500,global_1500,Group,FALSE,0.7351728481984868,NA,missing,C._Ronaldo-828,0.7351728481984868
C. Ronaldo,63,2024-10-05,Pro League,Matchweek 6,Home,Al-Nassr,Al-Orobah,Y*,17,0-0,Gaëtan Coucke,,Penalty kick,Al-Orobah,Al-Nassr,Home,W 3–0,82,1,1500,global_1500,Group,FALSE,0.7351728481984868,NA,missing,C._Ronaldo-829,0.7351728481984868
C. Ronaldo,62,2024-10-12,UEFA Nations League,League A,Away,Portugal,Poland,Y*,37,1-0,Łukasz Skorupski,,,Poland,Portugal,Away,W 3–1,62,1,1728,national,Other,TRUE,-0.9913543533898063,NA,missing,C._Ronaldo-830,-0.9913543533898063
C. Ronaldo,61,2024-10-18,Pro League,Matchweek 7,Away,Al-Nassr,Al-Shabab,Y*,90+7,1-1,Kim Seung-gyu,,Penalty kick,Al-Shabab,Al-Nassr,Away,W 2–1,90,1,1500,global_1500,Group,TRUE,-1.207006885707454,NA,missing,C._Ronaldo-831,-1.207006885707454
C. Ronaldo,60,2024-11-15,UEFA Nations League,League A,Home,Portugal,Poland,Y*,72,1-0,Marcin Bułka,,Penalty kick,Poland,Portugal,Home,W 5–1,90,2,1724,national,Other,FALSE,0.9491747702249504,NA,missing,C._Ronaldo-832,0.9491747702249504
C. Ronaldo,59,2024-11-15,UEFA Nations League,League A,Home,Portugal,Poland,Y*,87,4-0,Marcin Bułka,Vitinha,,Poland,Portugal,Home,W 5–1,90,2,1724,national,Other,FALSE,0.9491747702249504,NA,missing,C._Ronaldo-833,0.9491747702249504
C. Ronaldo,58,2024-11-22,Pro League,Matchweek 11,Home,Al-Nassr,Al-Qadsiah,Y*,32,0-0,Koen Casteels,Mohamed Simakan,,Al-Qadsiah,Al-Nassr,Home,L 1–2,90,1,1500,global_1500,Group,FALSE,0.7351728481984868,NA,missing,C._Ronaldo-834,0.7351728481984868
C. Ronaldo,57,2024-11-29,Pro League,Matchweek 12,Home,Al-Nassr,Damac,Y*,17,0-0,Ameen Bokhari,,Penalty kick,Damac,Al-Nassr,Home,W 2–0,90,2,1500,global_1500,Group,FALSE,0.7351728481984868,NA,missing,C._Ronaldo-835,0.7351728481984868
C. Ronaldo,56,2024-11-29,Pro League,Matchweek 12,Home,Al-Nassr,Damac,Y*,79,1-0,Ameen Bokhari,Nawaf Boushal,,Damac,Al-Nassr,Home,W 2–0,90,2,1500,global_1500,Group,FALSE,0.7351728481984868,NA,missing,C._Ronaldo-836,0.7351728481984868
C. Ronaldo,55,2024-12-06,Pro League,Matchweek 13,Away,Al-Nassr,Al-Ittihad,Y*,57,0-1,Predrag Rajković,Ângelo,,Al-Ittihad,Al-Nassr,Away,L 1–2,90,1,1500,global_1500,Group,TRUE,-1.207006885707454,NA,missing,C._Ronaldo-837,-1.207006885707454
C. Ronaldo,54,2025-01-09,Pro League,Matchweek 14,Home,Al-Nassr,Al-Okhdood,Y*,42,1-1,Paulo Vítor,,Penalty kick,Al-Okhdood,Al-Nassr,Home,W 3–1,90,1,1500,global_1500,Group,FALSE,0.7351728481984868,NA,missing,C._Ronaldo-838,0.7351728481984868
C. Ronaldo,53,2025-01-21,Pro League,Matchweek 16,Away,Al-Nassr,Al-Khaleej,Y*,65,0-0,Ibrahim Šehić,Otávio,,Al-Khaleej,Al-Nassr,Away,W 3–1,90,2,1500,global_1500,Group,TRUE,-1.207006885707454,NA,missing,C._Ronaldo-839,-1.207006885707454
C. Ronaldo,52,2025-01-21,Pro League,Matchweek 16,Away,Al-Nassr,Al-Khaleej,Y*,90+8,2-1,Ibrahim Šehić,Saad Haqawi,,Al-Khaleej,Al-Nassr,Away,W 3–1,90,2,1500,global_1500,Group,TRUE,-1.207006885707454,NA,missing,C._Ronaldo-840,-1.207006885707454
C. Ronaldo,51,2025-01-26,Pro League,Matchweek 17,Home,Al-Nassr,Al-Fateh,Y*,87,2-1,Péter Szappanos,Sadio Mané,,Al-Fateh,Al-Nassr,Home,W 3–1,90,1,1500,global_1500,Group,FALSE,0.7351728481984868,NA,missing,C._Ronaldo-841,0.7351728481984868
C. Ronaldo,50,2025-01-30,Pro League,Matchweek 18,Away,Al-Nassr,Al-Raed,Y*,35,0-0,Meshari Sunyur,Marcelo Brozović,,Al-Raed,Al-Nassr,Away,W 2–1,90,1,1500,global_1500,Group,TRUE,-1.207006885707454,NA,missing,C._Ronaldo-842,-1.207006885707454
C. Ronaldo,49,2025-02-07,Pro League,Matchweek 19,Home,Al-Nassr,Al-Fayha,Y*,74,2-0,Orlando Mosquera,Nawaf Boushal,,Al-Fayha,Al-Nassr,Home,W 3–0,83,1,1500,global_1500,Group,FALSE,0.7351728481984868,NA,missing,C._Ronaldo-843,0.7351728481984868
C. Ronaldo,48,2025-02-25,Pro League,Matchweek 22,Away,Al-Nassr,Al-Wehda,Y*,48,0-0,Abdullah Al-Owaishir,Ângelo,,Al-Wehda,Al-Nassr,Away,W 2–0,90,1,1500,global_1500,Group,TRUE,-1.207006885707454,NA,missing,C._Ronaldo-844,-1.207006885707454
C. Ronaldo,47,2025-03-07,Pro League,Matchweek 24,Home,Al-Nassr,Al-Shabab,Y*,45+7,1-1,Heorhiy Bushchan,,,Al-Shabab,Al-Nassr,Home,D 2–2,70,1,1500,global_1500,Group,FALSE,0.7351728481984868,NA,missing,C._Ronaldo-845,0.7351728481984868
C. Ronaldo,46,2025-03-14,Pro League,Matchweek 25,Home,Al-Nassr,Al-Kholood,Y*,4,0-0,Marcelo Grohe,,,Al-Kholood,Al-Nassr,Home,W 3–1,60,1,1500,global_1500,Group,FALSE,0.7351728481984868,NA,missing,C._Ronaldo-846,0.7351728481984868
C. Ronaldo,45,2025-03-23,UEFA Nations League,Quarter-finals,Home,Portugal,Denmark,Y*,72,1-1,Kasper Schmeichel,,,Denmark,Portugal,Home,W 5–2,89,1,1862,national,Knockout,FALSE,1.0557181714146844,NA,missing,C._Ronaldo-847,1.0557181714146844
C. Ronaldo,44,2025-04-04,Pro League,Matchweek 26,Away,Al-Nassr,Al-Hilal,Y*,47,1-0,Yassine Bounou,Sadio Mané,,Al-Hilal,Al-Nassr,Away,W 3–1,90,2,1500,global_1500,Group,TRUE,-1.207006885707454,NA,missing,C._Ronaldo-848,-1.207006885707454
C. Ronaldo,43,2025-04-04,Pro League,Matchweek 26,Away,Al-Nassr,Al-Hilal,Y*,88,2-1,Yassine Bounou,,Penalty kick,Al-Hilal,Al-Nassr,Away,W 3–1,90,2,1500,global_1500,Group,TRUE,-1.207006885707454,NA,missing,C._Ronaldo-849,-1.207006885707454
C. Ronaldo,42,2025-04-12,Pro League,Matchweek 27,Home,Al-Nassr,Al-Riyadh,Y*,56,0-1,Milan Borjan,Sadio Mané,,Al-Riyadh,Al-Nassr,Home,W 2–1,90,2,1500,global_1500,Group,FALSE,0.7351728481984868,NA,missing,C._Ronaldo-850,0.7351728481984868
C. Ronaldo,41,2025-04-12,Pro League,Matchweek 27,Home,Al-Nassr,Al-Riyadh,Y*,64,1-1,Milan Borjan,,,Al-Riyadh,Al-Nassr,Home,W 2–1,90,2,1500,global_1500,Group,FALSE,0.7351728481984868,NA,missing,C._Ronaldo-851,0.7351728481984868
C. Ronaldo,40,2025-05-21,Pro League,Matchweek 33,Home,Al-Nassr,Al-Khaleej,Y*,90+7,1-0,Raed Ozaybi,,Penalty kick,Al-Khaleej,Al-Nassr,Home,W 2–0,90,1,1500,global_1500,Group,FALSE,0.7351728481984868,NA,missing,C._Ronaldo-852,0.7351728481984868
C. Ronaldo,39,2025-05-26,Pro League,Matchweek 34,Away,Al-Nassr,Al-Fateh,Y*,42,0-0,Nawaf Al Aqidi,Mohammed Al Fatil,,Al-Fateh,Al-Nassr,Away,L 2–3,90,1,1500,global_1500,Group,TRUE,-1.207006885707454,NA,missing,C._Ronaldo-853,-1.207006885707454
C. Ronaldo,38,2025-06-04,UEFA Nations League,Semi-finals,Neutral,Portugal,Germany,Y*,68,1-1,Marc-André ter Stegen,Nuno Mendes,,Germany,Portugal,Neutral,W 2–1,89,1,1956,national,Knockout,FALSE,1.270647470614077,NA,missing,C._Ronaldo-854,1.270647470614077
C. Ronaldo,37,2025-06-08,UEFA Nations League,Final,Neutral,Portugal,Spain,Y*,61,1-2,Unai Simón,,,Spain,Portugal,Neutral,D 2 (5)–2 (3),87,1,2157,national,Final,FALSE,1.943434699866124,NA,missing,C._Ronaldo-855,1.943434699866124
C. Ronaldo,36,2025-08-29,Pro League,Matchweek 1,Away,Al-Nassr,Al-Taawoun,Y*,54,1-0,Abdulquddus Atiah,,Penalty kick,Al-Taawoun,Al-Nassr,Away,W 5–0,90,1,1500,global_1500,Group,TRUE,-1.207006885707454,NA,missing,C._Ronaldo-856,-1.207006885707454
C. Ronaldo,35,2025-09-06,WCQ,First round,Away,Portugal,Armenia,Y*,21,1-0,Henri Avagyan,Pedro Neto,,Armenia,Portugal,Away,W 5–0,56,2,1384,national,Other,TRUE,-1.1333068384316118,NA,missing,C._Ronaldo-857,-1.1333068384316118
C. Ronaldo,34,2025-09-06,WCQ,First round,Away,Portugal,Armenia,Y*,46,3-0,Henri Avagyan,,,Armenia,Portugal,Away,W 5–0,56,2,1384,national,Other,TRUE,-1.1333068384316118,NA,missing,C._Ronaldo-858,-1.1333068384316118
C. Ronaldo,33,2025-09-09,WCQ,First round,Away,Portugal,Hungary,Y*,58,1-1,Balázs Tóth,,Penalty kick,Hungary,Portugal,Away,W 3–2,86,1,1695,national,Other,TRUE,-1.0049718882920726,NA,missing,C._Ronaldo-859,-1.0049718882920726
C. Ronaldo,32,2025-09-20,Pro League,Matchweek 3,Home,Al-Nassr,Al-Riyadh,Y*,33,2-0,Milan Borjan,João Félix,,Al-Riyadh,Al-Nassr,Home,W 5–1,90,2,1500,global_1500,Group,FALSE,0.7351728481984868,NA,missing,C._Ronaldo-860,0.7351728481984868
C. Ronaldo,31,2025-09-20,Pro League,Matchweek 3,Home,Al-Nassr,Al-Riyadh,Y*,76,4-1,Milan Borjan,Kingsley Coman,,Al-Riyadh,Al-Nassr,Home,W 5–1,90,2,1500,global_1500,Group,FALSE,0.7351728481984868,NA,missing,C._Ronaldo-861,0.7351728481984868
C. Ronaldo,30,2025-09-26,Pro League,Matchweek 4,Away,Al-Nassr,Al-Ittihad,Y*,35,1-0,Predrag Rajković,Sadio Mané,,Al-Ittihad,Al-Nassr,Away,W 2–0,89,1,1500,global_1500,Group,TRUE,-1.207006885707454,NA,missing,C._Ronaldo-862,-1.207006885707454
C. Ronaldo,29,2025-10-14,WCQ,First round,Home,Portugal,Hungary,Y*,22,0-1,Balázs Tóth,Nélson Semedo,,Hungary,Portugal,Home,D 2–2,77,2,1718,national,Other,FALSE,0.9466988547881752,NA,missing,C._Ronaldo-863,0.9466988547881752
C. Ronaldo,28,2025-10-14,WCQ,First round,Home,Portugal,Hungary,Y*,45+3,1-1,Balázs Tóth,Nuno Mendes,,Hungary,Portugal,Home,D 2–2,77,2,1718,national,Other,FALSE,0.9466988547881752,NA,missing,C._Ronaldo-864,0.9466988547881752
C. Ronaldo,27,2025-10-18,Pro League,Matchweek 5,Home,Al-Nassr,Al-Fateh,Y*,60,1-1,Ameen Bokhari,Sadio Mané,,Al-Fateh,Al-Nassr,Home,W 5–1,90,1,1500,global_1500,Group,FALSE,0.7351728481984868,NA,missing,C._Ronaldo-865,0.7351728481984868
C. Ronaldo,26,2025-10-25,Pro League,Matchweek 6,Away,Al-Nassr,Al-Hazem,Y*,88,1-0,Bruno Varela,Wesley,,Al-Hazem,Al-Nassr,Away,W 2–0,90,1,1500,global_1500,Group,TRUE,-1.207006885707454,NA,missing,C._Ronaldo-866,-1.207006885707454
C. Ronaldo,25,2025-11-01,Pro League,Matchweek 7,Home,Al-Nassr,Al-Fayha,Y*,37,0-1,Orlando Mosquera,Kingsley Coman,,Al-Fayha,Al-Nassr,Home,W 2–1,90,2,1500,global_1500,Group,FALSE,0.7351728481984868,NA,missing,C._Ronaldo-867,0.7351728481984868
C. Ronaldo,24,2025-11-01,Pro League,Matchweek 7,Home,Al-Nassr,Al-Fayha,Y*,90+14,1-1,Orlando Mosquera,,Penalty kick,Al-Fayha,Al-Nassr,Home,W 2–1,90,2,1500,global_1500,Group,FALSE,0.7351728481984868,NA,missing,C._Ronaldo-868,0.7351728481984868
C. Ronaldo,23,2025-11-08,Pro League,Matchweek 8,Away,Al-Nassr,Neom,Y*,65,1-0,Luís Maximiano,,Penalty kick,Neom,Al-Nassr,Away,W 3–1,90,1,1500,global_1500,Group,TRUE,-1.207006885707454,NA,missing,C._Ronaldo-869,-1.207006885707454
C. Ronaldo,22,2025-11-23,Pro League,Matchweek 9,Home,Al-Nassr,Al-Khaleej,Y*,90+6,3-1,Anthony Moris,Nawaf Boushal,,Al-Khaleej,Al-Nassr,Home,W 4–1,90,1,1500,global_1500,Group,FALSE,0.7351728481984868,NA,missing,C._Ronaldo-870,0.7351728481984868
C. Ronaldo,21,2025-12-27,Pro League,Matchweek 11,Home,Al-Nassr,Al-Okhdood,Y*,31,0-0,Samuel Portugal,Abdulelah Al-Amri,,Al-Okhdood,Al-Nassr,Home,W 3–0,90,2,1500,global_1500,Group,FALSE,0.7351728481984868,NA,missing,C._Ronaldo-871,0.7351728481984868
C. Ronaldo,20,2025-12-27,Pro League,Matchweek 11,Home,Al-Nassr,Al-Okhdood,Y*,45+3,1-0,Samuel Portugal,Marcelo Brozović,,Al-Okhdood,Al-Nassr,Home,W 3–0,90,2,1500,global_1500,Group,FALSE,0.7351728481984868,NA,missing,C._Ronaldo-872,0.7351728481984868
C. Ronaldo,19,2025-12-30,Pro League,Matchweek 12,Away,Al-Nassr,Al-Ettifaq,Y*,67,1-1,Marek Rodák,João Félix,,Al-Ettifaq,Al-Nassr,Away,D 2–2,90,1,1500,global_1500,Group,TRUE,-1.207006885707454,NA,missing,C._Ronaldo-873,-1.207006885707454
C. Ronaldo,18,2026-01-08,Pro League,Matchweek 14,Home,Al-Nassr,Al-Qadsiah,Y*,81,0-2,Ahmed Al-Kassar,,Penalty kick,Al-Qadsiah,Al-Nassr,Home,L 1–2,90,1,1500,global_1500,Group,FALSE,0.7351728481984868,NA,missing,C._Ronaldo-874,0.7351728481984868
C. Ronaldo,17,2026-01-12,Pro League,Matchweek 15,Away,Al-Nassr,Al-Hilal,Y*,42,0-0,Mohammed Al Yami,Kingsley Coman,,Al-Hilal,Al-Nassr,Away,L 1–3,82,1,1500,global_1500,Group,TRUE,-1.207006885707454,NA,missing,C._Ronaldo-875,-1.207006885707454
C. Ronaldo,16,2026-01-21,Pro League,Matchweek 17,Away,Al-Nassr,Damac,Y*,50,1-0,Kewin,João Félix,,Damac,Al-Nassr,Away,W 2–1,90,1,1500,global_1500,Group,TRUE,-1.207006885707454,NA,missing,C._Ronaldo-876,-1.207006885707454
C. Ronaldo,15,2026-01-30,Pro League,Matchweek 19,Away,Al-Nassr,Al-Kholood,Y*,47,0-0,Juan Cozzani,João Félix,,Al-Kholood,Al-Nassr,Away,W 3–0,78,1,1500,global_1500,Group,TRUE,-1.207006885707454,NA,missing,C._Ronaldo-877,-1.207006885707454
C. Ronaldo,14,2026-02-14,Pro League,Matchweek 22,Away,Al-Nassr,Al-Fateh,Y*,18,0-0,Fernando Pacheco,Sadio Mané,,Al-Fateh,Al-Nassr,Away,W 2–0,89,1,1500,global_1500,Group,TRUE,-1.207006885707454,NA,missing,C._Ronaldo-878,-1.207006885707454
C. Ronaldo,13,2026-02-21,Pro League,Matchweek 23,Home,Al-Nassr,Al-Hazem,Y*,13,0-0,Ibrahim Zaied,Kingsley Coman,,Al-Hazem,Al-Nassr,Home,W 4–0,90,2,1500,global_1500,Group,FALSE,0.7351728481984868,NA,missing,C._Ronaldo-879,0.7351728481984868
C. Ronaldo,12,2026-02-21,Pro League,Matchweek 23,Home,Al-Nassr,Al-Hazem,Y*,79,3-0,Ibrahim Zaied,Kingsley Coman,,Al-Hazem,Al-Nassr,Home,W 4–0,90,2,1500,global_1500,Group,FALSE,0.7351728481984868,NA,missing,C._Ronaldo-880,0.7351728481984868
C. Ronaldo,11,2026-02-25,Pro League,Matchweek 10,Away,Al-Nassr,Al-Najma,Y*,7,0-0,Victor Braga,,Penalty kick,Al-Najma,Al-Nassr,Away,W 5–0,56,1,1500,global_1500,Group,TRUE,-1.207006885707454,NA,missing,C._Ronaldo-881,-1.207006885707454
C. Ronaldo,10,2026-04-03,Pro League,Matchweek 27,Home,Al-Nassr,Al-Najma,Y*,56,2-2,Victor Braga,,Penalty kick,Al-Najma,Al-Nassr,Home,W 5–2,82,2,1500,global_1500,Group,FALSE,0.7351728481984868,NA,missing,C._Ronaldo-882,0.7351728481984868
C. Ronaldo,9,2026-04-03,Pro League,Matchweek 27,Home,Al-Nassr,Al-Najma,Y*,73,3-2,Victor Braga,Nawaf Boushal,,Al-Najma,Al-Nassr,Home,W 5–2,82,2,1500,global_1500,Group,FALSE,0.7351728481984868,NA,missing,C._Ronaldo-883,0.7351728481984868
C. Ronaldo,8,2026-04-11,Pro League,Matchweek 28,Away,Al-Nassr,Al-Okhdood,Y*,15,0-0,Samuel Portugal,Nawaf Boushal,,Al-Okhdood,Al-Nassr,Away,W 2–0,81,1,1500,global_1500,Group,TRUE,-1.207006885707454,NA,missing,C._Ronaldo-884,-1.207006885707454
C. Ronaldo,7,2026-04-29,Pro League,Matchweek 30,Home,Al-Nassr,Al-Ahli,Y*,76,0-0,Édouard Mendy,João Félix,,Al-Ahli,Al-Nassr,Home,W 2–0,89,1,1500,global_1500,Group,FALSE,0.7351728481984868,NA,missing,C._Ronaldo-885,0.7351728481984868
C. Ronaldo,6,2026-05-07,Pro League,Matchweek 33,Away,Al-Nassr,Al-Shabab,Y*,75,2-1,Marcelo Grohe,Sadio Mané,,Al-Shabab,Al-Nassr,Away,W 4–2,89,1,1500,global_1500,Group,TRUE,-1.207006885707454,NA,missing,C._Ronaldo-886,-1.207006885707454
C. Ronaldo,5,2026-05-21,Pro League,Matchweek 34,Home,Al-Nassr,Damac,Y*,63,2-1,Kewin,,,Damac,Al-Nassr,Home,W 4–1,86,2,1500,global_1500,Group,FALSE,0.7351728481984868,NA,missing,C._Ronaldo-887,0.7351728481984868
C. Ronaldo,4,2026-05-21,Pro League,Matchweek 34,Home,Al-Nassr,Damac,Y*,81,3-1,Kewin,,,Damac,Al-Nassr,Home,W 4–1,86,2,1500,global_1500,Group,FALSE,0.7351728481984868,NA,missing,C._Ronaldo-888,0.7351728481984868
C. Ronaldo,2,2026-06-23,World Cup,Group stage,Neutral,Portugal,Uzbekistan,Y*,39,2-0,Abduvohid Nematov,Bruno Fernandes,,Uzbekistan,Portugal,Neutral,W 5–0,90,2,1677,national,Group,FALSE,0.9843523109399428,NA,missing,C._Ronaldo-889,0.9843523109399428
C. Ronaldo,3,2026-06-23,World Cup,Group stage,Neutral,Portugal,Uzbekistan,Y*,6,0-0,Abduvohid Nematov,João Cancelo,,Uzbekistan,Portugal,Neutral,W 5–0,90,2,1677,national,Group,FALSE,0.9843523109399428,NA,missing,C._Ronaldo-890,0.9843523109399428
C. Ronaldo,1,2026-07-02,World Cup,Round of 32,Neutral,Portugal,Croatia,Y*,68,0-1,Dominik Livaković,,Penalty kick,Croatia,Portugal,NA,NA,NA,NA,NA,NA,NA,NA,NA,NA,missing,C._Ronaldo-891,NA
Lionel Messi,847,2005-05-01,La Liga,Matchweek 34,Home,Barcelona,Albacete,N,90+1,1-0,Raúl Valbuena,,,Albacete,Barcelona,Home,W 2–0,4,1,1620.35986328,club,Group,FALSE,0.7848396554423472,NA,missing,Lionel_Messi-892,0.7848396554423472
Lionel Messi,846,2005-11-02,Champions Lg,Group stage,Home,Barcelona,Panathinaikos,Y,34,2-0,Mario Galinović,,,Panathinaikos,Barcelona,Home,W 5–0,90,1,1663.98852539,club,Group,FALSE,0.8028431351096839,NA,missing,Lionel_Messi-893,0.8028431351096839
Lionel Messi,845,2005-11-27,La Liga,Matchweek 13,Home,Barcelona,Racing Sant,Y,52,1-0,Dudu Aouate,,,Racing Sant,Barcelona,Home,W 4–1,64,1,1738.783185895233,league_avg,Group,FALSE,0.8337073441985677,NA,missing,Lionel_Messi-894,0.8337073441985677
Lionel Messi,844,2006-01-15,La Liga,Matchweek 19,Home,Barcelona,Athletic Club,Y,50,1-1,Iñaki Lafuente,,,Athletic Club,Barcelona,Home,W 2–1,82,1,1704.62939453,club,Group,FALSE,0.8196136943209684,NA,missing,Lionel_Messi-895,0.8196136943209684
Lionel Messi,843,2006-01-22,La Liga,Matchweek 20,Home,Barcelona,Alavés,N,82,1-0,Franco Costanzo,,,Alavés,Barcelona,Home,W 2–0,20,1,1639.17895508,club,Group,FALSE,0.7926054020913006,NA,missing,Lionel_Messi-896,0.7926054020913006
Lionel Messi,842,2006-01-29,La Liga,Matchweek 21,Away,Barcelona,Mallorca,N,75,1-0,Miguel Ángel Moyá,,,Mallorca,Barcelona,Away,W 3–0,18,2,1677.28210449,club,Group,TRUE,-1.1338509691789753,NA,missing,Lionel_Messi-897,-1.1338509691789753
Lionel Messi,841,2006-01-29,La Liga,Matchweek 21,Away,Barcelona,Mallorca,N,83,2-0,Miguel Ángel Moyá,,,Mallorca,Barcelona,Away,W 3–0,18,2,1677.28210449,club,Group,TRUE,-1.1338509691789753,NA,missing,Lionel_Messi-898,-1.1338509691789753
Lionel Messi,840,2006-02-18,La Liga,Matchweek 24,Home,Barcelona,Real Betis,N,84,4-1,Toni Doblas,,,Real Betis,Barcelona,Home,W 5–1,15,1,1747.67822266,club,Group,FALSE,0.8373779040046634,NA,missing,Lionel_Messi-899,0.8373779040046634
Lionel Messi,839,2006-06-16,World Cup,Group stage,Neutral,Argentina,S & M,N,88,5-0,Dragoslav Jevrić,,,S & M,Argentina,Neutral,W 6–0,16,1,1748,national,Group,FALSE,1.0136506436084551,NA,missing,Lionel_Messi-900,1.0136506436084551
Lionel Messi,838,2006-08-28,La Liga,Matchweek 1,Away,Barcelona,Celta Vigo,Y,59,1-1,José Manuel Pinto,,,Celta Vigo,Barcelona,Away,W 3–2,90,1,1794.00109863,club,Group,TRUE,-1.0856865759529493,NA,missing,Lionel_Messi-901,-1.0856865759529493
Lionel Messi,837,2006-09-09,La Liga,Matchweek 2,Home,Barcelona,Osasuna,Y,36,2-0,Ricardo,,,Osasuna,Barcelona,Home,W 3–0,90,1,1742.45568848,club,Group,FALSE,0.8352228118387717,NA,missing,Lionel_Messi-902,0.8352228118387717
Lionel Messi,836,2006-09-27,Champions Lg,Group stage,Away,Barcelona,Werder Bremen,N,89,0-1,Tim Wiese,,,Werder Bremen,Barcelona,Away,D 1–1,26,1,1812.7101919840484,league_avg,Group,TRUE,-1.0779662204457217,NA,missing,Lionel_Messi-903,-1.0779662204457217
Lionel Messi,835,2006-10-15,La Liga,Matchweek 6,Home,Barcelona,Sevilla,Y,81,2-1,Andrés Palop,,,Sevilla,Barcelona,Home,W 3–1,90,1,1898.6998291,club,Group,FALSE,0.8996973584499067,NA,missing,Lionel_Messi-904,0.8996973584499067
Lionel Messi,834,2007-03-10,La Liga,Matchweek 26,Home,Barcelona,Real Madrid,Y,10,0-1,Iker Casillas,,,Real Madrid,Barcelona,Home,D 3–3,90,3,1859.7454834,club,Group,FALSE,0.8836227474752187,NA,missing,Lionel_Messi-905,0.8836227474752187
Lionel Messi,833,2007-03-10,La Liga,Matchweek 26,Home,Barcelona,Real Madrid,Y,27,1-2,Iker Casillas,,,Real Madrid,Barcelona,Home,D 3–3,90,3,1859.7454834,club,Group,FALSE,0.8836227474752187,NA,missing,Lionel_Messi-906,0.8836227474752187
Lionel Messi,832,2007-03-10,La Liga,Matchweek 26,Home,Barcelona,Real Madrid,Y,90+1,2-3,Iker Casillas,,,Real Madrid,Barcelona,Home,D 3–3,90,3,1859.7454834,club,Group,FALSE,0.8836227474752187,NA,missing,Lionel_Messi-907,0.8836227474752187
Lionel Messi,831,2007-03-17,La Liga,Matchweek 27,Away,Barcelona,Recreativo,Y,85,3-0,Javier López Vallejo,,,Recreativo,Barcelona,Away,W 4–0,90,1,1773.78625488,club,Group,TRUE,-1.0940282832350552,NA,missing,Lionel_Messi-908,-1.0940282832350552
Lionel Messi,830,2007-03-31,La Liga,Matchweek 28,Home,Barcelona,Dep. La Coruña,Y,44,0-0,Dudu Aouate,,,Dep. La Coruña,Barcelona,Home,W 2–1,83,1,1738.783185895233,league_avg,Group,FALSE,0.8337073441985677,NA,missing,Lionel_Messi-909,0.8337073441985677
Lionel Messi,829,2007-05-20,La Liga,Matchweek 35,Away,Barcelona,Atlético Madrid,Y,38,0-0,Iván Cuéllar,,,Atlético Madrid,Barcelona,Away,W 6–0,90,2,1830.5769043,club,Group,TRUE,-1.0705934756411395,NA,missing,Lionel_Messi-910,-1.0705934756411395
Lionel Messi,828,2007-05-20,La Liga,Matchweek 35,Away,Barcelona,Atlético Madrid,Y,79,4-0,Iván Cuéllar,,,Atlético Madrid,Barcelona,Away,W 6–0,90,2,1830.5769043,club,Group,TRUE,-1.0705934756411395,NA,missing,Lionel_Messi-911,-1.0705934756411395
Lionel Messi,827,2007-06-09,La Liga,Matchweek 37,Home,Barcelona,Espanyol,Y,42,0-1,Carlos Kameni,,,Espanyol,Barcelona,Home,D 2–2,90,2,1815.37426758,club,Group,FALSE,0.8653128511090116,NA,missing,Lionel_Messi-912,0.8653128511090116
Lionel Messi,826,2007-06-09,La Liga,Matchweek 37,Home,Barcelona,Espanyol,Y,56,1-1,Carlos Kameni,,,Espanyol,Barcelona,Home,D 2–2,90,2,1815.37426758,club,Group,FALSE,0.8653128511090116,NA,missing,Lionel_Messi-913,0.8653128511090116
Lionel Messi,825,2007-06-17,La Liga,Matchweek 38,Away,Barcelona,Gimnàstic,Y,33,1-0,Rubén Pérez,,,Gimnàstic,Barcelona,Away,W 5–1,80,2,1738.783185895233,league_avg,Group,TRUE,-1.1084723897073732,NA,missing,Lionel_Messi-914,-1.1084723897073732
Lionel Messi,824,2007-06-17,La Liga,Matchweek 38,Away,Barcelona,Gimnàstic,Y,50,3-0,Rubén Pérez,,,Gimnàstic,Barcelona,Away,W 5–1,80,2,1738.783185895233,league_avg,Group,TRUE,-1.1084723897073732,NA,missing,Lionel_Messi-915,-1.1084723897073732
Lionel Messi,823,2007-09-19,Champions Lg,Group stage,Home,Barcelona,Lyon,Y,82,1-0,Rémy Vercoutre,,,Lyon,Barcelona,Home,W 3–0,87,1,1856.14489746,club,Group,FALSE,0.8821369564235046,NA,missing,Lionel_Messi-916,0.8821369564235046
Lionel Messi,822,2007-09-22,La Liga,Matchweek 4,Home,Barcelona,Sevilla,Y,72,0-0,Andrés Palop,,,Sevilla,Barcelona,Home,W 2–1,88,2,1921.88964844,club,Group,FALSE,0.9092666970632309,NA,missing,Lionel_Messi-917,0.9092666970632309
Lionel Messi,821,2007-09-22,La Liga,Matchweek 4,Home,Barcelona,Sevilla,Y,79,1-0,Andrés Palop,,Penalty kick,Sevilla,Barcelona,Home,W 2–1,88,2,1921.88964844,club,Group,FALSE,0.9092666970632309,NA,missing,Lionel_Messi-918,0.9092666970632309
Lionel Messi,819,2007-09-26,La Liga,Matchweek 5,Home,Barcelona,Zaragoza,Y,10,1-1,César Sánchez,,,Zaragoza,Barcelona,Home,W 4–1,86,2,1806.45178223,club,Group,FALSE,0.8616309645736001,NA,missing,Lionel_Messi-919,0.8616309645736001
Lionel Messi,820,2007-09-26,La Liga,Matchweek 5,Home,Barcelona,Zaragoza,Y,4,0-0,César Sánchez,,,Zaragoza,Barcelona,Home,W 4–1,86,2,1806.45178223,club,Group,FALSE,0.8616309645736001,NA,missing,Lionel_Messi-920,0.8616309645736001
Lionel Messi,818,2007-09-29,La Liga,Matchweek 6,Away,Barcelona,Levante,Y,50,3-0,Marco Storari,,,Levante,Barcelona,Away,W 4–1,50,1,1683.61450195,club,Group,TRUE,-1.1312378890751396,NA,missing,Lionel_Messi-921,-1.1312378890751396
Lionel Messi,817,2007-10-02,Champions Lg,Group stage,Away,Barcelona,Stuttgart,Y,67,1-0,Raphael Schäfer,,,Stuttgart,Barcelona,Away,W 2–0,90,1,1717.12426758,club,Group,TRUE,-1.1174099980741312,NA,missing,Lionel_Messi-922,-1.1174099980741312
Lionel Messi,816,2007-10-07,La Liga,Matchweek 7,Home,Barcelona,Atlético Madrid,Y,19,1-0,Christian Abbiati,,,Atlético Madrid,Barcelona,Home,W 3–0,90,1,1840.57458496,club,Group,FALSE,0.8757118269111431,NA,missing,Lionel_Messi-923,0.8757118269111431
Lionel Messi,815,2007-10-28,La Liga,Matchweek 9,Home,Barcelona,Almería,N,80,1-0,David Cobeño,,Penalty kick,Almería,Barcelona,Home,W 2–0,17,1,1707.61169434,club,Group,FALSE,0.8208443480104141,NA,missing,Lionel_Messi-924,0.8208443480104141
Lionel Messi,814,2007-11-07,Champions Lg,Group stage,Home,Barcelona,Rangers,Y,43,1-0,Allan McGregor,,,Rangers,Barcelona,Home,W 2–0,90,1,1665.75073242,club,Group,FALSE,0.8035703143744125,NA,missing,Lionel_Messi-925,0.8035703143744125
Lionel Messi,813,2007-11-24,La Liga,Matchweek 13,Home,Barcelona,Recreativo,Y,81,2-0,Stefano Sorrentino,,Penalty kick,Recreativo,Barcelona,Home,W 3–0,90,1,1744.2800293,club,Group,FALSE,0.8359756307718011,NA,missing,Lionel_Messi-926,0.8359756307718011
Lionel Messi,812,2007-11-27,Champions Lg,Group stage,Away,Barcelona,Lyon,Y,58,1-1,Rémy Vercoutre,,Penalty kick,Lyon,Barcelona,Away,D 2–2,90,1,1840.00036621,club,Group,TRUE,-1.0667048598393332,NA,missing,Lionel_Messi-927,-1.0667048598393332
Lionel Messi,811,2008-02-20,Champions Lg,Round of 16,Away,Barcelona,Celtic,Y,18,0-1,Artur Boruc,,,Celtic,Barcelona,Away,W 3–2,90,2,1667.65124512,club,Knockout,TRUE,-0.9666600762121771,NA,missing,Lionel_Messi-928,-0.9666600762121771
Lionel Messi,810,2008-02-20,Champions Lg,Round of 16,Away,Barcelona,Celtic,Y,79,2-2,Artur Boruc,,,Celtic,Barcelona,Away,W 3–2,90,2,1667.65124512,club,Knockout,TRUE,-0.9666600762121771,NA,missing,Lionel_Messi-929,-0.9666600762121771
Lionel Messi,809,2008-02-24,La Liga,Matchweek 25,Home,Barcelona,Levante,Y,44,1-1,Vladan Kujović,,,Levante,Barcelona,Home,W 5–1,79,1,1651.92236328,club,Group,FALSE,0.7978640022712193,NA,missing,Lionel_Messi-930,0.7978640022712193
Lionel Messi,808,2008-05-04,La Liga,Matchweek 35,Home,Barcelona,Valencia,Y,5,0-0,Timo Hildebrand,,Penalty kick,Valencia,Barcelona,Home,W 6–0,90,1,1729.67126465,club,Group,FALSE,0.8299472864536084,NA,missing,Lionel_Messi-931,0.8299472864536084
Lionel Messi,807,2008-09-13,La Liga,Matchweek 2,Home,Barcelona,Racing Sant,N,70,0-0,Toño,,Penalty kick,Racing Sant,Barcelona,Home,D 1–1,32,1,1738.783185895233,league_avg,Group,FALSE,0.8337073441985677,NA,missing,Lionel_Messi-932,0.8337073441985677
Lionel Messi,806,2008-09-21,La Liga,Matchweek 3,Away,Barcelona,Sporting Gijón,Y,85,4-1,Sergio Sánchez,,,Sporting Gijón,Barcelona,Away,W 6–1,90,2,1738.783185895233,league_avg,Group,TRUE,-1.1084723897073732,NA,missing,Lionel_Messi-933,-1.1084723897073732
Lionel Messi,805,2008-09-21,La Liga,Matchweek 3,Away,Barcelona,Sporting Gijón,Y,89,5-1,Sergio Sánchez,,,Sporting Gijón,Barcelona,Away,W 6–1,90,2,1738.783185895233,league_avg,Group,TRUE,-1.1084723897073732,NA,missing,Lionel_Messi-934,-1.1084723897073732
Lionel Messi,804,2008-09-27,La Liga,Matchweek 5,Away,Barcelona,Espanyol,Y,90+13,1-1,Carlos Kameni,,Penalty kick,Espanyol,Barcelona,Away,W 2–1,90,1,1739.38244629,club,Group,TRUE,-1.1082251033636978,NA,missing,Lionel_Messi-935,-1.1082251033636978
Lionel Messi,803,2008-10-01,Champions Lg,Group stage,Away,Barcelona,Shakhtar D.,N,87,0-1,Andriy Pyatov,,,Shakhtar D.,Barcelona,Away,W 2–1,31,2,1812.7101919840484,league_avg,Group,TRUE,-1.0779662204457217,NA,missing,Lionel_Messi-936,-1.0779662204457217
Lionel Messi,802,2008-10-01,Champions Lg,Group stage,Away,Barcelona,Shakhtar D.,N,90+4,1-1,Andriy Pyatov,,,Shakhtar D.,Barcelona,Away,W 2–1,31,2,1812.7101919840484,league_avg,Group,TRUE,-1.0779662204457217,NA,missing,Lionel_Messi-937,-1.0779662204457217
Lionel Messi,801,2008-10-04,La Liga,Matchweek 6,Home,Barcelona,Atlético Madrid,Y,8,2-0,Grégory Coupet,,,Atlético Madrid,Barcelona,Home,W 6–1,68,1,1870.6685791,club,Group,FALSE,0.8881301910187203,NA,missing,Lionel_Messi-938,0.8881301910187203
Lionel Messi,800,2008-10-22,Champions Lg,Group stage,Away,Barcelona,Basel,Y,4,0-0,Franco Costanzo,,,Basel,Barcelona,Away,W 5–0,90,1,1618.4152832,club,Group,TRUE,-1.158142514436613,NA,missing,Lionel_Messi-939,-1.158142514436613
Lionel Messi,799,2008-11-01,La Liga,Matchweek 9,Away,Barcelona,Málaga,Y,19,1-1,Francesc Arnau,,,Málaga,Barcelona,Away,W 4–1,78,1,1674.34887695,club,Group,TRUE,-1.1350613730699521,NA,missing,Lionel_Messi-940,-1.1350613730699521
Lionel Messi,798,2008-11-04,Champions Lg,Group stage,Home,Barcelona,Basel,N,62,0-0,Franco Costanzo,,,Basel,Barcelona,Home,D 1–1,31,1,1615.28466797,club,Group,FALSE,0.782745363040234,NA,missing,Lionel_Messi-941,0.782745363040234
Lionel Messi,797,2008-11-16,La Liga,Matchweek 11,Away,Barcelona,Recreativo,Y,51,0-0,Asier Riesgo,,,Recreativo,Barcelona,Away,W 2–0,90,1,1683.9564209,club,Group,TRUE,-1.1310967953407347,NA,missing,Lionel_Messi-942,-1.1310967953407347
Lionel Messi,796,2008-11-26,Champions Lg,Group stage,Away,Barcelona,Sporting CP,Y,49,2-0,Rui Patrício,,,Sporting CP,Barcelona,Away,W 5–2,56,1,1719.39294434,club,Group,TRUE,-1.1164738227722748,NA,missing,Lionel_Messi-943,-1.1164738227722748
Lionel Messi,795,2008-11-29,La Liga,Matchweek 13,Away,Barcelona,Sevilla,Y,78,1-0,Andrés Palop,,,Sevilla,Barcelona,Away,W 3–0,90,2,1883.65698242,club,Group,TRUE,-1.0486898448407111,NA,missing,Lionel_Messi-944,-1.0486898448407111
Lionel Messi,794,2008-11-29,La Liga,Matchweek 13,Away,Barcelona,Sevilla,Y,90+2,2-0,Andrés Palop,,,Sevilla,Barcelona,Away,W 3–0,90,2,1883.65698242,club,Group,TRUE,-1.0486898448407111,NA,missing,Lionel_Messi-945,-1.0486898448407111
Lionel Messi,793,2008-12-13,La Liga,Matchweek 15,Home,Barcelona,Real Madrid,Y,90+1,1-0,Iker Casillas,,,Real Madrid,Barcelona,Home,W 2–0,90,1,1878.0592041,club,Group,FALSE,0.89117995143954,NA,missing,Lionel_Messi-946,0.89117995143954
Lionel Messi,792,2009-01-11,La Liga,Matchweek 18,Away,Barcelona,Osasuna,Y,85,2-2,Roberto,,,Osasuna,Barcelona,Away,W 3–2,90,1,1692.54016113,club,Group,TRUE,-1.1275546928506133,NA,missing,Lionel_Messi-947,-1.1275546928506133
Lionel Messi,791,2009-01-17,La Liga,Matchweek 19,Home,Barcelona,Dep. La Coruña,Y,21,0-0,Daniel Aranzubia,,,Dep. La Coruña,Barcelona,Home,W 5–0,90,1,1738.783185895233,league_avg,Group,FALSE,0.8337073441985677,NA,missing,Lionel_Messi-948,0.8337073441985677
Lionel Messi,790,2009-01-24,La Liga,Matchweek 20,Home,Barcelona,Numancia,Y,49,0-0,Juan Pablo Colinas,,,Numancia,Barcelona,Home,W 4–1,90,2,1637.6953125,club,Group,FALSE,0.7919931731635542,NA,missing,Lionel_Messi-949,0.7919931731635542
Lionel Messi,789,2009-01-24,La Liga,Matchweek 20,Home,Barcelona,Numancia,Y,75,3-1,Juan Pablo Colinas,,,Numancia,Barcelona,Home,W 4–1,90,2,1637.6953125,club,Group,FALSE,0.7919931731635542,NA,missing,Lionel_Messi-950,0.7919931731635542
Lionel Messi,788,2009-02-01,La Liga,Matchweek 21,Away,Barcelona,Racing Sant,N,64,0-1,Toño,,,Racing Sant,Barcelona,Away,W 2–1,33,2,1738.783185895233,league_avg,Group,TRUE,-1.1084723897073732,NA,missing,Lionel_Messi-951,-1.1084723897073732
Lionel Messi,787,2009-02-01,La Liga,Matchweek 21,Away,Barcelona,Racing Sant,N,80,1-1,Toño,,,Racing Sant,Barcelona,Away,W 2–1,33,2,1738.783185895233,league_avg,Group,TRUE,-1.1084723897073732,NA,missing,Lionel_Messi-952,-1.1084723897073732
Lionel Messi,786,2009-03-01,La Liga,Matchweek 25,Away,Barcelona,Atlético Madrid,Y,30,1-0,Leo Franco,,,Atlético Madrid,Barcelona,Away,L 3–4,90,1,1806.88024902,club,Group,TRUE,-1.0803719614090899,NA,missing,Lionel_Messi-953,-1.0803719614090899
Lionel Messi,785,2009-03-07,La Liga,Matchweek 26,Home,Barcelona,Athletic Club,Y,31,1-0,Gorka Iraizoz,,Penalty kick,Athletic Club,Barcelona,Home,W 2–0,90,1,1715.6204834,club,Group,FALSE,0.8241491954210027,NA,missing,Lionel_Messi-954,0.8241491954210027
Lionel Messi,784,2009-03-11,Champions Lg,Round of 16,Home,Barcelona,Lyon,Y,40,2-0,Hugo Lloris,,,Lyon,Barcelona,Home,W 5–2,90,1,1820.39709473,club,Knockout,FALSE,1.0385506255192332,NA,missing,Lionel_Messi-955,1.0385506255192332
Lionel Messi,783,2009-03-22,La Liga,Matchweek 28,Home,Barcelona,Málaga,Y,25,1-0,Iñaki Goitia,,,Málaga,Barcelona,Home,W 6–0,90,1,1701.32751465,club,Group,FALSE,0.8182511650934232,NA,missing,Lionel_Messi-956,0.8182511650934232
Lionel Messi,781,2009-04-08,Champions Lg,Quarter-finals,Home,Barcelona,Bayern Munich,Y,38,2-0,Hans-Jörg Butt,,,Bayern Munich,Barcelona,Home,W 4–0,90,2,1846.96264648,club,Knockout,FALSE,1.0495129687966143,NA,missing,Lionel_Messi-957,1.0495129687966143
Lionel Messi,782,2009-04-08,Champions Lg,Quarter-finals,Home,Barcelona,Bayern Munich,Y,9,0-0,Hans-Jörg Butt,,,Bayern Munich,Barcelona,Home,W 4–0,90,2,1846.96264648,club,Knockout,FALSE,1.0495129687966143,NA,missing,Lionel_Messi-958,1.0495129687966143
Lionel Messi,780,2009-04-18,La Liga,Matchweek 31,Away,Barcelona,Getafe,Y,19,0-0,Vladimir Stojković,,,Getafe,Barcelona,Away,W 1–0,90,1,1699.0871582,club,Group,TRUE,-1.12485305766559,NA,missing,Lionel_Messi-959,-1.12485305766559
Lionel Messi,779,2009-04-25,La Liga,Matchweek 33,Away,Barcelona,Valencia,Y,24,0-0,César Sánchez,,,Valencia,Barcelona,Away,D 2–2,90,1,1764.04602051,club,Group,TRUE,-1.098047616007471,NA,missing,Lionel_Messi-960,-1.098047616007471
Lionel Messi,778,2009-05-02,La Liga,Matchweek 34,Away,Barcelona,Real Madrid,Y,36,2-1,Iker Casillas,,,Real Madrid,Barcelona,Away,W 6–2,90,2,1919.28942871,club,Group,TRUE,-1.0339860242041292,NA,missing,Lionel_Messi-961,-1.0339860242041292
Lionel Messi,777,2009-05-02,La Liga,Matchweek 34,Away,Barcelona,Real Madrid,Y,75,4-2,Iker Casillas,,,Real Madrid,Barcelona,Away,W 6–2,90,2,1919.28942871,club,Group,TRUE,-1.0339860242041292,NA,missing,Lionel_Messi-962,-1.0339860242041292
Lionel Messi,776,2009-05-27,Champions Lg,Final,Neutral,Barcelona,Manchester Utd,Y,70,1-0,Edwin van der Sar,,,Manchester Utd,Barcelona,Neutral,W 2–0,90,1,1812.7101919840484,league_avg,Final,FALSE,1.8013626248009196,NA,missing,Lionel_Messi-963,1.8013626248009196
Lionel Messi,775,2009-09-12,La Liga,Matchweek 2,Away,Barcelona,Getafe,N,80,1-0,Óscar Ustari,,,Getafe,Barcelona,Away,W 2–0,33,1,1734.25488281,club,Group,TRUE,-1.1103410056258942,NA,missing,Lionel_Messi-964,-1.1103410056258942
Lionel Messi,774,2009-09-19,La Liga,Matchweek 3,Home,Barcelona,Atlético Madrid,Y,16,1-0,Roberto,,,Atlético Madrid,Barcelona,Home,W 5–2,90,2,1822.68200684,club,Group,FALSE,0.8683284085159725,NA,missing,Lionel_Messi-965,0.8683284085159725
Lionel Messi,773,2009-09-19,La Liga,Matchweek 3,Home,Barcelona,Atlético Madrid,Y,90+4,4-2,Roberto,,,Atlético Madrid,Barcelona,Home,W 5–2,90,2,1822.68200684,club,Group,FALSE,0.8683284085159725,NA,missing,Lionel_Messi-966,0.8683284085159725
Lionel Messi,772,2009-09-22,La Liga,Matchweek 4,Away,Barcelona,Racing Sant,Y,23,1-0,Toño,,,Racing Sant,Barcelona,Away,W 4–1,62,2,1738.783185895233,league_avg,Group,TRUE,-1.1084723897073732,NA,missing,Lionel_Messi-967,-1.1084723897073732
Lionel Messi,771,2009-09-22,La Liga,Matchweek 4,Away,Barcelona,Racing Sant,Y,63,3-0,Toño,,,Racing Sant,Barcelona,Away,W 4–1,62,2,1738.783185895233,league_avg,Group,TRUE,-1.1084723897073732,NA,missing,Lionel_Messi-968,-1.1084723897073732
Lionel Messi,770,2009-09-29,Champions Lg,Group stage,Home,Barcelona,Dynamo Kyiv,Y,26,0-0,Oleksandr Shovkovskiy,,,Dynamo Kyiv,Barcelona,Home,W 2–0,90,1,1831.10510254,club,Group,FALSE,0.8718042206274836,NA,missing,Lionel_Messi-969,0.8718042206274836
Lionel Messi,769,2009-10-25,La Liga,Matchweek 8,Home,Barcelona,Zaragoza,Y,80,4-1,Juan Pablo Carrizo,,,Zaragoza,Barcelona,Home,W 6–1,90,1,1710.58349609,club,Group,FALSE,0.8220706696483906,NA,missing,Lionel_Messi-970,0.8220706696483906
Lionel Messi,768,2009-11-07,La Liga,Matchweek 10,Home,Barcelona,Mallorca,N,87,3-1,Dudu Aouate,,Penalty kick,Mallorca,Barcelona,Home,W 4–2,41,1,1777.77026367,club,Group,FALSE,0.8497954621481211,NA,missing,Lionel_Messi-971,0.8497954621481211
Lionel Messi,767,2009-12-05,La Liga,Matchweek 13,Away,Barcelona,Dep. La Coruña,Y,25,0-0,Daniel Aranzubia,,,Dep. La Coruña,Barcelona,Away,W 3–1,90,2,1738.783185895233,league_avg,Group,TRUE,-1.1084723897073732,NA,missing,Lionel_Messi-972,-1.1084723897073732
Lionel Messi,766,2009-12-05,La Liga,Matchweek 13,Away,Barcelona,Dep. La Coruña,Y,79,1-1,Daniel Aranzubia,,,Dep. La Coruña,Barcelona,Away,W 3–1,90,2,1738.783185895233,league_avg,Group,TRUE,-1.1084723897073732,NA,missing,Lionel_Messi-973,-1.1084723897073732
Lionel Messi,765,2009-12-09,Champions Lg,Group stage,Away,Barcelona,Dynamo Kyiv,Y,86,1-1,Oleksandr Shovkovskiy,,,Dynamo Kyiv,Barcelona,Away,W 2–1,90,1,1826.42687988,club,Group,TRUE,-1.0723059938952184,NA,missing,Lionel_Messi-974,-1.0723059938952184
Lionel Messi,764,2010-01-10,La Liga,Matchweek 17,Away,Barcelona,Tenerife,Y,36,0-0,Sergio Aragoneses,,,Tenerife,Barcelona,Away,W 5–0,90,3,1626.91748047,club,Group,TRUE,-1.1546340608587287,NA,missing,Lionel_Messi-975,-1.1546340608587287
Lionel Messi,763,2010-01-10,La Liga,Matchweek 17,Away,Barcelona,Tenerife,Y,45,2-0,Sergio Aragoneses,,,Tenerife,Barcelona,Away,W 5–0,90,3,1626.91748047,club,Group,TRUE,-1.1546340608587287,NA,missing,Lionel_Messi-976,-1.1546340608587287
Lionel Messi,762,2010-01-10,La Liga,Matchweek 17,Away,Barcelona,Tenerife,Y,75,3-0,Sergio Aragoneses,,,Tenerife,Barcelona,Away,W 5–0,90,3,1626.91748047,club,Group,TRUE,-1.1546340608587287,NA,missing,Lionel_Messi-977,-1.1546340608587287
Lionel Messi,761,2010-01-16,La Liga,Matchweek 18,Home,Barcelona,Sevilla,Y,85,2-0,Andrés Palop,,,Sevilla,Barcelona,Home,W 4–0,90,2,1814.05639648,club,Group,FALSE,0.8647690282089832,NA,missing,Lionel_Messi-978,0.8647690282089832
Lionel Messi,760,2010-01-16,La Liga,Matchweek 18,Home,Barcelona,Sevilla,Y,90+1,3-0,Andrés Palop,,,Sevilla,Barcelona,Home,W 4–0,90,2,1814.05639648,club,Group,FALSE,0.8647690282089832,NA,missing,Lionel_Messi-979,0.8647690282089832
Lionel Messi,759,2010-01-23,La Liga,Matchweek 19,Away,Barcelona,Valladolid,Y,56,2-0,Justo Villar,,,Valladolid,Barcelona,Away,W 3–0,90,1,1650.27197266,club,Group,TRUE,-1.1449967695701826,NA,missing,Lionel_Messi-980,-1.1449967695701826
Lionel Messi,758,2010-02-06,La Liga,Matchweek 21,Home,Barcelona,Getafe,Y,7,0-0,Jordi Codina,,,Getafe,Barcelona,Home,W 2–1,90,1,1722.08996582,club,Group,FALSE,0.8268188439862738,NA,missing,Lionel_Messi-981,0.8268188439862738
Lionel Messi,757,2010-02-27,La Liga,Matchweek 24,Home,Barcelona,Málaga,Y,83,1-1,Gustavo Munúa,,,Málaga,Barcelona,Home,W 2–1,90,1,1706.18359375,club,Group,FALSE,0.8202550386277386,NA,missing,Lionel_Messi-982,0.8202550386277386
Lionel Messi,756,2010-03-06,La Liga,Matchweek 25,Away,Barcelona,Almería,Y,42,0-1,Diego Alves,,,Almería,Barcelona,Away,D 2–2,90,2,1679.22131348,club,Group,TRUE,-1.133050749600063,NA,missing,Lionel_Messi-983,-1.133050749600063
Lionel Messi,755,2010-03-06,La Liga,Matchweek 25,Away,Barcelona,Almería,Y,66,1-2,Diego Alves,,,Almería,Barcelona,Away,D 2–2,90,2,1679.22131348,club,Group,TRUE,-1.133050749600063,NA,missing,Lionel_Messi-984,-1.133050749600063
Lionel Messi,754,2010-03-14,La Liga,Matchweek 26,Home,Barcelona,Valencia,Y,56,0-0,César Sánchez,,,Valencia,Barcelona,Home,W 3–0,86,3,1795.32470703,club,Group,FALSE,0.8570393483646258,NA,missing,Lionel_Messi-985,0.8570393483646258
Lionel Messi,753,2010-03-14,La Liga,Matchweek 26,Home,Barcelona,Valencia,Y,81,1-0,César Sánchez,,,Valencia,Barcelona,Home,W 3–0,86,3,1795.32470703,club,Group,FALSE,0.8570393483646258,NA,missing,Lionel_Messi-986,0.8570393483646258
Lionel Messi,752,2010-03-14,La Liga,Matchweek 26,Home,Barcelona,Valencia,Y,82,2-0,César Sánchez,,,Valencia,Barcelona,Home,W 3–0,86,3,1795.32470703,club,Group,FALSE,0.8570393483646258,NA,missing,Lionel_Messi-987,0.8570393483646258
Lionel Messi,751,2010-03-17,Champions Lg,Round of 16,Home,Barcelona,Stuttgart,Y,13,0-0,Jens Lehmann,,,Stuttgart,Barcelona,Home,W 4–0,90,2,1764.08422852,club,Knockout,FALSE,1.0153129763961624,NA,missing,Lionel_Messi-988,1.0153129763961624
Lionel Messi,750,2010-03-17,Champions Lg,Round of 16,Home,Barcelona,Stuttgart,Y,60,2-0,Jens Lehmann,,,Stuttgart,Barcelona,Home,W 4–0,90,2,1764.08422852,club,Knockout,FALSE,1.0153129763961624,NA,missing,Lionel_Messi-989,1.0153129763961624
Lionel Messi,749,2010-03-21,La Liga,Matchweek 27,Away,Barcelona,Zaragoza,Y,4,0-0,Roberto,,,Zaragoza,Barcelona,Away,W 4–2,90,3,1670.14233398,club,Group,TRUE,-1.1367972138490996,NA,missing,Lionel_Messi-990,-1.1367972138490996
Lionel Messi,748,2010-03-21,La Liga,Matchweek 27,Away,Barcelona,Zaragoza,Y,65,1-0,Roberto,,,Zaragoza,Barcelona,Away,W 4–2,90,3,1670.14233398,club,Group,TRUE,-1.1367972138490996,NA,missing,Lionel_Messi-991,-1.1367972138490996
Lionel Messi,747,2010-03-21,La Liga,Matchweek 27,Away,Barcelona,Zaragoza,Y,78,2-0,Roberto,,,Zaragoza,Barcelona,Away,W 4–2,90,3,1670.14233398,club,Group,TRUE,-1.1367972138490996,NA,missing,Lionel_Messi-992,-1.1367972138490996
Lionel Messi,746,2010-04-03,La Liga,Matchweek 30,Home,Barcelona,Athletic Club,Y,66,3-0,Gorka Iraizoz,,,Athletic Club,Barcelona,Home,W 4–1,90,1,1693.24255371,club,Group,FALSE,0.8149148851605772,NA,missing,Lionel_Messi-993,0.8149148851605772
Lionel Messi,745,2010-04-06,Champions Lg,Quarter-finals,Home,Barcelona,Arsenal,Y,21,0-1,Manuel Almunia,,,Arsenal,Barcelona,Home,W 4–1,90,4,1906.1751709,club,Knockout,FALSE,1.0739471693402702,NA,missing,Lionel_Messi-994,1.0739471693402702
Lionel Messi,744,2010-04-06,Champions Lg,Quarter-finals,Home,Barcelona,Arsenal,Y,37,1-1,Manuel Almunia,,,Arsenal,Barcelona,Home,W 4–1,90,4,1906.1751709,club,Knockout,FALSE,1.0739471693402702,NA,missing,Lionel_Messi-995,1.0739471693402702
Lionel Messi,743,2010-04-06,Champions Lg,Quarter-finals,Home,Barcelona,Arsenal,Y,42,2-1,Manuel Almunia,,,Arsenal,Barcelona,Home,W 4–1,90,4,1906.1751709,club,Knockout,FALSE,1.0739471693402702,NA,missing,Lionel_Messi-996,1.0739471693402702
Lionel Messi,742,2010-04-06,Champions Lg,Quarter-finals,Home,Barcelona,Arsenal,Y,88,3-1,Manuel Almunia,,,Arsenal,Barcelona,Home,W 4–1,90,4,1906.1751709,club,Knockout,FALSE,1.0739471693402702,NA,missing,Lionel_Messi-997,1.0739471693402702
Lionel Messi,741,2010-04-10,La Liga,Matchweek 31,Away,Barcelona,Real Madrid,Y,32,0-0,Iker Casillas,,,Real Madrid,Barcelona,Away,W 2–0,90,1,1929.72631836,club,Group,TRUE,-1.0296792148380696,NA,missing,Lionel_Messi-998,-1.0296792148380696
Lionel Messi,740,2010-05-01,La Liga,Matchweek 35,Away,Barcelona,Villarreal,Y,18,0-0,Diego López,,,Villarreal,Barcelona,Away,W 4–1,88,2,1742.85266113,club,Group,TRUE,-1.1067931102818167,NA,missing,Lionel_Messi-999,-1.1067931102818167
Lionel Messi,739,2010-05-01,La Liga,Matchweek 35,Away,Barcelona,Villarreal,Y,87,3-1,Diego López,,,Villarreal,Barcelona,Away,W 4–1,88,2,1742.85266113,club,Group,TRUE,-1.1067931102818167,NA,missing,Lionel_Messi-1000,-1.1067931102818167
Lionel Messi,738,2010-05-04,La Liga,Matchweek 36,Home,Barcelona,Tenerife,Y,17,0-0,Sergio Aragoneses,,,Tenerife,Barcelona,Home,W 4–1,90,2,1626.99536133,club,Group,FALSE,0.7875778107844623,NA,missing,Lionel_Messi-1001,0.7875778107844623
Lionel Messi,737,2010-05-04,La Liga,Matchweek 36,Home,Barcelona,Tenerife,Y,90+3,3-1,Sergio Aragoneses,,,Tenerife,Barcelona,Home,W 4–1,90,2,1626.99536133,club,Group,FALSE,0.7875778107844623,NA,missing,Lionel_Messi-1002,0.7875778107844623
Lionel Messi,736,2010-05-08,La Liga,Matchweek 37,Away,Barcelona,Sevilla,Y,5,0-0,Andrés Palop,,,Sevilla,Barcelona,Away,W 3–2,90,1,1779.4263916,club,Group,TRUE,-1.091700866306626,NA,missing,Lionel_Messi-1003,-1.091700866306626
Lionel Messi,735,2010-05-16,La Liga,Matchweek 38,Home,Barcelona,Valladolid,Y,61,2-0,Jacobo,,,Valladolid,Barcelona,Home,W 4–0,90,2,1643.17211914,club,Group,FALSE,0.7942531915142558,NA,missing,Lionel_Messi-1004,0.7942531915142558
Lionel Messi,734,2010-05-16,La Liga,Matchweek 38,Home,Barcelona,Valladolid,Y,75,3-0,Jacobo,,,Valladolid,Barcelona,Home,W 4–0,90,2,1643.17211914,club,Group,FALSE,0.7942531915142558,NA,missing,Lionel_Messi-1005,0.7942531915142558
Lionel Messi,733,2010-08-29,La Liga,Matchweek 1,Away,Barcelona,Racing Sant,Y,4,0-0,Toño,,,Racing Sant,Barcelona,Away,W 3–0,90,1,1738.783185895233,league_avg,Group,TRUE,-1.1084723897073732,NA,missing,Lionel_Messi-1006,-1.1084723897073732
Lionel Messi,732,2010-09-14,Champions Lg,Group stage,Home,Barcelona,Panathinaikos,Y,22,0-1,Alexandros Tzorvas,,,Panathinaikos,Barcelona,Home,W 5–1,90,2,1674.22058105,club,Group,FALSE,0.8070654192027744,NA,missing,Lionel_Messi-1007,0.8070654192027744
Lionel Messi,731,2010-09-14,Champions Lg,Group stage,Home,Barcelona,Panathinaikos,Y,45,2-1,Alexandros Tzorvas,,,Panathinaikos,Barcelona,Home,W 5–1,90,2,1674.22058105,club,Group,FALSE,0.8070654192027744,NA,missing,Lionel_Messi-1008,0.8070654192027744
Lionel Messi,730,2010-09-19,La Liga,Matchweek 3,Away,Barcelona,Atlético Madrid,Y,13,0-0,David de Gea,,,Atlético Madrid,Barcelona,Away,W 2–1,85,1,1737.52233887,club,Group,TRUE,-1.1089926814762376,NA,missing,Lionel_Messi-1009,-1.1089926814762376
Lionel Messi,729,2010-10-03,La Liga,Matchweek 6,Home,Barcelona,Mallorca,Y,20,0-0,Dudu Aouate,,,Mallorca,Barcelona,Home,D 1–1,90,1,1740.39428711,club,Group,FALSE,0.8343721692598762,NA,missing,Lionel_Messi-1010,0.8343721692598762
Lionel Messi,728,2010-10-20,Champions Lg,Group stage,Home,Barcelona,FC Copenhagen,Y,19,0-0,Johan Wiland,,,FC Copenhagen,Barcelona,Home,W 2–0,90,2,1812.7101919840484,league_avg,Group,FALSE,0.8642135134602192,NA,missing,Lionel_Messi-1011,0.8642135134602192
Lionel Messi,727,2010-10-20,Champions Lg,Group stage,Home,Barcelona,FC Copenhagen,Y,90+2,1-0,Johan Wiland,,,FC Copenhagen,Barcelona,Home,W 2–0,90,2,1812.7101919840484,league_avg,Group,FALSE,0.8642135134602192,NA,missing,Lionel_Messi-1012,0.8642135134602192
Lionel Messi,726,2010-10-23,La Liga,Matchweek 8,Away,Barcelona,Zaragoza,Y,42,0-0,Toni Doblas,,,Zaragoza,Barcelona,Away,W 2–0,90,2,1638.53308105,club,Group,TRUE,-1.1498408533948221,NA,missing,Lionel_Messi-1013,-1.1498408533948221
Lionel Messi,725,2010-10-23,La Liga,Matchweek 8,Away,Barcelona,Zaragoza,Y,66,1-0,Toni Doblas,,,Zaragoza,Barcelona,Away,W 2–0,90,2,1638.53308105,club,Group,TRUE,-1.1498408533948221,NA,missing,Lionel_Messi-1014,-1.1498408533948221
Lionel Messi,724,2010-10-30,La Liga,Matchweek 9,Home,Barcelona,Sevilla,Y,3,0-0,Javi Varas,,,Sevilla,Barcelona,Home,W 5–0,90,2,1752.48803711,club,Group,FALSE,0.8393626863121271,NA,missing,Lionel_Messi-1015,0.8393626863121271
Lionel Messi,723,2010-10-30,La Liga,Matchweek 9,Home,Barcelona,Sevilla,Y,63,3-0,Javi Varas,,,Sevilla,Barcelona,Home,W 5–0,90,2,1752.48803711,club,Group,FALSE,0.8393626863121271,NA,missing,Lionel_Messi-1016,0.8393626863121271
Lionel Messi,722,2010-11-02,Champions Lg,Group stage,Away,Barcelona,FC Copenhagen,Y,31,0-0,Johan Wiland,,,FC Copenhagen,Barcelona,Away,D 1–1,90,1,1812.7101919840484,league_avg,Group,TRUE,-1.0779662204457217,NA,missing,Lionel_Messi-1017,-1.0779662204457217
Lionel Messi,721,2010-11-07,La Liga,Matchweek 10,Away,Barcelona,Getafe,Y,22,0-0,Jordi Codina,,,Getafe,Barcelona,Away,W 3–1,90,1,1682.1986084,club,Group,TRUE,-1.1318221611913524,NA,missing,Lionel_Messi-1018,-1.1318221611913524
Lionel Messi,720,2010-11-13,La Liga,Matchweek 11,Home,Barcelona,Villarreal,Y,58,1-1,Diego López,,,Villarreal,Barcelona,Home,W 3–1,90,2,1742.82092285,club,Group,FALSE,0.8353735267412257,NA,missing,Lionel_Messi-1019,0.8353735267412257
Lionel Messi,719,2010-11-13,La Liga,Matchweek 11,Home,Barcelona,Villarreal,Y,83,2-1,Diego López,,,Villarreal,Barcelona,Home,W 3–1,90,2,1742.82092285,club,Group,FALSE,0.8353735267412257,NA,missing,Lionel_Messi-1020,0.8353735267412257
Lionel Messi,718,2010-11-20,La Liga,Matchweek 12,Away,Barcelona,Almería,Y,16,0-0,Diego Alves,,,Almería,Barcelona,Away,W 8–0,90,3,1629.36767578,club,Group,TRUE,-1.153622981460205,NA,missing,Lionel_Messi-1021,-1.153622981460205
Lionel Messi,717,2010-11-20,La Liga,Matchweek 12,Away,Barcelona,Almería,Y,36,4-0,Diego Alves,,,Almería,Barcelona,Away,W 8–0,90,3,1629.36767578,club,Group,TRUE,-1.153622981460205,NA,missing,Lionel_Messi-1022,-1.153622981460205
Lionel Messi,716,2010-11-20,La Liga,Matchweek 12,Away,Barcelona,Almería,Y,66,6-0,Diego Alves,,,Almería,Barcelona,Away,W 8–0,90,3,1629.36767578,club,Group,TRUE,-1.153622981460205,NA,missing,Lionel_Messi-1023,-1.153622981460205
Lionel Messi,715,2010-11-24,Champions Lg,Group stage,Away,Barcelona,Panathinaikos,Y,62,1-0,Alexandros Tzorvas,,,Panathinaikos,Barcelona,Away,W 3–0,90,1,1667.15576172,club,Group,TRUE,-1.1380296305760296,NA,missing,Lionel_Messi-1024,-1.1380296305760296
Lionel Messi,714,2010-12-04,La Liga,Matchweek 14,Away,Barcelona,Osasuna,Y,64,1-0,Ricardo,,,Osasuna,Barcelona,Away,W 3–0,90,2,1646.89343262,club,Group,TRUE,-1.1463909328099826,NA,missing,Lionel_Messi-1025,-1.1463909328099826
Lionel Messi,713,2010-12-04,La Liga,Matchweek 14,Away,Barcelona,Osasuna,Y,82,2-0,Ricardo,,Penalty kick,Osasuna,Barcelona,Away,W 3–0,90,2,1646.89343262,club,Group,TRUE,-1.1463909328099826,NA,missing,Lionel_Messi-1026,-1.1463909328099826
Lionel Messi,712,2010-12-12,La Liga,Matchweek 15,Home,Barcelona,Real Sociedad,Y,46,2-0,Claudio Bravo,,,Real Sociedad,Barcelona,Home,W 5–0,90,2,1641.30432129,club,Group,FALSE,0.7934824399259907,NA,missing,Lionel_Messi-1027,0.7934824399259907
Lionel Messi,711,2010-12-12,La Liga,Matchweek 15,Home,Barcelona,Real Sociedad,Y,86,3-0,Claudio Bravo,,,Real Sociedad,Barcelona,Home,W 5–0,90,2,1641.30432129,club,Group,FALSE,0.7934824399259907,NA,missing,Lionel_Messi-1028,0.7934824399259907
Lionel Messi,710,2011-01-08,La Liga,Matchweek 18,Away,Barcelona,Dep. La Coruña,Y,51,1-0,Daniel Aranzubia,,,Dep. La Coruña,Barcelona,Away,W 4–0,90,1,1738.783185895233,league_avg,Group,TRUE,-1.1084723897073732,NA,missing,Lionel_Messi-1029,-1.1084723897073732
Lionel Messi,709,2011-01-22,La Liga,Matchweek 20,Home,Barcelona,Racing Sant,Y,33,1-0,Toño,,Penalty kick,Racing Sant,Barcelona,Home,W 3–0,90,1,1738.783185895233,league_avg,Group,FALSE,0.8337073441985677,NA,missing,Lionel_Messi-1030,0.8337073441985677
Lionel Messi,708,2011-01-29,La Liga,Matchweek 21,Away,Barcelona,Hércules,Y,87,1-0,Juan Calatayud,,,Hércules,Barcelona,Away,W 3–0,90,2,1636.00158691,club,Group,TRUE,-1.1508854809647107,NA,missing,Lionel_Messi-1031,-1.1508854809647107
Lionel Messi,707,2011-01-29,La Liga,Matchweek 21,Away,Barcelona,Hércules,Y,89,2-0,Juan Calatayud,,,Hércules,Barcelona,Away,W 3–0,90,2,1636.00158691,club,Group,TRUE,-1.1508854809647107,NA,missing,Lionel_Messi-1032,-1.1508854809647107
Lionel Messi,706,2011-02-05,La Liga,Matchweek 22,Home,Barcelona,Atlético Madrid,Y,17,0-0,David de Gea,,,Atlético Madrid,Barcelona,Home,W 3–0,90,3,1706.26086426,club,Group,FALSE,0.8202869245024915,NA,missing,Lionel_Messi-1033,0.8202869245024915
Lionel Messi,705,2011-02-05,La Liga,Matchweek 22,Home,Barcelona,Atlético Madrid,Y,28,1-0,David de Gea,,,Atlético Madrid,Barcelona,Home,W 3–0,90,3,1706.26086426,club,Group,FALSE,0.8202869245024915,NA,missing,Lionel_Messi-1034,0.8202869245024915
Lionel Messi,704,2011-02-05,La Liga,Matchweek 22,Home,Barcelona,Atlético Madrid,Y,79,2-0,David de Gea,,,Atlético Madrid,Barcelona,Home,W 3–0,90,3,1706.26086426,club,Group,FALSE,0.8202869245024915,NA,missing,Lionel_Messi-1035,0.8202869245024915
Lionel Messi,703,2011-02-20,La Liga,Matchweek 24,Home,Barcelona,Athletic Club,Y,77,1-1,Gorka Iraizoz,,,Athletic Club,Barcelona,Home,W 2–1,90,1,1714.34399414,club,Group,FALSE,0.823622448843717,NA,missing,Lionel_Messi-1036,0.823622448843717
Lionel Messi,702,2011-02-26,La Liga,Matchweek 25,Away,Barcelona,Mallorca,Y,38,0-0,Dudu Aouate,,,Mallorca,Barcelona,Away,W 3–0,90,1,1698.64709473,club,Group,TRUE,-1.125034650988679,NA,missing,Lionel_Messi-1037,-1.125034650988679
Lionel Messi,701,2011-03-02,La Liga,Matchweek 26,Away,Barcelona,Valencia,Y,76,0-0,Vicente Guaita,,,Valencia,Barcelona,Away,W 1–0,90,1,1827.54980469,club,Group,TRUE,-1.0718426160833152,NA,missing,Lionel_Messi-1038,-1.0718426160833152
Lionel Messi,700,2011-03-08,Champions Lg,Round of 16,Home,Barcelona,Arsenal,Y,48,0-0,Manuel Almunia,,,Arsenal,Barcelona,Home,W 3–1,90,2,1894.29321289,club,Knockout,FALSE,1.0690440487975905,NA,missing,Lionel_Messi-1039,1.0690440487975905
Lionel Messi,699,2011-03-08,Champions Lg,Round of 16,Home,Barcelona,Arsenal,Y,71,2-1,Manuel Almunia,,Penalty kick,Arsenal,Barcelona,Home,W 3–1,90,2,1894.29321289,club,Knockout,FALSE,1.0690440487975905,NA,missing,Lionel_Messi-1040,1.0690440487975905
Lionel Messi,698,2011-04-09,La Liga,Matchweek 31,Home,Barcelona,Almería,Y,52,0-1,Diego Alves,,Penalty kick,Almería,Barcelona,Home,W 3–1,90,2,1625.21166992,club,Group,FALSE,0.7868417659350517,NA,missing,Lionel_Messi-1041,0.7868417659350517
Lionel Messi,697,2011-04-09,La Liga,Matchweek 31,Home,Barcelona,Almería,Y,90+2,2-1,Diego Alves,,,Almería,Barcelona,Home,W 3–1,90,2,1625.21166992,club,Group,FALSE,0.7868417659350517,NA,missing,Lionel_Messi-1042,0.7868417659350517
Lionel Messi,696,2011-04-12,Champions Lg,Quarter-finals,Away,Barcelona,Shakhtar D.,Y,43,0-0,Andriy Pyatov,,,Shakhtar D.,Barcelona,Away,W 1–0,90,1,1812.7101919840484,league_avg,Knockout,TRUE,-0.9068011285816568,NA,missing,Lionel_Messi-1043,-0.9068011285816568
Lionel Messi,695,2011-04-16,La Liga,Matchweek 32,Away,Barcelona,Real Madrid,Y,51,0-0,Iker Casillas,,Penalty kick,Real Madrid,Barcelona,Away,D 1–1,90,1,1998.34814453,club,Group,TRUE,-1.0013622417190626,NA,missing,Lionel_Messi-1044,-1.0013622417190626
Lionel Messi,694,2011-04-23,La Liga,Matchweek 33,Home,Barcelona,Osasuna,N,69,1-0,Ricardo,,,Osasuna,Barcelona,Home,W 2–0,34,1,1676.87866211,club,Group,FALSE,0.8081622831908833,NA,missing,Lionel_Messi-1045,0.8081622831908833
Lionel Messi,693,2011-04-27,Champions Lg,Semi-finals,Away,Barcelona,Real Madrid,Y,76,0-0,Iker Casillas,,,Real Madrid,Barcelona,Away,W 2–0,90,2,2008.47363281,club,Knockout,TRUE,-0.8260188410654409,NA,missing,Lionel_Messi-1046,-0.8260188410654409
Lionel Messi,692,2011-04-27,Champions Lg,Semi-finals,Away,Barcelona,Real Madrid,Y,87,1-0,Iker Casillas,,,Real Madrid,Barcelona,Away,W 2–0,90,2,2008.47363281,club,Knockout,TRUE,-0.8260188410654409,NA,missing,Lionel_Messi-1047,-0.8260188410654409
Lionel Messi,691,2011-05-28,Champions Lg,Final,Neutral,Barcelona,Manchester Utd,Y,54,1-1,Edwin van der Sar,,,Manchester Utd,Barcelona,Neutral,W 3–1,90,1,1812.7101919840484,league_avg,Final,FALSE,1.8013626248009196,NA,missing,Lionel_Messi-1048,1.8013626248009196
Lionel Messi,690,2011-08-29,La Liga,Matchweek 2,Home,Barcelona,Villarreal,Y,51,3-0,Diego López,,,Villarreal,Barcelona,Home,W 5–0,90,2,1781.17333984,club,Group,FALSE,0.851199750285092,NA,missing,Lionel_Messi-1049,0.851199750285092
Lionel Messi,689,2011-08-29,La Liga,Matchweek 2,Home,Barcelona,Villarreal,Y,74,4-0,Diego López,,,Villarreal,Barcelona,Home,W 5–0,90,2,1781.17333984,club,Group,FALSE,0.851199750285092,NA,missing,Lionel_Messi-1050,0.851199750285092
Lionel Messi,688,2011-09-17,La Liga,Matchweek 4,Home,Barcelona,Osasuna,Y,4,0-0,Andrés Fernández,,,Osasuna,Barcelona,Home,W 8–0,90,3,1710.52709961,club,Group,FALSE,0.8220473974958223,NA,missing,Lionel_Messi-1051,0.8220473974958223
Lionel Messi,687,2011-09-17,La Liga,Matchweek 4,Home,Barcelona,Osasuna,Y,40,4-0,Andrés Fernández,,,Osasuna,Barcelona,Home,W 8–0,90,3,1710.52709961,club,Group,FALSE,0.8220473974958223,NA,missing,Lionel_Messi-1052,0.8220473974958223
Lionel Messi,686,2011-09-17,La Liga,Matchweek 4,Home,Barcelona,Osasuna,Y,78,7-0,Andrés Fernández,,,Osasuna,Barcelona,Home,W 8–0,90,3,1710.52709961,club,Group,FALSE,0.8220473974958223,NA,missing,Lionel_Messi-1053,0.8220473974958223
Lionel Messi,685,2011-09-24,La Liga,Matchweek 6,Home,Barcelona,Atlético Madrid,Y,26,2-0,Thibaut Courtois,,,Atlético Madrid,Barcelona,Home,W 5–0,90,3,1763.54589844,club,Group,FALSE,0.8439257412395723,NA,missing,Lionel_Messi-1054,0.8439257412395723
Lionel Messi,684,2011-09-24,La Liga,Matchweek 6,Home,Barcelona,Atlético Madrid,Y,78,3-0,Thibaut Courtois,,,Atlético Madrid,Barcelona,Home,W 5–0,90,3,1763.54589844,club,Group,FALSE,0.8439257412395723,NA,missing,Lionel_Messi-1055,0.8439257412395723
Lionel Messi,683,2011-09-24,La Liga,Matchweek 6,Home,Barcelona,Atlético Madrid,Y,90+1,4-0,Thibaut Courtois,,,Atlético Madrid,Barcelona,Home,W 5–0,90,3,1763.54589844,club,Group,FALSE,0.8439257412395723,NA,missing,Lionel_Messi-1056,0.8439257412395723
Lionel Messi,682,2011-09-28,Champions Lg,Group stage,Away,Barcelona,BATE Borisov,Y,38,2-0,Alyaksandr Hutar,,,BATE Borisov,Barcelona,Away,W 5–0,90,2,1812.7101919840484,league_avg,Group,TRUE,-1.0779662204457217,NA,missing,Lionel_Messi-1057,-1.0779662204457217
Lionel Messi,681,2011-09-28,Champions Lg,Group stage,Away,Barcelona,BATE Borisov,Y,56,3-0,Alyaksandr Hutar,,,BATE Borisov,Barcelona,Away,W 5–0,90,2,1812.7101919840484,league_avg,Group,TRUE,-1.0779662204457217,NA,missing,Lionel_Messi-1058,-1.0779662204457217
Lionel Messi,680,2011-10-07,WCQ,WCQ — CONMEBOL (M),Home,Argentina,Chile,Y,25,1-0,Claudio Bravo,,,Chile,Argentina,Home,W 4–1,90,1,1867,national,Other,FALSE,1.0081840881347712,NA,missing,Lionel_Messi-1059,1.0081840881347712
Lionel Messi,679,2011-10-15,La Liga,Matchweek 8,Home,Barcelona,Racing Sant,Y,11,0-0,Toño,,,Racing Sant,Barcelona,Home,W 3–0,90,2,1738.783185895233,league_avg,Group,FALSE,0.8337073441985677,NA,missing,Lionel_Messi-1060,0.8337073441985677
Lionel Messi,678,2011-10-15,La Liga,Matchweek 8,Home,Barcelona,Racing Sant,Y,68,2-0,Toño,,,Racing Sant,Barcelona,Home,W 3–0,90,2,1738.783185895233,league_avg,Group,FALSE,0.8337073441985677,NA,missing,Lionel_Messi-1061,0.8337073441985677
Lionel Messi,677,2011-10-29,La Liga,Matchweek 11,Home,Barcelona,Mallorca,Y,12,0-0,Dudu Aouate,,Penalty kick,Mallorca,Barcelona,Home,W 5–0,90,3,1655.90905762,club,Group,FALSE,0.7995091219475715,NA,missing,Lionel_Messi-1062,0.7995091219475715
Lionel Messi,676,2011-10-29,La Liga,Matchweek 11,Home,Barcelona,Mallorca,Y,21,1-0,Dudu Aouate,,,Mallorca,Barcelona,Home,W 5–0,90,3,1655.90905762,club,Group,FALSE,0.7995091219475715,NA,missing,Lionel_Messi-1063,0.7995091219475715
Lionel Messi,675,2011-10-29,La Liga,Matchweek 11,Home,Barcelona,Mallorca,Y,29,2-0,Dudu Aouate,,,Mallorca,Barcelona,Home,W 5–0,90,3,1655.90905762,club,Group,FALSE,0.7995091219475715,NA,missing,Lionel_Messi-1064,0.7995091219475715
Lionel Messi,674,2011-11-01,Champions Lg,Group stage,Away,Barcelona,Viktoria Plzeň,Y,24,0-0,Roman Pavlík,,Penalty kick,Viktoria Plzeň,Barcelona,Away,W 4–0,90,3,1565.02758789,club,Group,TRUE,-1.180173084261931,NA,missing,Lionel_Messi-1065,-1.180173084261931
Lionel Messi,673,2011-11-01,Champions Lg,Group stage,Away,Barcelona,Viktoria Plzeň,Y,47,1-0,Roman Pavlík,,,Viktoria Plzeň,Barcelona,Away,W 4–0,90,3,1565.02758789,club,Group,TRUE,-1.180173084261931,NA,missing,Lionel_Messi-1066,-1.180173084261931
Lionel Messi,672,2011-11-01,Champions Lg,Group stage,Away,Barcelona,Viktoria Plzeň,Y,90+2,3-0,Roman Pavlík,,,Viktoria Plzeň,Barcelona,Away,W 4–0,90,3,1565.02758789,club,Group,TRUE,-1.180173084261931,NA,missing,Lionel_Messi-1067,-1.180173084261931
Lionel Messi,671,2011-11-06,La Liga,Matchweek 12,Away,Barcelona,Athletic Club,Y,90+1,1-2,Gorka Iraizoz,,,Athletic Club,Barcelona,Away,D 2–2,90,1,1742.32348633,club,Group,TRUE,-1.1070114756244958,NA,missing,Lionel_Messi-1068,-1.1070114756244958
Lionel Messi,670,2011-11-15,WCQ,WCQ — CONMEBOL (M),Away,Argentina,Colombia,Y*,60,0-1,David Ospina,,,Colombia,Argentina,Away,W 2–1,90,1,1768,national,Other,TRUE,-0.9748482504779683,NA,missing,Lionel_Messi-1069,-0.9748482504779683
Lionel Messi,669,2011-11-19,La Liga,Matchweek 13,Home,Barcelona,Zaragoza,Y,42,1-0,Roberto,,,Zaragoza,Barcelona,Home,W 4–0,90,1,1662.05249023,club,Group,FALSE,0.8020442252198865,NA,missing,Lionel_Messi-1070,0.8020442252198865
Lionel Messi,668,2011-11-23,Champions Lg,Group stage,Away,Barcelona,Milan,Y,31,1-1,Christian Abbiati,,Penalty kick,Milan,Barcelona,Away,W 3–2,90,1,1791.49658203,club,Group,TRUE,-1.0867200711715495,NA,missing,Lionel_Messi-1071,-1.0867200711715495
Lionel Messi,667,2011-11-29,La Liga,Matchweek 17,Home,Barcelona,Rayo Vallecano,Y,49,3-0,David Cobeño,,,Rayo Vallecano,Barcelona,Home,W 4–0,90,1,1653.49890137,club,Group,FALSE,0.7985145647701689,NA,missing,Lionel_Messi-1072,0.7985145647701689
Lionel Messi,666,2011-12-03,La Liga,Matchweek 15,Home,Barcelona,Levante,Y,54,3-0,Gustavo Munúa,,,Levante,Barcelona,Home,W 5–0,90,1,1730.07006836,club,Group,FALSE,0.8301118538305804,NA,missing,Lionel_Messi-1073,0.8301118538305804
Lionel Messi,665,2012-01-15,La Liga,Matchweek 19,Home,Barcelona,Real Betis,Y,12,1-0,Casto,,,Real Betis,Barcelona,Home,W 4–2,90,2,1669.22924805,club,Group,FALSE,0.8050057327986431,NA,missing,Lionel_Messi-1074,0.8050057327986431
Lionel Messi,664,2012-01-15,La Liga,Matchweek 19,Home,Barcelona,Real Betis,Y,86,3-2,Casto,,Penalty kick,Real Betis,Barcelona,Home,W 4–2,90,2,1669.22924805,club,Group,FALSE,0.8050057327986431,NA,missing,Lionel_Messi-1075,0.8050057327986431
Lionel Messi,663,2012-01-22,La Liga,Matchweek 1,Away,Barcelona,Málaga,Y,32,0-0,Willy Caballero,,,Málaga,Barcelona,Away,W 4–1,90,3,1696.45568848,club,Group,TRUE,-1.125938940415783,NA,missing,Lionel_Messi-1076,-1.125938940415783
Lionel Messi,662,2012-01-22,La Liga,Matchweek 1,Away,Barcelona,Málaga,Y,51,2-0,Willy Caballero,,,Málaga,Barcelona,Away,W 4–1,90,3,1696.45568848,club,Group,TRUE,-1.125938940415783,NA,missing,Lionel_Messi-1077,-1.125938940415783
Lionel Messi,661,2012-01-22,La Liga,Matchweek 1,Away,Barcelona,Málaga,Y,77,3-0,Willy Caballero,,,Málaga,Barcelona,Away,W 4–1,90,3,1696.45568848,club,Group,TRUE,-1.125938940415783,NA,missing,Lionel_Messi-1078,-1.125938940415783
Lionel Messi,660,2012-02-04,La Liga,Matchweek 22,Home,Barcelona,Real Sociedad,Y,72,1-0,Claudio Bravo,,,Real Sociedad,Barcelona,Home,W 2–1,90,1,1647.38427734,club,Group,FALSE,0.7959913494325095,NA,missing,Lionel_Messi-1079,0.7959913494325095
Lionel Messi,659,2012-02-14,Champions Lg,Round of 16,Away,Barcelona,Leverkusen,Y,88,2-1,Bernd Leno,,,Leverkusen,Barcelona,Away,W 3–1,90,1,1760.20288086,club,Knockout,TRUE,-0.9284684056075928,NA,missing,Lionel_Messi-1080,-0.9284684056075928
Lionel Messi,658,2012-02-19,La Liga,Matchweek 24,Home,Barcelona,Valencia,Y,21,0-1,Diego Alves,,,Valencia,Barcelona,Home,W 5–1,90,4,1825.74060059,club,Group,FALSE,0.8695905450960476,NA,missing,Lionel_Messi-1081,0.8695905450960476
Lionel Messi,657,2012-02-19,La Liga,Matchweek 24,Home,Barcelona,Valencia,Y,27,1-1,Diego Alves,,,Valencia,Barcelona,Home,W 5–1,90,4,1825.74060059,club,Group,FALSE,0.8695905450960476,NA,missing,Lionel_Messi-1082,0.8695905450960476
Lionel Messi,656,2012-02-19,La Liga,Matchweek 24,Home,Barcelona,Valencia,Y,75,2-1,Diego Alves,,,Valencia,Barcelona,Home,W 5–1,90,4,1825.74060059,club,Group,FALSE,0.8695905450960476,NA,missing,Lionel_Messi-1083,0.8695905450960476
Lionel Messi,655,2012-02-19,La Liga,Matchweek 24,Home,Barcelona,Valencia,Y,84,3-1,Diego Alves,,,Valencia,Barcelona,Home,W 5–1,90,4,1825.74060059,club,Group,FALSE,0.8695905450960476,NA,missing,Lionel_Messi-1084,0.8695905450960476
Lionel Messi,654,2012-02-26,La Liga,Matchweek 25,Away,Barcelona,Atlético Madrid,Y,79,1-1,Thibaut Courtois,,,Atlético Madrid,Barcelona,Away,W 2–1,90,1,1781.37756348,club,Group,TRUE,-1.0908957102103767,NA,missing,Lionel_Messi-1085,-1.0908957102103767
Lionel Messi,653,2012-03-07,Champions Lg,Round of 16,Home,Barcelona,Leverkusen,Y,25,0-0,Bernd Leno,,,Leverkusen,Barcelona,Home,W 7–1,90,5,1786.70629883,club,Knockout,FALSE,1.024648031911555,NA,missing,Lionel_Messi-1086,1.024648031911555
Lionel Messi,652,2012-03-07,Champions Lg,Round of 16,Home,Barcelona,Leverkusen,Y,42,1-0,Bernd Leno,,,Leverkusen,Barcelona,Home,W 7–1,90,5,1786.70629883,club,Knockout,FALSE,1.024648031911555,NA,missing,Lionel_Messi-1087,1.024648031911555
Lionel Messi,651,2012-03-07,Champions Lg,Round of 16,Home,Barcelona,Leverkusen,Y,49,2-0,Bernd Leno,,,Leverkusen,Barcelona,Home,W 7–1,90,5,1786.70629883,club,Knockout,FALSE,1.024648031911555,NA,missing,Lionel_Messi-1088,1.024648031911555
Lionel Messi,650,2012-03-07,Champions Lg,Round of 16,Home,Barcelona,Leverkusen,Y,58,4-0,Bernd Leno,,,Leverkusen,Barcelona,Home,W 7–1,90,5,1786.70629883,club,Knockout,FALSE,1.024648031911555,NA,missing,Lionel_Messi-1089,1.024648031911555
Lionel Messi,649,2012-03-07,Champions Lg,Round of 16,Home,Barcelona,Leverkusen,Y,84,6-0,Bernd Leno,,,Leverkusen,Barcelona,Home,W 7–1,90,5,1786.70629883,club,Knockout,FALSE,1.024648031911555,NA,missing,Lionel_Messi-1090,1.024648031911555
Lionel Messi,648,2012-03-11,La Liga,Matchweek 27,Away,Barcelona,Racing Sant,Y,28,0-0,Mario Fernández,,,Racing Sant,Barcelona,Away,W 2–0,90,2,1738.783185895233,league_avg,Group,TRUE,-1.1084723897073732,NA,missing,Lionel_Messi-1091,-1.1084723897073732
Lionel Messi,647,2012-03-11,La Liga,Matchweek 27,Away,Barcelona,Racing Sant,Y,55,1-0,Mario Fernández,,Penalty kick,Racing Sant,Barcelona,Away,W 2–0,90,2,1738.783185895233,league_avg,Group,TRUE,-1.1084723897073732,NA,missing,Lionel_Messi-1092,-1.1084723897073732
Lionel Messi,646,2012-03-17,La Liga,Matchweek 28,Away,Barcelona,Sevilla,Y,24,1-0,Andrés Palop,,,Sevilla,Barcelona,Away,W 2–0,90,1,1737.70288086,club,Group,TRUE,-1.1089181803595662,NA,missing,Lionel_Messi-1093,-1.1089181803595662
Lionel Messi,645,2012-03-20,La Liga,Matchweek 29,Home,Barcelona,Granada,Y,16,1-0,Júlio César,,,Granada,Barcelona,Home,W 5–3,90,3,1634.18200684,club,Group,FALSE,0.7905433985439363,NA,missing,Lionel_Messi-1094,0.7905433985439363
Lionel Messi,644,2012-03-20,La Liga,Matchweek 29,Home,Barcelona,Granada,Y,66,2-2,Júlio César,,,Granada,Barcelona,Home,W 5–3,90,3,1634.18200684,club,Group,FALSE,0.7905433985439363,NA,missing,Lionel_Messi-1095,0.7905433985439363
Lionel Messi,643,2012-03-20,La Liga,Matchweek 29,Home,Barcelona,Granada,Y,85,4-2,Júlio César,,,Granada,Barcelona,Home,W 5–3,90,3,1634.18200684,club,Group,FALSE,0.7905433985439363,NA,missing,Lionel_Messi-1096,0.7905433985439363
Lionel Messi,642,2012-03-24,La Liga,Matchweek 30,Away,Barcelona,Mallorca,Y,25,0-0,Dudu Aouate,,,Mallorca,Barcelona,Away,W 2–0,90,1,1719.54870605,club,Group,TRUE,-1.1164095473019002,NA,missing,Lionel_Messi-1097,-1.1164095473019002
Lionel Messi,641,2012-03-31,La Liga,Matchweek 31,Home,Barcelona,Athletic Club,Y,57,1-0,Gorka Iraizoz,,Penalty kick,Athletic Club,Barcelona,Home,W 2–0,90,1,1792.78137207,club,Group,FALSE,0.8559898346499,NA,missing,Lionel_Messi-1098,0.8559898346499
Lionel Messi,640,2012-04-03,Champions Lg,Quarter-finals,Home,Barcelona,Milan,Y,11,0-0,Christian Abbiati,,Penalty kick,Milan,Barcelona,Home,W 3–1,90,2,1817.74121094,club,Knockout,FALSE,1.0374546682402426,NA,missing,Lionel_Messi-1099,1.0374546682402426
Lionel Messi,639,2012-04-03,Champions Lg,Quarter-finals,Home,Barcelona,Milan,Y,41,1-1,Christian Abbiati,,Penalty kick,Milan,Barcelona,Home,W 3–1,90,2,1817.74121094,club,Knockout,FALSE,1.0374546682402426,NA,missing,Lionel_Messi-1100,1.0374546682402426
Lionel Messi,638,2012-04-07,La Liga,Matchweek 32,Away,Barcelona,Zaragoza,Y,38,1-1,Roberto,,,Zaragoza,Barcelona,Away,W 4–1,90,2,1681.375,club,Group,TRUE,-1.132162025316589,NA,missing,Lionel_Messi-1101,-1.132162025316589
Lionel Messi,637,2012-04-07,La Liga,Matchweek 32,Away,Barcelona,Zaragoza,Y,84,2-1,Roberto,,Penalty kick,Zaragoza,Barcelona,Away,W 4–1,90,2,1681.375,club,Group,TRUE,-1.132162025316589,NA,missing,Lionel_Messi-1102,-1.132162025316589
Lionel Messi,636,2012-04-10,La Liga,Matchweek 33,Home,Barcelona,Getafe,Y,44,1-0,Miguel Ángel Moyá,,,Getafe,Barcelona,Home,W 4–0,90,1,1733.4407959,club,Group,FALSE,0.8315027932221554,NA,missing,Lionel_Messi-1103,0.8315027932221554
Lionel Messi,635,2012-04-14,La Liga,Matchweek 34,Away,Barcelona,Levante,Y,64,0-1,Gustavo Munúa,,,Levante,Barcelona,Away,W 2–1,90,2,1732.2388916,club,Group,TRUE,-1.1111729095854346,NA,missing,Lionel_Messi-1104,-1.1111729095854346
Lionel Messi,634,2012-04-14,La Liga,Matchweek 34,Away,Barcelona,Levante,Y,73,1-1,Gustavo Munúa,,Penalty kick,Levante,Barcelona,Away,W 2–1,90,2,1732.2388916,club,Group,TRUE,-1.1111729095854346,NA,missing,Lionel_Messi-1105,-1.1111729095854346
Lionel Messi,633,2012-04-29,La Liga,Matchweek 36,Away,Barcelona,Rayo Vallecano,Y,16,0-0,David Cobeño,,,Rayo Vallecano,Barcelona,Away,W 7–0,90,2,1667.83435059,club,Group,TRUE,-1.137749609132953,NA,missing,Lionel_Messi-1106,-1.137749609132953
Lionel Messi,632,2012-04-29,La Liga,Matchweek 36,Away,Barcelona,Rayo Vallecano,Y,88,6-0,David Cobeño,,,Rayo Vallecano,Barcelona,Away,W 7–0,90,2,1667.83435059,club,Group,TRUE,-1.137749609132953,NA,missing,Lionel_Messi-1107,-1.137749609132953
Lionel Messi,631,2012-05-02,La Liga,Matchweek 20,Home,Barcelona,Málaga,Y,34,1-1,Carlos Kameni,,Penalty kick,Málaga,Barcelona,Home,W 4–1,90,3,1758.25097656,club,Group,FALSE,0.8417407781030368,NA,missing,Lionel_Messi-1108,0.8417407781030368
Lionel Messi,630,2012-05-02,La Liga,Matchweek 20,Home,Barcelona,Málaga,Y,60,2-1,Carlos Kameni,,Penalty kick,Málaga,Barcelona,Home,W 4–1,90,3,1758.25097656,club,Group,FALSE,0.8417407781030368,NA,missing,Lionel_Messi-1109,0.8417407781030368
Lionel Messi,629,2012-05-02,La Liga,Matchweek 20,Home,Barcelona,Málaga,Y,63,3-1,Carlos Kameni,,,Málaga,Barcelona,Home,W 4–1,90,3,1758.25097656,club,Group,FALSE,0.8417407781030368,NA,missing,Lionel_Messi-1110,0.8417407781030368
Lionel Messi,628,2012-05-05,La Liga,Matchweek 37,Home,Barcelona,Espanyol,Y,11,0-0,Cristian Álvarez,,,Espanyol,Barcelona,Home,W 4–0,90,4,1695.85876465,club,Group,FALSE,0.8159944713359453,NA,missing,Lionel_Messi-1111,0.8159944713359453
Lionel Messi,627,2012-05-05,La Liga,Matchweek 37,Home,Barcelona,Espanyol,Y,63,1-0,Cristian Álvarez,,Penalty kick,Espanyol,Barcelona,Home,W 4–0,90,4,1695.85876465,club,Group,FALSE,0.8159944713359453,NA,missing,Lionel_Messi-1112,0.8159944713359453
Lionel Messi,626,2012-05-05,La Liga,Matchweek 37,Home,Barcelona,Espanyol,Y,73,2-0,Cristian Álvarez,,,Espanyol,Barcelona,Home,W 4–0,90,4,1695.85876465,club,Group,FALSE,0.8159944713359453,NA,missing,Lionel_Messi-1113,0.8159944713359453
Lionel Messi,625,2012-05-05,La Liga,Matchweek 37,Home,Barcelona,Espanyol,Y,78,3-0,Cristian Álvarez,,Penalty kick,Espanyol,Barcelona,Home,W 4–0,90,4,1695.85876465,club,Group,FALSE,0.8159944713359453,NA,missing,Lionel_Messi-1114,0.8159944713359453
Lionel Messi,624,2012-06-02,WCQ,WCQ — CONMEBOL (M),Home,Argentina,Ecuador,Y*,31,2-0,Alexander Domínguez,,,Ecuador,Argentina,Home,W 4–0,90,1,1769,national,Other,FALSE,0.967744136000768,NA,missing,Lionel_Messi-1115,0.967744136000768
Lionel Messi,623,2012-08-19,La Liga,Matchweek 1,Home,Barcelona,Real Sociedad,Y,10,1-1,Claudio Bravo,,,Real Sociedad,Barcelona,Home,W 5–1,90,2,1699.7109375,club,Group,FALSE,0.8175840803733527,NA,missing,Lionel_Messi-1116,0.8175840803733527
Lionel Messi,622,2012-08-19,La Liga,Matchweek 1,Home,Barcelona,Real Sociedad,Y,15,2-1,Claudio Bravo,,,Real Sociedad,Barcelona,Home,W 5–1,90,2,1699.7109375,club,Group,FALSE,0.8175840803733527,NA,missing,Lionel_Messi-1117,0.8175840803733527
Lionel Messi,621,2012-08-26,La Liga,Matchweek 2,Away,Barcelona,Osasuna,Y,74,0-1,Andrés Fernández,,,Osasuna,Barcelona,Away,W 2–1,90,2,1735.69250488,club,Group,TRUE,-1.1097477671800005,NA,missing,Lionel_Messi-1118,-1.1097477671800005
Lionel Messi,620,2012-08-26,La Liga,Matchweek 2,Away,Barcelona,Osasuna,Y,79,1-1,Andrés Fernández,,,Osasuna,Barcelona,Away,W 2–1,90,2,1735.69250488,club,Group,TRUE,-1.1097477671800005,NA,missing,Lionel_Messi-1119,-1.1097477671800005
Lionel Messi,619,2012-09-07,WCQ,WCQ — CONMEBOL (M),Home,Argentina,Paraguay,Y*,63,2-1,Justo Villar,,,Paraguay,Argentina,Home,W 3–1,90,1,1751,national,Other,FALSE,0.9603163896904414,NA,missing,Lionel_Messi-1120,0.9603163896904414
Lionel Messi,618,2012-09-15,La Liga,Matchweek 4,Away,Barcelona,Getafe,N,74,1-0,Miguel Ángel Moyá,,Penalty kick,Getafe,Barcelona,Away,W 4–1,33,2,1716.43493652,club,Group,TRUE,-1.1176944523095482,NA,missing,Lionel_Messi-1121,-1.1176944523095482
Lionel Messi,617,2012-09-15,La Liga,Matchweek 4,Away,Barcelona,Getafe,N,78,2-0,Miguel Ángel Moyá,,,Getafe,Barcelona,Away,W 4–1,33,2,1716.43493652,club,Group,TRUE,-1.1176944523095482,NA,missing,Lionel_Messi-1122,-1.1176944523095482
Lionel Messi,616,2012-09-19,Champions Lg,Group stage,Home,Barcelona,Spartak Moscow,Y,72,1-2,Andriy Dykan,,,Spartak Moscow,Barcelona,Home,W 3–2,90,2,1812.7101919840484,league_avg,Group,FALSE,0.8642135134602192,NA,missing,Lionel_Messi-1123,0.8642135134602192
Lionel Messi,615,2012-09-19,Champions Lg,Group stage,Home,Barcelona,Spartak Moscow,Y,80,2-2,Andriy Dykan,,,Spartak Moscow,Barcelona,Home,W 3–2,90,2,1812.7101919840484,league_avg,Group,FALSE,0.8642135134602192,NA,missing,Lionel_Messi-1124,0.8642135134602192
Lionel Messi,614,2012-10-07,La Liga,Matchweek 7,Home,Barcelona,Real Madrid,Y,31,0-1,Iker Casillas,,,Real Madrid,Barcelona,Home,D 2–2,90,2,2075.14746094,club,Group,FALSE,0.9725089276924347,NA,missing,Lionel_Messi-1125,0.9725089276924347
Lionel Messi,613,2012-10-07,La Liga,Matchweek 7,Home,Barcelona,Real Madrid,Y,60,1-1,Iker Casillas,,,Real Madrid,Barcelona,Home,D 2–2,90,2,2075.14746094,club,Group,FALSE,0.9725089276924347,NA,missing,Lionel_Messi-1126,0.9725089276924347
Lionel Messi,612,2012-10-12,WCQ,WCQ — CONMEBOL (M),Home,Argentina,Uruguay,Y*,65,0-0,Fernando Muslera,,,Uruguay,Argentina,Home,W 3–0,90,2,1897,national,Other,FALSE,1.0205636653186496,NA,missing,Lionel_Messi-1127,1.0205636653186496
Lionel Messi,611,2012-10-12,WCQ,WCQ — CONMEBOL (M),Home,Argentina,Uruguay,Y*,79,2-0,Fernando Muslera,,,Uruguay,Argentina,Home,W 3–0,90,2,1897,national,Other,FALSE,1.0205636653186496,NA,missing,Lionel_Messi-1128,1.0205636653186496
Lionel Messi,610,2012-10-16,WCQ,WCQ — CONMEBOL (M),Away,Argentina,Chile,Y*,28,0-0,Miguel Pinto,,,Chile,Argentina,Away,W 2–1,90,1,1823,national,Other,TRUE,-0.9521523589741911,NA,missing,Lionel_Messi-1129,-0.9521523589741911
Lionel Messi,609,2012-10-20,La Liga,Matchweek 8,Away,Barcelona,Dep. La Coruña,Y,17,2-0,Daniel Aranzubia,,,Dep. La Coruña,Barcelona,Away,W 5–4,90,3,1738.783185895233,league_avg,Group,TRUE,-1.1084723897073732,NA,missing,Lionel_Messi-1130,-1.1084723897073732
Lionel Messi,608,2012-10-20,La Liga,Matchweek 8,Away,Barcelona,Dep. La Coruña,Y,43,3-2,Daniel Aranzubia,,,Dep. La Coruña,Barcelona,Away,W 5–4,90,3,1738.783185895233,league_avg,Group,TRUE,-1.1084723897073732,NA,missing,Lionel_Messi-1131,-1.1084723897073732
Lionel Messi,607,2012-10-20,La Liga,Matchweek 8,Away,Barcelona,Dep. La Coruña,Y,76,4-3,Daniel Aranzubia,,,Dep. La Coruña,Barcelona,Away,W 5–4,90,3,1738.783185895233,league_avg,Group,TRUE,-1.1084723897073732,NA,missing,Lionel_Messi-1132,-1.1084723897073732
Lionel Messi,606,2012-10-27,La Liga,Matchweek 9,Away,Barcelona,Rayo Vallecano,Y,47,1-0,Rubén,,,Rayo Vallecano,Barcelona,Away,W 5–0,90,2,1670.7644043,club,Group,TRUE,-1.1365405149310914,NA,missing,Lionel_Messi-1133,-1.1365405149310914
Lionel Messi,605,2012-10-27,La Liga,Matchweek 9,Away,Barcelona,Rayo Vallecano,Y,87,4-0,Rubén,,,Rayo Vallecano,Barcelona,Away,W 5–0,90,2,1670.7644043,club,Group,TRUE,-1.1365405149310914,NA,missing,Lionel_Messi-1134,-1.1365405149310914
Lionel Messi,604,2012-11-07,Champions Lg,Group stage,Away,Barcelona,Celtic,Y,90+1,0-2,Fraser Forster,,,Celtic,Barcelona,Away,L 1–2,90,1,1600.7220459,club,Group,TRUE,-1.1654436743295475,NA,missing,Lionel_Messi-1135,-1.1654436743295475
Lionel Messi,603,2012-11-11,La Liga,Matchweek 11,Away,Barcelona,Mallorca,Y,43,1-0,Dudu Aouate,,,Mallorca,Barcelona,Away,W 4–2,90,2,1728.1307373,club,Group,TRUE,-1.1128681500267725,NA,missing,Lionel_Messi-1136,-1.1128681500267725
Lionel Messi,602,2012-11-11,La Liga,Matchweek 11,Away,Barcelona,Mallorca,Y,70,3-2,Dudu Aouate,,,Mallorca,Barcelona,Away,W 4–2,90,2,1728.1307373,club,Group,TRUE,-1.1128681500267725,NA,missing,Lionel_Messi-1137,-1.1128681500267725
Lionel Messi,601,2012-11-17,La Liga,Matchweek 12,Home,Barcelona,Zaragoza,Y,15,0-0,Roberto,,,Zaragoza,Barcelona,Home,W 3–1,90,2,1703.81970215,club,Group,FALSE,0.819279572677188,NA,missing,Lionel_Messi-1138,0.819279572677188
Lionel Messi,600,2012-11-17,La Liga,Matchweek 12,Home,Barcelona,Zaragoza,Y,60,2-1,Roberto,,,Zaragoza,Barcelona,Home,W 3–1,90,2,1703.81970215,club,Group,FALSE,0.819279572677188,NA,missing,Lionel_Messi-1139,0.819279572677188
Lionel Messi,599,2012-11-20,Champions Lg,Group stage,Away,Barcelona,Spartak Moscow,Y,27,1-0,Andriy Dykan,,,Spartak Moscow,Barcelona,Away,W 3–0,90,2,1812.7101919840484,league_avg,Group,TRUE,-1.0779662204457217,NA,missing,Lionel_Messi-1140,-1.0779662204457217
Lionel Messi,598,2012-11-20,Champions Lg,Group stage,Away,Barcelona,Spartak Moscow,Y,39,2-0,Andriy Dykan,,,Spartak Moscow,Barcelona,Away,W 3–0,90,2,1812.7101919840484,league_avg,Group,TRUE,-1.0779662204457217,NA,missing,Lionel_Messi-1141,-1.0779662204457217
Lionel Messi,597,2012-11-25,La Liga,Matchweek 13,Away,Barcelona,Levante,Y,46,0-0,Gustavo Munúa,,,Levante,Barcelona,Away,W 4–0,90,2,1760.41687012,club,Group,TRUE,-1.0995451942529677,NA,missing,Lionel_Messi-1142,-1.0995451942529677
Lionel Messi,596,2012-11-25,La Liga,Matchweek 13,Away,Barcelona,Levante,Y,51,1-0,Gustavo Munúa,,,Levante,Barcelona,Away,W 4–0,90,2,1760.41687012,club,Group,TRUE,-1.0995451942529677,NA,missing,Lionel_Messi-1143,-1.0995451942529677
Lionel Messi,595,2012-12-01,La Liga,Matchweek 14,Home,Barcelona,Athletic Club,Y,24,1-0,Gorka Iraizoz,,,Athletic Club,Barcelona,Home,W 5–1,90,2,1710.66333008,club,Group,FALSE,0.8221036133497608,NA,missing,Lionel_Messi-1144,0.8221036133497608
Lionel Messi,594,2012-12-01,La Liga,Matchweek 14,Home,Barcelona,Athletic Club,Y,69,4-1,Gorka Iraizoz,,,Athletic Club,Barcelona,Home,W 5–1,90,2,1710.66333008,club,Group,FALSE,0.8221036133497608,NA,missing,Lionel_Messi-1145,0.8221036133497608
Lionel Messi,593,2012-12-09,La Liga,Matchweek 15,Away,Barcelona,Real Betis,Y,16,0-0,Adrián,,,Real Betis,Barcelona,Away,W 2–1,90,2,1741.1451416,club,Group,TRUE,-1.1074977226089708,NA,missing,Lionel_Messi-1146,-1.1074977226089708
Lionel Messi,592,2012-12-09,La Liga,Matchweek 15,Away,Barcelona,Real Betis,Y,25,1-0,Adrián,,,Real Betis,Barcelona,Away,W 2–1,90,2,1741.1451416,club,Group,TRUE,-1.1074977226089708,NA,missing,Lionel_Messi-1147,-1.1074977226089708
Lionel Messi,591,2012-12-16,La Liga,Matchweek 16,Home,Barcelona,Atlético Madrid,Y,57,2-1,Thibaut Courtois,,,Atlético Madrid,Barcelona,Home,W 4–1,90,2,1864.38537598,club,Group,FALSE,0.8855374110858526,NA,missing,Lionel_Messi-1148,0.8855374110858526
Lionel Messi,590,2012-12-16,La Liga,Matchweek 16,Home,Barcelona,Atlético Madrid,Y,87,3-1,Thibaut Courtois,,,Atlético Madrid,Barcelona,Home,W 4–1,90,2,1864.38537598,club,Group,FALSE,0.8855374110858526,NA,missing,Lionel_Messi-1149,0.8855374110858526
Lionel Messi,589,2012-12-22,La Liga,Matchweek 17,Away,Barcelona,Valladolid,Y,59,1-0,Dani Hernández,,,Valladolid,Barcelona,Away,W 3–1,90,1,1722.48828125,club,Group,TRUE,-1.1151965240326929,NA,missing,Lionel_Messi-1150,-1.1151965240326929
Lionel Messi,588,2013-01-06,La Liga,Matchweek 18,Home,Barcelona,Espanyol,Y,28,3-0,Kiko Casilla,,Penalty kick,Espanyol,Barcelona,Home,W 4–0,90,1,1665.63378906,club,Group,FALSE,0.8035220573960372,NA,missing,Lionel_Messi-1151,0.8035220573960372
Lionel Messi,587,2013-01-13,La Liga,Matchweek 19,Away,Barcelona,Málaga,Y,26,0-0,Willy Caballero,,,Málaga,Barcelona,Away,W 3–1,90,1,1807.50402832,club,Group,TRUE,-1.080114557276088,NA,missing,Lionel_Messi-1152,-1.080114557276088
Lionel Messi,586,2013-01-19,La Liga,Matchweek 20,Away,Barcelona,Real Sociedad,Y,6,0-0,Claudio Bravo,,,Real Sociedad,Barcelona,Away,L 2–3,90,1,1724.05505371,club,Group,TRUE,-1.1145499913460881,NA,missing,Lionel_Messi-1153,-1.1145499913460881
Lionel Messi,585,2013-01-27,La Liga,Matchweek 21,Home,Barcelona,Osasuna,Y,10,0-0,Andrés Fernández,,,Osasuna,Barcelona,Home,W 5–1,90,4,1705.42504883,club,Group,FALSE,0.8199420231149195,NA,missing,Lionel_Messi-1154,0.8199420231149195
Lionel Messi,584,2013-01-27,La Liga,Matchweek 21,Home,Barcelona,Osasuna,Y,28,1-1,Andrés Fernández,,Penalty kick,Osasuna,Barcelona,Home,W 5–1,90,4,1705.42504883,club,Group,FALSE,0.8199420231149195,NA,missing,Lionel_Messi-1155,0.8199420231149195
Lionel Messi,583,2013-01-27,La Liga,Matchweek 21,Home,Barcelona,Osasuna,Y,55,3-1,Andrés Fernández,,,Osasuna,Barcelona,Home,W 5–1,90,4,1705.42504883,club,Group,FALSE,0.8199420231149195,NA,missing,Lionel_Messi-1156,0.8199420231149195
Lionel Messi,582,2013-01-27,La Liga,Matchweek 21,Home,Barcelona,Osasuna,Y,57,4-1,Andrés Fernández,,,Osasuna,Barcelona,Home,W 5–1,90,4,1705.42504883,club,Group,FALSE,0.8199420231149195,NA,missing,Lionel_Messi-1157,0.8199420231149195
Lionel Messi,581,2013-02-03,La Liga,Matchweek 22,Away,Barcelona,Valencia,Y,39,0-1,Vicente Guaita,,Penalty kick,Valencia,Barcelona,Away,D 1–1,90,1,1803.90136719,club,Group,TRUE,-1.0816012046602945,NA,missing,Lionel_Messi-1158,-1.0816012046602945
Lionel Messi,580,2013-02-10,La Liga,Matchweek 23,Home,Barcelona,Getafe,Y,13,1-0,Jordi Codina,,,Getafe,Barcelona,Home,W 6–1,90,1,1705.11743164,club,Group,FALSE,0.8198150840900298,NA,missing,Lionel_Messi-1159,0.8198150840900298
Lionel Messi,579,2013-02-16,La Liga,Matchweek 24,Away,Barcelona,Granada,Y,49,0-1,Toño,,,Granada,Barcelona,Away,W 2–1,90,2,1664.87109375,club,Group,TRUE,-1.1389724046918341,NA,missing,Lionel_Messi-1160,-1.1389724046918341
Lionel Messi,578,2013-02-16,La Liga,Matchweek 24,Away,Barcelona,Granada,Y,72,1-1,Toño,,,Granada,Barcelona,Away,W 2–1,90,2,1664.87109375,club,Group,TRUE,-1.1389724046918341,NA,missing,Lionel_Messi-1161,-1.1389724046918341
Lionel Messi,577,2013-02-23,La Liga,Matchweek 25,Home,Barcelona,Sevilla,Y,59,1-1,Beto,,,Sevilla,Barcelona,Home,W 2–1,90,1,1730.37536621,club,Group,FALSE,0.830237835773852,NA,missing,Lionel_Messi-1162,0.830237835773852
Lionel Messi,576,2013-03-02,La Liga,Matchweek 26,Away,Barcelona,Real Madrid,Y,18,0-1,Diego López,,,Real Madrid,Barcelona,Away,L 1–2,90,1,2016.7800293,club,Group,TRUE,-0.9937562770472438,NA,missing,Lionel_Messi-1163,-0.9937562770472438
Lionel Messi,575,2013-03-09,La Liga,Matchweek 27,Home,Barcelona,Dep. La Coruña,N,87,1-0,Daniel Aranzubia,,,Dep. La Coruña,Barcelona,Home,W 2–0,30,1,1738.783185895233,league_avg,Group,FALSE,0.8337073441985677,NA,missing,Lionel_Messi-1164,0.8337073441985677
Lionel Messi,573,2013-03-12,Champions Lg,Round of 16,Home,Barcelona,Milan,Y,40,1-0,Christian Abbiati,,,Milan,Barcelona,Home,W 4–0,90,2,1794.60461426,club,Knockout,FALSE,1.0279072920944983,NA,missing,Lionel_Messi-1165,1.0279072920944983
Lionel Messi,574,2013-03-12,Champions Lg,Round of 16,Home,Barcelona,Milan,Y,5,0-0,Christian Abbiati,,,Milan,Barcelona,Home,W 4–0,90,2,1794.60461426,club,Knockout,FALSE,1.0279072920944983,NA,missing,Lionel_Messi-1166,1.0279072920944983
Lionel Messi,572,2013-03-17,La Liga,Matchweek 28,Home,Barcelona,Rayo Vallecano,Y,40,1-0,Rubén,,,Rayo Vallecano,Barcelona,Home,W 3–1,90,2,1703.24084473,club,Group,FALSE,0.8190407056735431,NA,missing,Lionel_Messi-1167,0.8190407056735431
Lionel Messi,571,2013-03-17,La Liga,Matchweek 28,Home,Barcelona,Rayo Vallecano,Y,57,2-0,Rubén,,,Rayo Vallecano,Barcelona,Home,W 3–1,90,2,1703.24084473,club,Group,FALSE,0.8190407056735431,NA,missing,Lionel_Messi-1168,0.8190407056735431
Lionel Messi,570,2013-03-22,WCQ,WCQ — CONMEBOL (M),Home,Argentina,Venezuela,Y*,43,1-0,Dani Hernández,,Penalty kick,Venezuela,Argentina,Home,W 3–0,90,1,1703,national,Other,FALSE,0.940509066196236,NA,missing,Lionel_Messi-1169,0.940509066196236
Lionel Messi,569,2013-03-30,La Liga,Matchweek 29,Away,Barcelona,Celta Vigo,Y,72,1-1,Javi Varas,,,Celta Vigo,Barcelona,Away,D 2–2,90,1,1652.12854004,club,Group,TRUE,-1.1442306522642565,NA,missing,Lionel_Messi-1170,-1.1442306522642565
Lionel Messi,568,2013-04-02,Champions Lg,Quarter-finals,Away,Barcelona,PSG,Y,38,0-0,Salvatore Sirigu,,,PSG,Barcelona,Away,D 2–2,45,1,1817.8359375,club,Knockout,TRUE,-0.904685976507002,NA,missing,Lionel_Messi-1171,-0.904685976507002
Lionel Messi,567,2013-04-27,La Liga,Matchweek 33,Away,Barcelona,Athletic Club,N,60,0-1,Gorka Iraizoz,,,Athletic Club,Barcelona,Away,D 2–2,33,1,1671.31665039,club,Group,TRUE,-1.1363126291612369,NA,missing,Lionel_Messi-1172,-1.1363126291612369
Lionel Messi,566,2013-05-05,La Liga,Matchweek 34,Home,Barcelona,Real Betis,N,60,2-2,Adrián,,,Real Betis,Barcelona,Home,W 4–2,34,2,1729.10412598,club,Group,FALSE,0.8297132552223007,NA,missing,Lionel_Messi-1173,0.8297132552223007
Lionel Messi,565,2013-05-05,La Liga,Matchweek 34,Home,Barcelona,Real Betis,N,71,3-2,Adrián,,,Real Betis,Barcelona,Home,W 4–2,34,2,1729.10412598,club,Group,FALSE,0.8297132552223007,NA,missing,Lionel_Messi-1174,0.8297132552223007
Lionel Messi,564,2013-08-18,La Liga,Matchweek 1,Home,Barcelona,Levante,Y,12,1-0,Keylor Navas,,,Levante,Barcelona,Home,W 7–0,69,2,1675.98181152,club,Group,FALSE,0.8077921954875065,NA,missing,Lionel_Messi-1175,0.8077921954875065
Lionel Messi,563,2013-08-18,La Liga,Matchweek 1,Home,Barcelona,Levante,Y,41,4-0,Keylor Navas,,Penalty kick,Levante,Barcelona,Home,W 7–0,69,2,1675.98181152,club,Group,FALSE,0.8077921954875065,NA,missing,Lionel_Messi-1176,0.8077921954875065
Lionel Messi,562,2013-09-01,La Liga,Matchweek 3,Away,Barcelona,Valencia,Y,11,0-0,Diego Alves,,,Valencia,Barcelona,Away,W 3–2,90,3,1819.74633789,club,Group,TRUE,-1.075062736735063,NA,missing,Lionel_Messi-1177,-1.075062736735063
Lionel Messi,561,2013-09-01,La Liga,Matchweek 3,Away,Barcelona,Valencia,Y,39,1-0,Diego Alves,,,Valencia,Barcelona,Away,W 3–2,90,3,1819.74633789,club,Group,TRUE,-1.075062736735063,NA,missing,Lionel_Messi-1178,-1.075062736735063
Lionel Messi,560,2013-09-01,La Liga,Matchweek 3,Away,Barcelona,Valencia,Y,41,2-0,Diego Alves,,,Valencia,Barcelona,Away,W 3–2,90,3,1819.74633789,club,Group,TRUE,-1.075062736735063,NA,missing,Lionel_Messi-1179,-1.075062736735063
Lionel Messi,559,2013-09-10,WCQ,WCQ — CONMEBOL (M),Away,Argentina,Paraguay,Y*,12,0-0,Gatito Fernández,,Penalty kick,Paraguay,Argentina,Away,W 5–2,90,2,1712,national,Other,TRUE,-0.9979567945545414,NA,missing,Lionel_Messi-1180,-0.9979567945545414
Lionel Messi,558,2013-09-10,WCQ,WCQ — CONMEBOL (M),Away,Argentina,Paraguay,Y*,52,3-1,Gatito Fernández,,Penalty kick,Paraguay,Argentina,Away,W 5–2,90,2,1712,national,Other,TRUE,-0.9979567945545414,NA,missing,Lionel_Messi-1181,-0.9979567945545414
Lionel Messi,557,2013-09-14,La Liga,Matchweek 4,Home,Barcelona,Sevilla,Y,74,1-0,Beto,,,Sevilla,Barcelona,Home,W 3–2,90,1,1730.54528809,club,Group,FALSE,0.8303079544748083,NA,missing,Lionel_Messi-1182,0.8303079544748083
Lionel Messi,556,2013-09-18,Champions Lg,Group stage,Home,Barcelona,Ajax,Y,22,0-0,Kenneth Vermeer,,,Ajax,Barcelona,Home,W 4–0,90,3,1702.51806641,club,Group,FALSE,0.8187424493402342,NA,missing,Lionel_Messi-1183,0.8187424493402342
Lionel Messi,555,2013-09-18,Champions Lg,Group stage,Home,Barcelona,Ajax,Y,55,1-0,Kenneth Vermeer,,,Ajax,Barcelona,Home,W 4–0,90,3,1702.51806641,club,Group,FALSE,0.8187424493402342,NA,missing,Lionel_Messi-1184,0.8187424493402342
Lionel Messi,554,2013-09-18,Champions Lg,Group stage,Home,Barcelona,Ajax,Y,75,3-0,Kenneth Vermeer,,,Ajax,Barcelona,Home,W 4–0,90,3,1702.51806641,club,Group,FALSE,0.8187424493402342,NA,missing,Lionel_Messi-1185,0.8187424493402342
Lionel Messi,553,2013-09-24,La Liga,Matchweek 6,Home,Barcelona,Real Sociedad,Y,7,1-0,Claudio Bravo,,,Real Sociedad,Barcelona,Home,W 4–1,78,1,1790.01611328,club,Group,FALSE,0.8548487434957599,NA,missing,Lionel_Messi-1186,0.8548487434957599
Lionel Messi,552,2013-09-28,La Liga,Matchweek 7,Away,Barcelona,Almería,Y,20,0-0,Esteban,,,Almería,Barcelona,Away,W 2–0,28,1,1641.73937988,club,Group,TRUE,-1.14851776593347,NA,missing,Lionel_Messi-1187,-1.14851776593347
Lionel Messi,551,2013-10-22,Champions Lg,Group stage,Away,Barcelona,Milan,Y,23,0-1,Marco Amelia,,,Milan,Barcelona,Away,D 1–1,90,1,1769.58544922,club,Group,TRUE,-1.0957617564984696,NA,missing,Lionel_Messi-1188,-1.0957617564984696
Lionel Messi,550,2013-11-06,Champions Lg,Group stage,Home,Barcelona,Milan,Y,30,0-0,Christian Abbiati,,Penalty kick,Milan,Barcelona,Home,W 3–1,90,2,1750.45739746,club,Group,FALSE,0.8385247376361331,NA,missing,Lionel_Messi-1189,0.8385247376361331
Lionel Messi,549,2013-11-06,Champions Lg,Group stage,Home,Barcelona,Milan,Y,83,2-1,Christian Abbiati,,,Milan,Barcelona,Home,W 3–1,90,2,1750.45739746,club,Group,FALSE,0.8385247376361331,NA,missing,Lionel_Messi-1190,0.8385247376361331
Lionel Messi,548,2014-02-01,La Liga,Matchweek 22,Home,Barcelona,Valencia,Y,53,1-2,Diego Alves,,Penalty kick,Valencia,Barcelona,Home,L 2–3,90,1,1754.65026855,club,Group,FALSE,0.8402549366788233,NA,missing,Lionel_Messi-1191,0.8402549366788233
Lionel Messi,547,2014-02-09,La Liga,Matchweek 23,Away,Barcelona,Sevilla,Y,43,1-1,Beto,,,Sevilla,Barcelona,Away,W 4–1,90,2,1755.68249512,club,Group,TRUE,-1.1014988462772983,NA,missing,Lionel_Messi-1192,-1.1014988462772983
Lionel Messi,546,2014-02-09,La Liga,Matchweek 23,Away,Barcelona,Sevilla,Y,55,2-1,Beto,,,Sevilla,Barcelona,Away,W 4–1,90,2,1755.68249512,club,Group,TRUE,-1.1014988462772983,NA,missing,Lionel_Messi-1193,-1.1014988462772983
Lionel Messi,545,2014-02-15,La Liga,Matchweek 24,Home,Barcelona,Rayo Vallecano,Y,35,1-0,Rubén,,,Rayo Vallecano,Barcelona,Home,W 6–0,72,2,1623.58789062,club,Group,FALSE,0.786171709229254,NA,missing,Lionel_Messi-1194,0.786171709229254
Lionel Messi,544,2014-02-15,La Liga,Matchweek 24,Home,Barcelona,Rayo Vallecano,Y,67,4-0,Rubén,,,Rayo Vallecano,Barcelona,Home,W 6–0,72,2,1623.58789062,club,Group,FALSE,0.786171709229254,NA,missing,Lionel_Messi-1195,0.786171709229254
Lionel Messi,543,2014-02-18,Champions Lg,Round of 16,Away,Barcelona,Manchester City,Y,54,0-0,Joe Hart,,Penalty kick,Manchester City,Barcelona,Away,W 2–0,90,1,1812.7101919840484,league_avg,Knockout,TRUE,-0.9068011285816568,NA,missing,Lionel_Messi-1196,-0.9068011285816568
Lionel Messi,542,2014-02-22,La Liga,Matchweek 25,Away,Barcelona,Real Sociedad,Y,35,0-1,Claudio Bravo,,,Real Sociedad,Barcelona,Away,L 1–3,90,1,1791.1237793,club,Group,TRUE,-1.0868739091772293,NA,missing,Lionel_Messi-1197,-1.0868739091772293
Lionel Messi,541,2014-03-02,La Liga,Matchweek 26,Home,Barcelona,Almería,Y,23,1-0,Esteban,,,Almería,Barcelona,Home,W 4–1,90,1,1668.37036133,club,Group,FALSE,0.8046513109838945,NA,missing,Lionel_Messi-1198,0.8046513109838945
Lionel Messi,540,2014-03-12,Champions Lg,Round of 16,Home,Barcelona,Manchester City,Y,67,0-0,Joe Hart,,,Manchester City,Barcelona,Home,W 2–1,90,1,1812.7101919840484,league_avg,Knockout,FALSE,1.0353786053242837,NA,missing,Lionel_Messi-1199,1.0353786053242837
Lionel Messi,539,2014-03-16,La Liga,Matchweek 28,Home,Barcelona,Osasuna,Y,17,0-0,Andrés Fernández,,,Osasuna,Barcelona,Home,W 7–0,90,3,1678.04138184,club,Group,FALSE,0.8086420824789087,NA,missing,Lionel_Messi-1200,0.8086420824789087
Lionel Messi,538,2014-03-16,La Liga,Matchweek 28,Home,Barcelona,Osasuna,Y,62,3-0,Andrés Fernández,,,Osasuna,Barcelona,Home,W 7–0,90,3,1678.04138184,club,Group,FALSE,0.8086420824789087,NA,missing,Lionel_Messi-1201,0.8086420824789087
Lionel Messi,537,2014-03-16,La Liga,Matchweek 28,Home,Barcelona,Osasuna,Y,87,5-0,Andrés Fernández,,,Osasuna,Barcelona,Home,W 7–0,90,3,1678.04138184,club,Group,FALSE,0.8086420824789087,NA,missing,Lionel_Messi-1202,0.8086420824789087
Lionel Messi,536,2014-03-23,La Liga,Matchweek 29,Away,Barcelona,Real Madrid,Y,42,1-2,Diego López,,,Real Madrid,Barcelona,Away,W 4–3,90,3,2062.67529297,club,Group,TRUE,-0.9748174784146698,NA,missing,Lionel_Messi-1203,-0.9748174784146698
Lionel Messi,535,2014-03-23,La Liga,Matchweek 29,Away,Barcelona,Real Madrid,Y,64,2-3,Diego López,,Penalty kick,Real Madrid,Barcelona,Away,W 4–3,90,3,2062.67529297,club,Group,TRUE,-0.9748174784146698,NA,missing,Lionel_Messi-1204,-0.9748174784146698
Lionel Messi,534,2014-03-23,La Liga,Matchweek 29,Away,Barcelona,Real Madrid,Y,84,3-3,Diego López,,Penalty kick,Real Madrid,Barcelona,Away,W 4–3,90,3,2062.67529297,club,Group,TRUE,-0.9748174784146698,NA,missing,Lionel_Messi-1205,-0.9748174784146698
Lionel Messi,533,2014-03-26,La Liga,Matchweek 30,Home,Barcelona,Celta Vigo,Y,44,1-0,Yoel,,,Celta Vigo,Barcelona,Home,W 3–0,90,1,1679.36352539,club,Group,FALSE,0.8091876684164216,NA,missing,Lionel_Messi-1206,0.8091876684164216
Lionel Messi,532,2014-03-29,La Liga,Matchweek 31,Away,Barcelona,Espanyol,Y,77,0-0,Kiko Casilla,,Penalty kick,Espanyol,Barcelona,Away,W 1–0,90,1,1721.25134277,club,Group,TRUE,-1.1157069498788557,NA,missing,Lionel_Messi-1207,-1.1157069498788557
Lionel Messi,531,2014-04-05,La Liga,Matchweek 32,Home,Barcelona,Real Betis,Y,14,0-0,Antonio Adán,,Penalty kick,Real Betis,Barcelona,Home,W 3–1,90,2,1667.96704102,club,Group,FALSE,0.8044848798203122,NA,missing,Lionel_Messi-1208,0.8044848798203122
Lionel Messi,530,2014-04-05,La Liga,Matchweek 32,Home,Barcelona,Real Betis,Y,85,2-1,Antonio Adán,,,Real Betis,Barcelona,Home,W 3–1,90,2,1667.96704102,club,Group,FALSE,0.8044848798203122,NA,missing,Lionel_Messi-1209,0.8044848798203122
Lionel Messi,529,2014-04-20,La Liga,Matchweek 34,Home,Barcelona,Athletic Club,Y,74,1-1,Gorka Iraizoz,,,Athletic Club,Barcelona,Home,W 2–1,90,1,1815.71289062,club,Group,FALSE,0.8654525847776753,NA,missing,Lionel_Messi-1210,0.8654525847776753
Lionel Messi,528,2014-04-27,La Liga,Matchweek 35,Away,Barcelona,Villarreal,Y,82,2-2,Sergio Asenjo,,,Villarreal,Barcelona,Away,W 3–2,90,1,1750.70483398,club,Group,TRUE,-1.103552890953226,NA,missing,Lionel_Messi-1211,-1.103552890953226
Lionel Messi,527,2014-05-03,La Liga,Matchweek 36,Home,Barcelona,Getafe,Y,22,0-0,Júlio César,,,Getafe,Barcelona,Home,D 2–2,90,1,1686.30310059,club,Group,FALSE,0.8120513019768127,NA,missing,Lionel_Messi-1212,0.8120513019768127
Lionel Messi,526,2014-06-15,World Cup,Group stage,Neutral,Argentina,Bosnia–Herz,Y,65,1-0,Asmir Begović,Gonzalo Higuaín,,Bosnia–Herz,Argentina,Neutral,W 2–1,90,1,1773,national,Group,FALSE,1.023966957928354,NA,missing,Lionel_Messi-1213,1.023966957928354
Lionel Messi,525,2014-06-21,World Cup,Group stage,Neutral,Argentina,IR Iran,Y,90+1,0-0,Alireza Haghighi,,,IR Iran,Argentina,Neutral,W 1–0,90,1,1708,national,Group,FALSE,0.9971445406966173,NA,missing,Lionel_Messi-1214,0.9971445406966173
Lionel Messi,524,2014-06-25,World Cup,Group stage,Neutral,Argentina,Nigeria,Y,3,0-0,Vincent Enyeama,,,Nigeria,Argentina,Neutral,W 3–2,62,2,1750,national,Group,FALSE,1.0144759487540471,NA,missing,Lionel_Messi-1215,1.0144759487540471
Lionel Messi,523,2014-06-25,World Cup,Group stage,Neutral,Argentina,Nigeria,Y,45+1,1-1,Vincent Enyeama,,,Nigeria,Argentina,Neutral,W 3–2,62,2,1750,national,Group,FALSE,1.0144759487540471,NA,missing,Lionel_Messi-1216,1.0144759487540471
Lionel Messi,522,2014-08-24,La Liga,Matchweek 1,Home,Barcelona,Elche,Y,42,0-0,Przemysław Tytoń,Sergio Busquets,,Elche,Barcelona,Home,W 3–0,90,2,1683.43518066,club,Group,FALSE,0.8108678474391255,0.06870150566101074,understat,Lionel_Messi-1217,0.8108678474391255
Lionel Messi,521,2014-08-24,La Liga,Matchweek 1,Home,Barcelona,Elche,Y,64,2-0,Przemysław Tytoń,,,Elche,Barcelona,Home,W 3–0,90,2,1683.43518066,club,Group,FALSE,0.8108678474391255,0.15034306049346924,understat,Lionel_Messi-1218,0.8108678474391255
Lionel Messi,520,2014-09-21,La Liga,Matchweek 4,Away,Barcelona,Levante,Y,77,4-0,Jesús,,,Levante,Barcelona,Away,W 5–0,90,1,1717.27380371,club,Group,TRUE,-1.1173482916053608,0.4680374562740326,understat,Lionel_Messi-1219,-1.1173482916053608
Lionel Messi,519,2014-09-27,La Liga,Matchweek 6,Home,Barcelona,Granada,Y,62,3-0,Roberto,Dani Alves,,Granada,Barcelona,Home,W 6–0,90,2,1678.55700684,club,Group,FALSE,0.8088548564617564,0.571601390838623,understat,Lionel_Messi-1220,0.8088548564617564
Lionel Messi,518,2014-09-27,La Liga,Matchweek 6,Home,Barcelona,Granada,Y,82,5-0,Roberto,,,Granada,Barcelona,Home,W 6–0,90,2,1678.55700684,club,Group,FALSE,0.8088548564617564,0.4600500166416168,understat,Lionel_Messi-1221,0.8088548564617564
Lionel Messi,517,2014-09-30,Champions Lg,Group stage,Away,Barcelona,PSG,Y,11,0-1,Salvatore Sirigu,Andrés Iniesta,,PSG,Barcelona,Away,L 2–3,90,1,1832.43029785,club,Group,TRUE,-1.0698286680243283,NA,missing,Lionel_Messi-1222,-1.0698286680243283
Lionel Messi,516,2014-10-04,La Liga,Matchweek 7,Away,Barcelona,Rayo Vallecano,Y,35,0-0,Toño,Gerard Piqué,,Rayo Vallecano,Barcelona,Away,W 2–0,90,1,1698.67590332,club,Group,TRUE,-1.1250227630498968,0.2869703769683838,understat,Lionel_Messi-1223,-1.1250227630498968
Lionel Messi,515,2014-10-14,Friendlies (M),Friendlies (M),Away,Argentina,Hong Kong,N,66,4-0,Yapp Hung Fai,Éver Banega,,Hong Kong,Argentina,Away,W 7–0,30,2,1168,national,Other,TRUE,-1.2224397941555365,NA,missing,Lionel_Messi-1224,-1.2224397941555365
Lionel Messi,514,2014-10-14,Friendlies (M),Friendlies (M),Away,Argentina,Hong Kong,N,85,6-0,Yapp Hung Fai,,,Hong Kong,Argentina,Away,W 7–0,30,2,1168,national,Other,TRUE,-1.2224397941555365,NA,missing,Lionel_Messi-1225,-1.2224397941555365
Lionel Messi,513,2014-10-18,La Liga,Matchweek 8,Home,Barcelona,Eibar,Y,74,2-0,Xabi Irureta,Neymar,,Eibar,Barcelona,Home,W 3–0,90,1,1637.49694824,club,Group,FALSE,0.7919113176413142,0.104207843542099,understat,Lionel_Messi-1226,0.7919113176413142
Lionel Messi,512,2014-10-21,Champions Lg,Group stage,Home,Barcelona,Ajax,Y,24,1-0,Jasper Cillessen,Andrés Iniesta,,Ajax,Barcelona,Home,W 3–1,67,1,1659.95690918,club,Group,FALSE,0.8011794783081014,NA,missing,Lionel_Messi-1227,0.8011794783081014
Lionel Messi,511,2014-11-05,Champions Lg,Group stage,Away,Barcelona,Ajax,Y,36,0-0,Jasper Cillessen,Marc Bartra,,Ajax,Barcelona,Away,W 2–0,90,2,1655.31835938,club,Group,TRUE,-1.1429143651068514,NA,missing,Lionel_Messi-1228,-1.1429143651068514
Lionel Messi,510,2014-11-05,Champions Lg,Group stage,Away,Barcelona,Ajax,Y,76,1-0,Jasper Cillessen,Pedro,,Ajax,Barcelona,Away,W 2–0,90,2,1655.31835938,club,Group,TRUE,-1.1429143651068514,NA,missing,Lionel_Messi-1229,-1.1429143651068514
Lionel Messi,509,2014-11-12,Friendlies (M),Friendlies (M),Home,Argentina,Croatia,Y*,57,1-1,Lovre Kalinić,,Penalty kick,Croatia,Argentina,Home,W 2–1,90,1,1815,national,Other,FALSE,0.9867261543493822,NA,missing,Lionel_Messi-1230,0.9867261543493822
Lionel Messi,508,2014-11-22,La Liga,Matchweek 12,Home,Barcelona,Sevilla,Y,21,0-0,Beto,,,Sevilla,Barcelona,Home,W 5–1,90,3,1831.34692383,club,Group,FALSE,0.8719040088049592,0.10196317732334137,understat,Lionel_Messi-1231,0.8719040088049592
Lionel Messi,507,2014-11-22,La Liga,Matchweek 12,Home,Barcelona,Sevilla,Y,72,3-1,Beto,Neymar,,Sevilla,Barcelona,Home,W 5–1,90,3,1831.34692383,club,Group,FALSE,0.8719040088049592,0.9710696339607239,understat,Lionel_Messi-1232,0.8719040088049592
Lionel Messi,506,2014-11-22,La Liga,Matchweek 12,Home,Barcelona,Sevilla,Y,78,4-1,Beto,Neymar,,Sevilla,Barcelona,Home,W 5–1,90,3,1831.34692383,club,Group,FALSE,0.8719040088049592,0.1202750876545906,understat,Lionel_Messi-1233,0.8719040088049592
Lionel Messi,505,2014-11-25,Champions Lg,Group stage,Away,Barcelona,APOEL FC,Y,38,1-0,Urko Pardo,Rafinha,,APOEL FC,Barcelona,Away,W 4–0,90,3,1564.41870117,club,Group,TRUE,-1.18042434293348,NA,missing,Lionel_Messi-1234,-1.18042434293348
Lionel Messi,504,2014-11-25,Champions Lg,Group stage,Away,Barcelona,APOEL FC,Y,58,2-0,Urko Pardo,Dani Alves,,APOEL FC,Barcelona,Away,W 4–0,90,3,1564.41870117,club,Group,TRUE,-1.18042434293348,NA,missing,Lionel_Messi-1235,-1.18042434293348
Lionel Messi,503,2014-11-25,Champions Lg,Group stage,Away,Barcelona,APOEL FC,Y,87,3-0,Urko Pardo,Pedro,,APOEL FC,Barcelona,Away,W 4–0,90,3,1564.41870117,club,Group,TRUE,-1.18042434293348,NA,missing,Lionel_Messi-1236,-1.18042434293348
Lionel Messi,502,2014-12-07,La Liga,Matchweek 14,Home,Barcelona,Espanyol,Y,45+1,0-1,Kiko Casilla,Xavi,,Espanyol,Barcelona,Home,W 5–1,90,3,1679.65734863,club,Group,FALSE,0.8093089153323548,0.036903657019138336,understat,Lionel_Messi-1237,0.8093089153323548
Lionel Messi,501,2014-12-07,La Liga,Matchweek 14,Home,Barcelona,Espanyol,Y,50,1-1,Kiko Casilla,Luis Suárez,,Espanyol,Barcelona,Home,W 5–1,90,3,1679.65734863,club,Group,FALSE,0.8093089153323548,0.07737951725721359,understat,Lionel_Messi-1238,0.8093089153323548
Lionel Messi,500,2014-12-07,La Liga,Matchweek 14,Home,Barcelona,Espanyol,Y,81,4-1,Kiko Casilla,Pedro,,Espanyol,Barcelona,Home,W 5–1,90,3,1679.65734863,club,Group,FALSE,0.8093089153323548,0.5030357241630554,understat,Lionel_Messi-1239,0.8093089153323548
Lionel Messi,499,2014-12-10,Champions Lg,Group stage,Home,Barcelona,PSG,Y,19,0-1,,Luis Suárez,,PSG,Barcelona,Home,W 3–1,90,1,1879.859375,club,Group,FALSE,0.8919227965928974,NA,missing,Lionel_Messi-1240,0.8919227965928974
Lionel Messi,498,2014-12-20,La Liga,Matchweek 16,Home,Barcelona,Córdoba,Y,82,3-0,Juan Carlos,,,Córdoba,Barcelona,Home,W 5–0,90,2,1596.8302002,club,Group,FALSE,0.7751300794353636,0.07197588682174683,understat,Lionel_Messi-1241,0.7751300794353636
Lionel Messi,497,2014-12-20,La Liga,Matchweek 16,Home,Barcelona,Córdoba,Y,90+2,4-0,Juan Carlos,,,Córdoba,Barcelona,Home,W 5–0,90,2,1596.8302002,club,Group,FALSE,0.7751300794353636,0.09458550065755844,understat,Lionel_Messi-1242,0.7751300794353636
Lionel Messi,496,2015-01-08,Copa del Rey,Round of 16,Home,Barcelona,Elche,Y,45,2-0,Przemysław Tytoń,,Penalty kick,Elche,Barcelona,Home,W 5–0,90,1,1625.39221191,club,Knockout,FALSE,0.9580813589157879,NA,missing,Lionel_Messi-1243,0.9580813589157879
Lionel Messi,495,2015-01-11,La Liga,Matchweek 18,Home,Barcelona,Atlético Madrid,Y,87,2-1,Miguel Ángel Moyá,,,Atlético Madrid,Barcelona,Home,W 3–1,90,1,1963.54919434,club,Group,FALSE,0.9264576158603764,0.5731115937232971,understat,Lionel_Messi-1244,0.9264576158603764
Lionel Messi,494,2015-01-18,La Liga,Matchweek 19,Away,Barcelona,Dep. La Coruña,Y,11,0-0,Fabricio,Ivan Rakitić,,Dep. La Coruña,Barcelona,Away,W 4–0,90,3,1738.783185895233,league_avg,Group,TRUE,-1.1084723897073732,0.03957773745059967,understat,Lionel_Messi-1245,-1.1084723897073732
Lionel Messi,493,2015-01-18,La Liga,Matchweek 19,Away,Barcelona,Dep. La Coruña,Y,33,1-0,Fabricio,Luis Suárez,,Dep. La Coruña,Barcelona,Away,W 4–0,90,3,1738.783185895233,league_avg,Group,TRUE,-1.1084723897073732,0.9347589015960693,understat,Lionel_Messi-1246,-1.1084723897073732
Lionel Messi,492,2015-01-18,La Liga,Matchweek 19,Away,Barcelona,Dep. La Coruña,Y,62,2-0,Fabricio,,,Dep. La Coruña,Barcelona,Away,W 4–0,90,3,1738.783185895233,league_avg,Group,TRUE,-1.1084723897073732,0.04759814962744713,understat,Lionel_Messi-1247,-1.1084723897073732
Lionel Messi,491,2015-01-21,Copa del Rey,Quarter-finals,Home,Barcelona,Atlético Madrid,Y,85,0-0,Jan Oblak,,,Atlético Madrid,Barcelona,Home,W 1–0,90,1,1958.03967285,club,Knockout,FALSE,1.095349189506718,NA,missing,Lionel_Messi-1248,1.095349189506718
Lionel Messi,490,2015-01-24,La Liga,Matchweek 20,Away,Barcelona,Elche,Y,55,1-0,Przemysław Tytoń,,Penalty kick,Elche,Barcelona,Away,W 6–0,90,2,1646.44714355,club,Group,TRUE,-1.1465750951429288,0.7432776093482971,understat,Lionel_Messi-1249,-1.1465750951429288
Lionel Messi,489,2015-01-24,La Liga,Matchweek 20,Away,Barcelona,Elche,Y,88,4-0,Przemysław Tytoń,Marc Bartra,,Elche,Barcelona,Away,W 6–0,90,2,1646.44714355,club,Group,TRUE,-1.1465750951429288,0.09191282093524933,understat,Lionel_Messi-1250,-1.1465750951429288
Lionel Messi,488,2015-02-01,La Liga,Matchweek 21,Home,Barcelona,Villarreal,Y,55,2-2,Sergio Asenjo,Luis Suárez,,Villarreal,Barcelona,Home,W 3–2,90,1,1820.94116211,club,Group,FALSE,0.8676100444592997,0.06396748125553131,understat,Lionel_Messi-1251,0.8676100444592997
Lionel Messi,487,2015-02-08,La Liga,Matchweek 22,Away,Barcelona,Athletic Club,Y,15,0-0,Gorka Iraizoz,,,Athletic Club,Barcelona,Away,W 5–2,90,1,1756.71813965,club,Group,TRUE,-1.101071484897492,0.047156739979982376,understat,Lionel_Messi-1252,-1.101071484897492
Lionel Messi,486,2015-02-11,Copa del Rey,Semi-finals,Home,Barcelona,Villarreal,Y,41,0-0,Sergio Asenjo,Luis Suárez,,Villarreal,Barcelona,Home,W 3–1,90,1,1822.49584961,club,Knockout,FALSE,1.039416682120133,NA,missing,Lionel_Messi-1253,1.039416682120133
Lionel Messi,485,2015-02-15,La Liga,Matchweek 23,Home,Barcelona,Levante,Y,38,1-0,Diego Mariño,Marc Bartra,,Levante,Barcelona,Home,W 5–0,90,3,1680.91650391,club,Group,FALSE,0.8098285089981965,0.37145546078681946,understat,Lionel_Messi-1254,0.8098285089981965
Lionel Messi,484,2015-02-15,La Liga,Matchweek 23,Home,Barcelona,Levante,Y,60,2-0,Diego Mariño,Pedro,,Levante,Barcelona,Home,W 5–0,90,3,1680.91650391,club,Group,FALSE,0.8098285089981965,0.5667967796325684,understat,Lionel_Messi-1255,0.8098285089981965
Lionel Messi,483,2015-02-15,La Liga,Matchweek 23,Home,Barcelona,Levante,Y,65,3-0,Diego Mariño,,Penalty kick,Levante,Barcelona,Home,W 5–0,90,3,1680.91650391,club,Group,FALSE,0.8098285089981965,0.7432776093482971,understat,Lionel_Messi-1256,0.8098285089981965
Lionel Messi,482,2015-02-28,La Liga,Matchweek 25,Away,Barcelona,Granada,Y,70,2-1,Oier Olazábal,Luis Suárez,,Granada,Barcelona,Away,W 3–1,90,1,1636.40222168,club,Group,TRUE,-1.1507201579961188,0.5633378624916077,understat,Lionel_Messi-1257,-1.1507201579961188
Lionel Messi,481,2015-03-08,La Liga,Matchweek 26,Home,Barcelona,Rayo Vallecano,Y,56,2-0,Cristian Álvarez,,Penalty kick,Rayo Vallecano,Barcelona,Home,W 6–1,90,3,1678.68640137,club,Group,FALSE,0.8089082514474668,0.7432776093482971,understat,Lionel_Messi-1258,0.8089082514474668
Lionel Messi,480,2015-03-08,La Liga,Matchweek 26,Home,Barcelona,Rayo Vallecano,Y,63,3-0,Cristian Álvarez,,,Rayo Vallecano,Barcelona,Home,W 6–1,90,3,1678.68640137,club,Group,FALSE,0.8089082514474668,0.5482910871505737,understat,Lionel_Messi-1259,0.8089082514474668
Lionel Messi,479,2015-03-08,La Liga,Matchweek 26,Home,Barcelona,Rayo Vallecano,Y,68,4-0,Cristian Álvarez,Pedro,,Rayo Vallecano,Barcelona,Home,W 6–1,90,3,1678.68640137,club,Group,FALSE,0.8089082514474668,0.7375969290733337,understat,Lionel_Messi-1260,0.8089082514474668
Lionel Messi,478,2015-03-14,La Liga,Matchweek 27,Away,Barcelona,Eibar,Y,31,0-0,Jaime,,Penalty kick,Eibar,Barcelona,Away,W 2–0,90,2,1635.0892334,club,Group,TRUE,-1.1512619659879115,0.7432776093482971,understat,Lionel_Messi-1261,-1.1512619659879115
Lionel Messi,477,2015-03-14,La Liga,Matchweek 27,Away,Barcelona,Eibar,Y,55,1-0,Jaime,Ivan Rakitić,,Eibar,Barcelona,Away,W 2–0,90,2,1635.0892334,club,Group,TRUE,-1.1512619659879115,0.04341638460755348,understat,Lionel_Messi-1262,-1.1512619659879115
Lionel Messi,476,2015-04-08,La Liga,Matchweek 30,Home,Barcelona,Almería,Y,33,0-0,Julián Cuesta,Marc Bartra,,Almería,Barcelona,Home,W 4–0,90,1,1632.03417969,club,Group,FALSE,0.7896570921445676,0.03605831414461136,understat,Lionel_Messi-1263,0.7896570921445676
Lionel Messi,475,2015-04-11,La Liga,Matchweek 31,Away,Barcelona,Sevilla,Y,14,0-0,Sergio Rico,Neymar,,Sevilla,Barcelona,Away,D 2–2,90,1,1882.46679688,club,Group,TRUE,-1.0491809779658967,0.0887841060757637,understat,Lionel_Messi-1264,-1.0491809779658967
Lionel Messi,474,2015-04-18,La Liga,Matchweek 32,Home,Barcelona,Valencia,Y,90+4,1-0,Diego Alves,,,Valencia,Barcelona,Home,W 2–0,90,1,1878.63720703,club,Group,FALSE,0.8914184658356881,0.6119239330291748,understat,Lionel_Messi-1265,0.8914184658356881
Lionel Messi,473,2015-04-25,La Liga,Matchweek 33,Away,Barcelona,Espanyol,Y,25,1-0,Kiko Casilla,Luis Suárez,,Espanyol,Barcelona,Away,W 2–0,90,1,1739.05480957,club,Group,TRUE,-1.1083603034991478,0.6049376726150513,understat,Lionel_Messi-1266,-1.1083603034991478
Lionel Messi,471,2015-04-28,La Liga,Matchweek 34,Home,Barcelona,Getafe,Y,47,5-0,Vicente Guaita,,,Getafe,Barcelona,Home,W 6–0,90,2,1677.25634766,club,Group,FALSE,0.8083181361047989,0.7432776093482971,understat,Lionel_Messi-1267,0.8083181361047989
Lionel Messi,472,2015-04-28,La Liga,Matchweek 34,Home,Barcelona,Getafe,Y,9,0-0,Vicente Guaita,,Penalty kick,Getafe,Barcelona,Home,W 6–0,90,2,1677.25634766,club,Group,FALSE,0.8083181361047989,0.09228302538394928,understat,Lionel_Messi-1268,0.8083181361047989
Lionel Messi,470,2015-05-02,La Liga,Matchweek 35,Away,Barcelona,Córdoba,Y,46,2-0,Juan Carlos,Dani Alves,,Córdoba,Barcelona,Away,W 8–0,90,2,1568.1809082,club,Group,TRUE,-1.1788718585231597,0.05110066756606102,understat,Lionel_Messi-1269,-1.1788718585231597
Lionel Messi,469,2015-05-02,La Liga,Matchweek 35,Away,Barcelona,Córdoba,Y,80,5-0,Juan Carlos,Luis Suárez,,Córdoba,Barcelona,Away,W 8–0,90,2,1568.1809082,club,Group,TRUE,-1.1788718585231597,0.7808634638786316,understat,Lionel_Messi-1270,-1.1788718585231597
Lionel Messi,468,2015-05-06,Champions Lg,Semi-finals,Home,Barcelona,Bayern Munich,Y,77,0-0,Manuel Neuer,Dani Alves,,Bayern Munich,Barcelona,Home,W 3–0,90,2,2023.49536133,club,Knockout,FALSE,1.1223596477621205,NA,missing,Lionel_Messi-1271,1.1223596477621205
Lionel Messi,467,2015-05-06,Champions Lg,Semi-finals,Home,Barcelona,Bayern Munich,Y,80,1-0,Manuel Neuer,Ivan Rakitić,,Bayern Munich,Barcelona,Home,W 3–0,90,2,2023.49536133,club,Knockout,FALSE,1.1223596477621205,NA,missing,Lionel_Messi-1272,1.1223596477621205
Lionel Messi,466,2015-05-17,La Liga,Matchweek 37,Away,Barcelona,Atlético Madrid,Y,65,0-0,Jan Oblak,Pedro,,Atlético Madrid,Barcelona,Away,W 1–0,90,1,1954.89697266,club,Group,TRUE,-1.019292479582217,0.11433247476816177,understat,Lionel_Messi-1273,-1.019292479582217
Lionel Messi,465,2015-05-23,La Liga,Matchweek 38,Home,Barcelona,Dep. La Coruña,Y,5,0-0,Fabricio,Rafinha,,Dep. La Coruña,Barcelona,Home,D 2–2,90,2,1738.783185895233,league_avg,Group,FALSE,0.8337073441985677,0.4360007345676422,understat,Lionel_Messi-1274,0.8337073441985677
Lionel Messi,464,2015-05-23,La Liga,Matchweek 38,Home,Barcelona,Dep. La Coruña,Y,59,1-0,Fabricio,Neymar,,Dep. La Coruña,Barcelona,Home,D 2–2,90,2,1738.783185895233,league_avg,Group,FALSE,0.8337073441985677,0.4858507513999939,understat,Lionel_Messi-1275,0.8337073441985677
Lionel Messi,463,2015-05-30,Copa del Rey,Final,Away,Barcelona,Athletic Club,Y,20,0-0,Iago Herrerín,Dani Alves,,Athletic Club,Barcelona,Away,W 3–1,90,2,1801.66333008,club,Final,TRUE,-0.32151558244762213,NA,missing,Lionel_Messi-1276,-0.32151558244762213
Lionel Messi,462,2015-05-30,Copa del Rey,Final,Away,Barcelona,Athletic Club,Y,74,2-0,Iago Herrerín,Dani Alves,,Athletic Club,Barcelona,Away,W 3–1,90,2,1801.66333008,club,Final,TRUE,-0.32151558244762213,NA,missing,Lionel_Messi-1277,-0.32151558244762213
Lionel Messi,461,2015-06-13,Copa América,Group stage,Neutral,Argentina,Paraguay,Y*,36,1-0,Antony Silva,,Penalty kick,Paraguay,Argentina,Neutral,D 2–2,90,1,1700,national,Group,FALSE,0.9938433201142498,NA,missing,Lionel_Messi-1278,0.9938433201142498
Lionel Messi,459,2015-08-11,Super Cup,UEFA Super Cup,Home,Barcelona,Sevilla,Y,15,1-1,Beto,,,Sevilla,Barcelona,Home,W 5–4,120,2,1917.52929688,club,Other,FALSE,1.0290351324938734,NA,missing,Lionel_Messi-1279,1.0290351324938734
Lionel Messi,460,2015-08-11,Super Cup,UEFA Super Cup,Home,Barcelona,Sevilla,Y,7,0-1,Beto,,,Sevilla,Barcelona,Home,W 5–4,120,2,1917.52929688,club,Other,FALSE,1.0290351324938734,NA,missing,Lionel_Messi-1280,1.0290351324938734
Lionel Messi,458,2015-08-17,Supercopa de España,Supercopa de España,Home,Barcelona,Athletic Club,Y,43,0-0,Gorka Iraizoz,Luis Suárez,,Athletic Club,Barcelona,Home,D 1–1,90,1,1804.50305176,club,Other,FALSE,0.9823945616516401,NA,missing,Lionel_Messi-1281,0.9823945616516401
Lionel Messi,457,2015-09-04,Friendlies (M),Friendlies (M),Home,Argentina,Bolivia,N,67,4-0,Daniel Vaca,Milton Casco,,Bolivia,Argentina,Home,W 7–0,26,2,1635,national,Other,FALSE,0.9124486912461116,NA,missing,Lionel_Messi-1282,0.9124486912461116
Lionel Messi,456,2015-09-04,Friendlies (M),Friendlies (M),Home,Argentina,Bolivia,N,75,5-0,Daniel Vaca,Sergio Agüero,,Bolivia,Argentina,Home,W 7–0,26,2,1635,national,Other,FALSE,0.9124486912461116,NA,missing,Lionel_Messi-1283,0.9124486912461116
Lionel Messi,455,2015-09-08,Friendlies (M),Friendlies (M),Home,Argentina,Mexico,Y,89,1-2,Moisés Muñoz,Sergio Agüero,,Mexico,Argentina,Home,D 2–2,90,1,1867,national,Other,FALSE,1.0081840881347712,NA,missing,Lionel_Messi-1284,1.0081840881347712
Lionel Messi,454,2015-09-12,La Liga,Matchweek 3,Away,Barcelona,Atlético Madrid,N,77,1-1,Jan Oblak,Luis Suárez,,Atlético Madrid,Barcelona,Away,W 2–1,31,1,1964.91174316,club,Group,TRUE,-1.0151598587694313,0.47439002990722656,understat,Lionel_Messi-1285,-1.0151598587694313
Lionel Messi,453,2015-09-20,La Liga,Matchweek 4,Home,Barcelona,Levante,Y*,61,2-0,Rubén,,Penalty kick,Levante,Barcelona,Home,W 4–1,90,2,1680.57580566,club,Group,FALSE,0.809687918988787,0.7430212497711182,understat,Lionel_Messi-1286,0.809687918988787
Lionel Messi,452,2015-09-20,La Liga,Matchweek 4,Home,Barcelona,Levante,Y*,90,3-1,Rubén,Marc Bartra,,Levante,Barcelona,Home,W 4–1,90,2,1680.57580566,club,Group,FALSE,0.809687918988787,0.11056447774171829,understat,Lionel_Messi-1287,0.809687918988787
Lionel Messi,451,2015-11-24,Champions Lg,Group stage,Home,Barcelona,Roma,Y*,18,1-0,Wojciech Szczęsny,Luis Suárez,,Roma,Barcelona,Home,W 6–1,90,2,1782.5057373,club,Group,FALSE,0.8517495675249477,NA,missing,Lionel_Messi-1288,0.8517495675249477
Lionel Messi,450,2015-11-24,Champions Lg,Group stage,Home,Barcelona,Roma,Y*,59,4-0,Wojciech Szczęsny,,,Roma,Barcelona,Home,W 6–1,90,2,1782.5057373,club,Group,FALSE,0.8517495675249477,NA,missing,Lionel_Messi-1289,0.8517495675249477
Lionel Messi,449,2015-11-28,La Liga,Matchweek 13,Home,Barcelona,Real Sociedad,Y,90+1,3-0,Gerónimo Rulli,Neymar,,Real Sociedad,Barcelona,Home,W 4–0,90,1,1719.25476074,club,Group,FALSE,0.8256488893156078,0.7117393016815186,understat,Lionel_Messi-1290,0.8256488893156078
Lionel Messi,448,2015-12-09,Champions Lg,Group stage,Away,Barcelona,Leverkusen,Y*,20,0-0,Bernd Leno,Ivan Rakitić,,Leverkusen,Barcelona,Away,D 1–1,90,1,1770.35461426,club,Group,TRUE,-1.095444358565809,NA,missing,Lionel_Messi-1291,-1.095444358565809
Lionel Messi,447,2015-12-12,La Liga,Matchweek 15,Home,Barcelona,Dep. La Coruña,Y,39,0-0,Germán Lux,,,Dep. La Coruña,Barcelona,Home,D 2–2,90,1,1738.783185895233,league_avg,Group,FALSE,0.8337073441985677,0.07541597634553909,understat,Lionel_Messi-1292,0.8337073441985677
Lionel Messi,446,2015-12-30,La Liga,Matchweek 17,Home,Barcelona,Real Betis,Y*,33,1-0,Antonio Adán,Neymar,,Real Betis,Barcelona,Home,W 4–0,90,1,1684.75549316,club,Group,FALSE,0.8114126777891452,0.5805982947349548,understat,Lionel_Messi-1293,0.8114126777891452
Lionel Messi,445,2016-01-06,Copa del Rey,Round of 16,Home,Barcelona,Espanyol,Y,13,0-1,Pau López,,,Espanyol,Barcelona,Home,W 4–1,90,2,1701.05114746,club,Knockout,FALSE,0.9893022133254983,NA,missing,Lionel_Messi-1294,0.9893022133254983
Lionel Messi,444,2016-01-06,Copa del Rey,Round of 16,Home,Barcelona,Espanyol,Y,44,1-1,Pau López,,,Espanyol,Barcelona,Home,W 4–1,90,2,1701.05114746,club,Knockout,FALSE,0.9893022133254983,NA,missing,Lionel_Messi-1295,0.9893022133254983
Lionel Messi,442,2016-01-09,La Liga,Matchweek 19,Home,Barcelona,Granada,Y*,14,1-0,Andrés Fernández,Luis Suárez,,Granada,Barcelona,Home,W 4–0,90,3,1633.44543457,club,Group,FALSE,0.7902394501016711,0.5316753387451172,understat,Lionel_Messi-1296,0.7902394501016711
Lionel Messi,441,2016-01-09,La Liga,Matchweek 19,Home,Barcelona,Granada,Y*,58,2-0,Andrés Fernández,,,Granada,Barcelona,Home,W 4–0,90,3,1633.44543457,club,Group,FALSE,0.7902394501016711,0.5486971735954285,understat,Lionel_Messi-1297,0.7902394501016711
Lionel Messi,443,2016-01-09,La Liga,Matchweek 19,Home,Barcelona,Granada,Y*,8,0-0,Andrés Fernández,Arda Turan,,Granada,Barcelona,Home,W 4–0,90,3,1633.44543457,club,Group,FALSE,0.7902394501016711,0.6019763946533203,understat,Lionel_Messi-1298,0.7902394501016711
Lionel Messi,440,2016-01-17,La Liga,Matchweek 20,Home,Barcelona,Athletic Club,Y,7,0-0,Iago Herrerín,,Penalty kick,Athletic Club,Barcelona,Home,W 6–0,45,1,1780.31799316,club,Group,FALSE,0.8508467892769578,0.7432776093482971,understat,Lionel_Messi-1299,0.8508467892769578
Lionel Messi,439,2016-01-23,La Liga,Matchweek 21,Away,Barcelona,Málaga,Y,51,1-1,Carlos Kameni,Adriano,,Málaga,Barcelona,Away,W 2–1,90,1,1716.83691406,club,Group,TRUE,-1.117528575243461,0.4308643043041229,understat,Lionel_Messi-1300,-1.117528575243461
Lionel Messi,438,2016-01-30,La Liga,Matchweek 22,Home,Barcelona,Atlético Madrid,Y,30,0-1,Jan Oblak,Jordi Alba,,Atlético Madrid,Barcelona,Home,W 2–1,90,1,1945.85925293,club,Group,FALSE,0.9191578160249304,0.46059325337409973,understat,Lionel_Messi-1301,0.9191578160249304
Lionel Messi,437,2016-02-03,Copa del Rey,Semi-finals,Home,Barcelona,Valencia,Y,29,2-0,Mathew Ryan,Neymar,,Valencia,Barcelona,Home,W 7–0,90,3,1768.0489502,club,Knockout,FALSE,1.0169490289978342,NA,missing,Lionel_Messi-1302,1.0169490289978342
Lionel Messi,436,2016-02-03,Copa del Rey,Semi-finals,Home,Barcelona,Valencia,Y,59,3-0,Mathew Ryan,Luis Suárez,,Valencia,Barcelona,Home,W 7–0,90,3,1768.0489502,club,Knockout,FALSE,1.0169490289978342,NA,missing,Lionel_Messi-1303,1.0169490289978342
Lionel Messi,435,2016-02-03,Copa del Rey,Semi-finals,Home,Barcelona,Valencia,Y,74,4-0,Mathew Ryan,,,Valencia,Barcelona,Home,W 7–0,90,3,1768.0489502,club,Knockout,FALSE,1.0169490289978342,NA,missing,Lionel_Messi-1304,1.0169490289978342
Lionel Messi,434,2016-02-14,La Liga,Matchweek 24,Home,Barcelona,Celta Vigo,Y,28,0-0,Sergio Álvarez,,,Celta Vigo,Barcelona,Home,W 6–1,90,1,1737.22277832,club,Group,FALSE,0.8330634379980376,0.06033514067530632,understat,Lionel_Messi-1305,0.8330634379980376
Lionel Messi,433,2016-02-17,La Liga,Matchweek 16,Away,Barcelona,Sporting Gijón,Y*,25,0-0,Iván Cuéllar,Luis Suárez,,Sporting Gijón,Barcelona,Away,W 3–1,90,2,1738.783185895233,league_avg,Group,TRUE,-1.1084723897073732,0.02399287186563015,understat,Lionel_Messi-1306,-1.1084723897073732
Lionel Messi,432,2016-02-17,La Liga,Matchweek 16,Away,Barcelona,Sporting Gijón,Y*,31,1-1,Iván Cuéllar,Luis Suárez,,Sporting Gijón,Barcelona,Away,W 3–1,90,2,1738.783185895233,league_avg,Group,TRUE,-1.1084723897073732,0.09657230973243713,understat,Lionel_Messi-1307,-1.1084723897073732
Lionel Messi,431,2016-02-23,Champions Lg,Round of 16,Away,Barcelona,Arsenal,Y,71,0-0,Petr Čech,Neymar,,Arsenal,Barcelona,Away,W 2–0,90,2,1839.62023926,club,Knockout,TRUE,-0.8956966283391752,NA,missing,Lionel_Messi-1308,-0.8956966283391752
Lionel Messi,430,2016-02-23,Champions Lg,Round of 16,Away,Barcelona,Arsenal,Y,83,1-0,Petr Čech,,Penalty kick,Arsenal,Barcelona,Away,W 2–0,90,2,1839.62023926,club,Knockout,TRUE,-0.8956966283391752,NA,missing,Lionel_Messi-1309,-0.8956966283391752
Lionel Messi,429,2016-02-28,La Liga,Matchweek 26,Home,Barcelona,Sevilla,Y*,31,0-1,Sergio Rico,,,Sevilla,Barcelona,Home,W 2–1,90,1,1857.87475586,club,Group,FALSE,0.8828507869428375,0.10142023861408234,understat,Lionel_Messi-1310,0.8828507869428375
Lionel Messi,428,2016-03-03,La Liga,Matchweek 27,Away,Barcelona,Rayo Vallecano,Y,23,1-0,Juan Carlos,Neymar,,Rayo Vallecano,Barcelona,Away,W 5–1,90,3,1685.59082031,club,Group,TRUE,-1.1304223562192217,NA,missing,Lionel_Messi-1311,-1.1304223562192217
Lionel Messi,427,2016-03-03,La Liga,Matchweek 27,Away,Barcelona,Rayo Vallecano,Y,53,2-0,Juan Carlos,,,Rayo Vallecano,Barcelona,Away,W 5–1,90,3,1685.59082031,club,Group,TRUE,-1.1304223562192217,NA,missing,Lionel_Messi-1312,-1.1304223562192217
Lionel Messi,426,2016-03-03,La Liga,Matchweek 27,Away,Barcelona,Rayo Vallecano,Y,72,3-1,Juan Carlos,Sergio Busquets,,Rayo Vallecano,Barcelona,Away,W 5–1,90,3,1685.59082031,club,Group,TRUE,-1.1304223562192217,NA,missing,Lionel_Messi-1313,-1.1304223562192217
Lionel Messi,425,2016-03-06,La Liga,Matchweek 28,Away,Barcelona,Eibar,Y*,41,1-0,Asier Riesgo,Munir El Haddadi,,Eibar,Barcelona,Away,W 4–0,90,2,1684.20849609,club,Group,TRUE,-1.1309927758650433,0.10421939194202423,understat,Lionel_Messi-1314,-1.1309927758650433
Lionel Messi,424,2016-03-06,La Liga,Matchweek 28,Away,Barcelona,Eibar,Y*,76,2-0,Asier Riesgo,,Penalty kick,Eibar,Barcelona,Away,W 4–0,90,2,1684.20849609,club,Group,TRUE,-1.1309927758650433,0.7432776093482971,understat,Lionel_Messi-1315,-1.1309927758650433
Lionel Messi,423,2016-03-12,La Liga,Matchweek 29,Home,Barcelona,Getafe,Y,40,3-0,Vicente Guaita,Arda Turan,,Getafe,Barcelona,Home,W 6–0,90,1,1639.01318359,club,Group,FALSE,0.7925369960594557,0.06219808757305145,understat,Lionel_Messi-1316,0.7925369960594557
Lionel Messi,422,2016-03-16,Champions Lg,Round of 16,Home,Barcelona,Arsenal,Y,88,2-1,David Ospina,,,Arsenal,Barcelona,Home,W 3–1,90,1,1820.50427246,club,Knockout,FALSE,1.038594852685264,NA,missing,Lionel_Messi-1317,1.038594852685264
Lionel Messi,421,2016-03-29,WCQ,WCQ — CONMEBOL (M),Home,Argentina,Bolivia,Y,30,1-0,Carlos Lampe,,Penalty kick,Bolivia,Argentina,Home,W 2–0,90,1,1612,national,Other,FALSE,0.9029576820718045,NA,missing,Lionel_Messi-1318,0.9029576820718045
Lionel Messi,420,2016-04-17,La Liga,Matchweek 33,Home,Barcelona,Valencia,Y,63,0-2,Diego Alves,Jordi Alba,,Valencia,Barcelona,Home,L 1–2,90,1,1758.94091797,club,Group,FALSE,0.842025484200952,0.35482534766197205,understat,Lionel_Messi-1319,0.842025484200952
Lionel Messi,419,2016-04-20,La Liga,Matchweek 34,Away,Barcelona,Dep. La Coruña,Y,73,5-0,Manu,Luis Suárez,,Dep. La Coruña,Barcelona,Away,W 8–0,90,1,1738.783185895233,league_avg,Group,TRUE,-1.1084723897073732,0.4666236639022827,understat,Lionel_Messi-1320,-1.1084723897073732
Lionel Messi,418,2016-04-23,La Liga,Matchweek 35,Home,Barcelona,Sporting Gijón,Y,12,0-0,Iván Cuéllar,,,Sporting Gijón,Barcelona,Home,W 6–0,90,1,1738.783185895233,league_avg,Group,FALSE,0.8337073441985677,0.20775935053825378,understat,Lionel_Messi-1321,0.8337073441985677
Lionel Messi,417,2016-05-08,La Liga,Matchweek 37,Home,Barcelona,Espanyol,Y,8,0-0,Pau López,,,Espanyol,Barcelona,Home,W 5–0,90,1,1690.01806641,club,Group,FALSE,0.8135842921802847,0.09148653596639633,understat,Lionel_Messi-1322,0.8135842921802847
Lionel Messi,416,2016-06-10,Copa América Centenario,Group stage,Home,Argentina,Panama,N,68,1-0,Jaime Penedo,Gonzalo Higuaín,,Panama,Argentina,Home,W 5–0,29,3,1685,national,Group,FALSE,0.8115135741657371,NA,missing,Lionel_Messi-1323,0.8115135741657371
Lionel Messi,415,2016-06-10,Copa América Centenario,Group stage,Home,Argentina,Panama,N,78,2-0,Jaime Penedo,,,Panama,Argentina,Home,W 5–0,29,3,1685,national,Group,FALSE,0.8115135741657371,NA,missing,Lionel_Messi-1324,0.8115135741657371
Lionel Messi,414,2016-06-10,Copa América Centenario,Group stage,Home,Argentina,Panama,N,87,3-0,Jaime Penedo,Marcos Rojo,,Panama,Argentina,Home,W 5–0,29,3,1685,national,Group,FALSE,0.8115135741657371,NA,missing,Lionel_Messi-1325,0.8115135741657371
Lionel Messi,413,2016-06-18,Copa América Centenario,Quarter-finals,Home,Argentina,Venezuela,Y*,60,2-0,Dani Hernández,Nicolás Gaitán,,Venezuela,Argentina,Home,W 4–1,90,1,1685,national,Knockout,FALSE,0.982678666029802,NA,missing,Lionel_Messi-1326,0.982678666029802
Lionel Messi,412,2016-06-21,Copa América Centenario,Semi-finals,Away,Argentina,United States,Y*,32,1-0,Brad Guzan,,,United States,Argentina,Away,W 4–0,90,1,1786,national,Knockout,TRUE,-0.9178231580237484,NA,missing,Lionel_Messi-1327,-0.9178231580237484
Lionel Messi,411,2016-08-17,Supercopa de España,Supercopa de España,Home,Barcelona,Sevilla,Y*,55,2-0,Sergio Rico,Lucas Digne,,Sevilla,Barcelona,Home,W 3–0,90,1,1823.40673828,club,Other,FALSE,0.990195216529446,NA,missing,Lionel_Messi-1328,0.990195216529446
Lionel Messi,410,2016-08-20,La Liga,Matchweek 1,Home,Barcelona,Real Betis,Y*,37,1-1,Antonio Adán,Sergi Roberto,,Real Betis,Barcelona,Home,W 6–2,90,2,1710.53796387,club,Group,FALSE,0.8220518806606629,0.0364016629755497,understat,Lionel_Messi-1329,0.8220518806606629
Lionel Messi,409,2016-08-20,La Liga,Matchweek 1,Home,Barcelona,Real Betis,Y*,57,4-1,Antonio Adán,Arda Turan,,Real Betis,Barcelona,Home,W 6–2,90,2,1710.53796387,club,Group,FALSE,0.8220518806606629,0.08727352321147919,understat,Lionel_Messi-1330,0.8220518806606629
Lionel Messi,408,2016-09-01,WCQ,WCQ — CONMEBOL (M),Home,Argentina,Uruguay,Y,43,0-0,Fernando Muslera,,,Uruguay,Argentina,Home,W 1–0,90,1,1888,national,Other,FALSE,1.0168497921634863,NA,missing,Lionel_Messi-1331,1.0168497921634863
Lionel Messi,406,2016-09-13,Champions Lg,Group stage,Home,Barcelona,Celtic,Y*,27,1-0,Dorus de Vries,Neymar,,Celtic,Barcelona,Home,W 7–0,90,3,1557.20153809,club,Group,FALSE,0.7587772100592111,NA,missing,Lionel_Messi-1332,0.7587772100592111
Lionel Messi,407,2016-09-13,Champions Lg,Group stage,Home,Barcelona,Celtic,Y*,3,0-0,Dorus de Vries,Neymar,,Celtic,Barcelona,Home,W 7–0,90,3,1557.20153809,club,Group,FALSE,0.7587772100592111,NA,missing,Lionel_Messi-1333,0.7587772100592111
Lionel Messi,405,2016-09-13,Champions Lg,Group stage,Home,Barcelona,Celtic,Y*,60,4-0,Dorus de Vries,Luis Suárez,,Celtic,Barcelona,Home,W 7–0,90,3,1557.20153809,club,Group,FALSE,0.7587772100592111,NA,missing,Lionel_Messi-1334,0.7587772100592111
Lionel Messi,404,2016-09-17,La Liga,Matchweek 4,Away,Barcelona,Leganés,Y,15,0-0,Jon Ander Serantes,Luis Suárez,,Leganés,Barcelona,Away,W 5–1,90,2,1652.63110352,club,Group,TRUE,-1.1440232681512412,0.46002447605133057,understat,Lionel_Messi-1335,-1.1440232681512412
Lionel Messi,403,2016-09-17,La Liga,Matchweek 4,Away,Barcelona,Leganés,Y,55,3-0,Jon Ander Serantes,,Penalty kick,Leganés,Barcelona,Away,W 5–1,90,2,1652.63110352,club,Group,TRUE,-1.1440232681512412,0.7432776093482971,understat,Lionel_Messi-1336,-1.1440232681512412
Lionel Messi,402,2016-10-15,La Liga,Matchweek 8,Home,Barcelona,Dep. La Coruña,N,58,3-0,Germán Lux,Neymar,,Dep. La Coruña,Barcelona,Home,W 4–0,36,1,1738.783185895233,league_avg,Group,FALSE,0.8337073441985677,0.1332208812236786,understat,Lionel_Messi-1337,0.8337073441985677
Lionel Messi,401,2016-10-19,Champions Lg,Group stage,Home,Barcelona,Manchester City,Y,17,0-0,Claudio Bravo,Andrés Iniesta,,Manchester City,Barcelona,Home,W 4–0,90,3,1812.7101919840484,league_avg,Group,FALSE,0.8642135134602192,NA,missing,Lionel_Messi-1338,0.8642135134602192
Lionel Messi,400,2016-10-19,Champions Lg,Group stage,Home,Barcelona,Manchester City,Y,61,1-0,Willy Caballero,Andrés Iniesta,,Manchester City,Barcelona,Home,W 4–0,90,3,1812.7101919840484,league_avg,Group,FALSE,0.8642135134602192,NA,missing,Lionel_Messi-1339,0.8642135134602192
Lionel Messi,399,2016-10-19,Champions Lg,Group stage,Home,Barcelona,Manchester City,Y,69,2-0,Willy Caballero,Luis Suárez,,Manchester City,Barcelona,Home,W 4–0,90,3,1812.7101919840484,league_avg,Group,FALSE,0.8642135134602192,NA,missing,Lionel_Messi-1340,0.8642135134602192
Lionel Messi,398,2016-10-22,La Liga,Matchweek 9,Away,Barcelona,Valencia,Y,22,0-0,Diego Alves,Ivan Rakitić,,Valencia,Barcelona,Away,W 3–2,90,2,1729.23999023,club,Group,TRUE,-1.1124104139513262,0.06338512152433395,understat,Lionel_Messi-1341,-1.1124104139513262
Lionel Messi,397,2016-10-22,La Liga,Matchweek 9,Away,Barcelona,Valencia,Y,90+4,2-2,Diego Alves,,Penalty kick,Valencia,Barcelona,Away,W 3–2,90,2,1729.23999023,club,Group,TRUE,-1.1124104139513262,0.7432776093482971,understat,Lionel_Messi-1342,-1.1124104139513262
Lionel Messi,396,2016-11-01,Champions Lg,Group stage,Away,Barcelona,Manchester City,Y*,21,0-0,Willy Caballero,Neymar,,Manchester City,Barcelona,Away,L 1–3,90,1,1812.7101919840484,league_avg,Group,TRUE,-1.0779662204457217,NA,missing,Lionel_Messi-1343,-1.0779662204457217
Lionel Messi,395,2016-11-06,La Liga,Matchweek 11,Away,Barcelona,Sevilla,Y*,43,0-1,Sergio Rico,Neymar,,Sevilla,Barcelona,Away,W 2–1,90,1,1837.27954102,club,Group,TRUE,-1.0678276153541149,0.052230048924684525,understat,Lionel_Messi-1344,-1.0678276153541149
Lionel Messi,394,2016-11-15,WCQ,WCQ — CONMEBOL (M),Home,Argentina,Colombia,Y,9,0-0,David Ospina,,,Colombia,Argentina,Home,W 3–0,90,1,1929,national,Other,FALSE,1.0337685476481202,NA,missing,Lionel_Messi-1345,1.0337685476481202
Lionel Messi,393,2016-11-23,Champions Lg,Group stage,Away,Barcelona,Celtic,Y*,24,0-0,Craig Gordon,Neymar,,Celtic,Barcelona,Away,W 2–0,90,2,1578.39038086,club,Group,TRUE,-1.1746588933631206,NA,missing,Lionel_Messi-1346,-1.1746588933631206
Lionel Messi,392,2016-11-23,Champions Lg,Group stage,Away,Barcelona,Celtic,Y*,56,1-0,Craig Gordon,,Penalty kick,Celtic,Barcelona,Away,W 2–0,90,2,1578.39038086,club,Group,TRUE,-1.1746588933631206,NA,missing,Lionel_Messi-1347,-1.1746588933631206
Lionel Messi,391,2016-11-27,La Liga,Matchweek 13,Away,Barcelona,Real Sociedad,Y*,59,0-1,Gerónimo Rulli,Neymar,,Real Sociedad,Barcelona,Away,D 1–1,90,1,1774.95910645,club,Group,TRUE,-1.0935443030171867,0.10958338528871536,understat,Lionel_Messi-1348,-1.0935443030171867
Lionel Messi,390,2016-12-06,Champions Lg,Group stage,Home,Barcelona,Gladbach,Y,16,0-0,Yann Sommer,Arda Turan,,Gladbach,Barcelona,Home,W 4–0,90,1,1724.07763672,club,Group,FALSE,0.8276390614970306,NA,missing,Lionel_Messi-1349,0.8276390614970306
Lionel Messi,389,2016-12-10,La Liga,Matchweek 15,Away,Barcelona,Osasuna,Y,72,1-0,Nauzet Pérez,Jordi Alba,,Osasuna,Barcelona,Away,W 3–0,90,2,1572.88916016,club,Group,TRUE,-1.1769289862384942,0.509890615940094,understat,Lionel_Messi-1350,-1.1769289862384942
Lionel Messi,388,2016-12-10,La Liga,Matchweek 15,Away,Barcelona,Osasuna,Y,90+2,2-0,Nauzet Pérez,Sergio Busquets,,Osasuna,Barcelona,Away,W 3–0,90,2,1572.88916016,club,Group,TRUE,-1.1769289862384942,0.11492571234703064,understat,Lionel_Messi-1351,-1.1769289862384942
Lionel Messi,387,2016-12-18,La Liga,Matchweek 16,Home,Barcelona,Espanyol,Y,90,3-1,Roberto,Luis Suárez,,Espanyol,Barcelona,Home,W 4–1,90,1,1706.21264648,club,Group,FALSE,0.8202670273115201,0.6659700870513916,understat,Lionel_Messi-1352,0.8202670273115201
Lionel Messi,386,2017-01-05,Copa del Rey,Round of 16,Away,Barcelona,Athletic Club,Y,52,0-2,Gorka Iraizoz,,,Athletic Club,Barcelona,Away,L 1–2,90,1,1778.6652832,club,Knockout,TRUE,-0.920849847781998,NA,missing,Lionel_Messi-1353,-0.920849847781998
Lionel Messi,385,2017-01-08,La Liga,Matchweek 17,Away,Barcelona,Villarreal,Y,89,0-1,Sergio Asenjo,,,Villarreal,Barcelona,Away,D 1–1,90,1,1775.2310791,club,Group,TRUE,-1.0934320728034341,0.06482362002134323,understat,Lionel_Messi-1354,-1.0934320728034341
Lionel Messi,384,2017-01-11,Copa del Rey,Round of 16,Home,Barcelona,Athletic Club,Y,78,2-1,Gorka Iraizoz,,,Athletic Club,Barcelona,Home,W 3–1,90,1,1772.92199707,club,Knockout,FALSE,1.0189599043260953,NA,missing,Lionel_Messi-1355,1.0189599043260953
Lionel Messi,383,2017-01-14,La Liga,Matchweek 18,Home,Barcelona,Las Palmas,Y*,52,1-0,Javi Varas,,,Las Palmas,Barcelona,Home,W 5–0,90,1,1701.7713623,club,Group,FALSE,0.8184343199681252,0.6639919281005859,understat,Lionel_Messi-1356,0.8184343199681252
Lionel Messi,382,2017-01-22,La Liga,Matchweek 19,Away,Barcelona,Eibar,Y*,50,1-0,Yoel,Luis Suárez,,Eibar,Barcelona,Away,W 4–0,90,1,1676.1159668,club,Group,TRUE,-1.1343321788969882,0.5167605876922607,understat,Lionel_Messi-1357,-1.1343321788969882
Lionel Messi,381,2017-01-26,Copa del Rey,Quarter-finals,Home,Barcelona,Real Sociedad,Y,55,1-0,Gerónimo Rulli,,Penalty kick,Real Sociedad,Barcelona,Home,W 5–2,90,1,1774.15222168,club,Knockout,FALSE,1.0194675596765286,NA,missing,Lionel_Messi-1358,1.0194675596765286
Lionel Messi,380,2017-02-01,Copa del Rey,Semi-finals,Away,Barcelona,Atlético Madrid,Y,33,1-0,Miguel Ángel Moyá,Ivan Rakitić,,Atlético Madrid,Barcelona,Away,W 2–1,90,1,1935.46911621,club,Knockout,TRUE,-0.8561443426661555,NA,missing,Lionel_Messi-1359,-0.8561443426661555
Lionel Messi,379,2017-02-04,La Liga,Matchweek 21,Home,Barcelona,Athletic Club,Y*,40,1-0,Gorka Iraizoz,,,Athletic Club,Barcelona,Home,W 3–0,63,1,1776.15979004,club,Group,FALSE,0.8491308960612817,0.05206308141350746,understat,Lionel_Messi-1360,0.8491308960612817
Lionel Messi,378,2017-02-11,La Liga,Matchweek 22,Away,Barcelona,Alavés,Y*,59,2-0,Fernando Pacheco,,,Alavés,Barcelona,Away,W 6–0,90,1,1663.95007324,club,Group,TRUE,-1.139352466174884,0.09802756458520889,understat,Lionel_Messi-1361,-1.139352466174884
Lionel Messi,377,2017-02-19,La Liga,Matchweek 23,Home,Barcelona,Leganés,Y*,4,0-0,Iago Herrerín,Luis Suárez,,Leganés,Barcelona,Home,W 2–1,90,2,1577.42224121,club,Group,FALSE,0.7671213352254218,0.638512372970581,understat,Lionel_Messi-1362,0.7671213352254218
Lionel Messi,376,2017-02-19,La Liga,Matchweek 23,Home,Barcelona,Leganés,Y*,90,1-1,Iago Herrerín,,Penalty kick,Leganés,Barcelona,Home,W 2–1,90,2,1577.42224121,club,Group,FALSE,0.7671213352254218,0.7432776093482971,understat,Lionel_Messi-1363,0.7671213352254218
Lionel Messi,375,2017-02-26,La Liga,Matchweek 24,Away,Barcelona,Atlético Madrid,Y*,86,1-1,Jan Oblak,,,Atlético Madrid,Barcelona,Away,W 2–1,90,1,1942.04370117,club,Group,TRUE,-1.02459641513141,0.6195002794265747,understat,Lionel_Messi-1364,-1.02459641513141
Lionel Messi,374,2017-03-01,La Liga,Matchweek 25,Home,Barcelona,Sporting Gijón,Y*,9,0-0,Iván Cuéllar,Javier Mascherano,,Sporting Gijón,Barcelona,Home,W 6–1,60,1,1738.783185895233,league_avg,Group,FALSE,0.8337073441985677,0.22529901564121246,understat,Lionel_Messi-1365,0.8337073441985677
Lionel Messi,373,2017-03-04,La Liga,Matchweek 26,Home,Barcelona,Celta Vigo,Y*,24,0-0,Sergio Álvarez,Sergio Busquets,,Celta Vigo,Barcelona,Home,W 5–0,90,2,1745.41992188,club,Group,FALSE,0.8364460103776495,0.06897926330566406,understat,Lionel_Messi-1366,0.8364460103776495
Lionel Messi,372,2017-03-04,La Liga,Matchweek 26,Home,Barcelona,Celta Vigo,Y*,64,4-0,Sergio Álvarez,,,Celta Vigo,Barcelona,Home,W 5–0,90,2,1745.41992188,club,Group,FALSE,0.8364460103776495,0.13642962276935577,understat,Lionel_Messi-1367,0.8364460103776495
Lionel Messi,371,2017-03-08,Champions Lg,Round of 16,Home,Barcelona,PSG,Y,50,2-0,Kevin Trapp,,Penalty kick,PSG,Barcelona,Home,W 6–1,90,1,1902.94494629,club,Knockout,FALSE,1.0726142088442447,NA,missing,Lionel_Messi-1368,1.0726142088442447
Lionel Messi,370,2017-03-19,La Liga,Matchweek 28,Home,Barcelona,Valencia,Y,45,1-1,Diego Alves,,Penalty kick,Valencia,Barcelona,Home,W 4–2,90,2,1697.20666504,club,Group,FALSE,0.8165506858997513,0.7432776093482971,understat,Lionel_Messi-1369,0.8165506858997513
Lionel Messi,369,2017-03-19,La Liga,Matchweek 28,Home,Barcelona,Valencia,Y,52,2-2,Diego Alves,Javier Mascherano,,Valencia,Barcelona,Home,W 4–2,90,2,1697.20666504,club,Group,FALSE,0.8165506858997513,0.05688852444291115,understat,Lionel_Messi-1370,0.8165506858997513
Lionel Messi,368,2017-03-23,WCQ,WCQ — CONMEBOL (M),Home,Argentina,Chile,Y,16,0-0,Claudio Bravo,,Penalty kick,Chile,Argentina,Home,W 1–0,90,1,1973,national,Other,FALSE,1.0519252608511416,NA,missing,Lionel_Messi-1371,1.0519252608511416
Lionel Messi,367,2017-04-05,La Liga,Matchweek 30,Home,Barcelona,Sevilla,Y,28,1-0,Sergio Rico,Luis Suárez,,Sevilla,Barcelona,Home,W 3–0,90,2,1821.79504395,club,Group,FALSE,0.8679624009974394,0.15437184274196625,understat,Lionel_Messi-1372,0.8679624009974394
Lionel Messi,366,2017-04-05,La Liga,Matchweek 30,Home,Barcelona,Sevilla,Y,33,2-0,Sergio Rico,,,Sevilla,Barcelona,Home,W 3–0,90,2,1821.79504395,club,Group,FALSE,0.8679624009974394,0.08930069953203201,understat,Lionel_Messi-1373,0.8679624009974394
Lionel Messi,365,2017-04-15,La Liga,Matchweek 32,Home,Barcelona,Real Sociedad,Y*,17,0-0,Gerónimo Rulli,Luis Suárez,,Real Sociedad,Barcelona,Home,W 3–2,90,2,1751.16162109,club,Group,FALSE,0.8388153373288763,0.024884874001145363,understat,Lionel_Messi-1374,0.8388153373288763
Lionel Messi,364,2017-04-15,La Liga,Matchweek 32,Home,Barcelona,Real Sociedad,Y*,37,1-0,Gerónimo Rulli,,,Real Sociedad,Barcelona,Home,W 3–2,90,2,1751.16162109,club,Group,FALSE,0.8388153373288763,0.9107518792152405,understat,Lionel_Messi-1375,0.8388153373288763
Lionel Messi,363,2017-04-23,La Liga,Matchweek 33,Away,Barcelona,Real Madrid,Y,33,0-1,Keylor Navas,Ivan Rakitić,,Real Madrid,Barcelona,Away,W 3–2,90,2,2059.29541016,club,Group,TRUE,-0.9762121957519653,0.4041922092437744,understat,Lionel_Messi-1376,-0.9762121957519653
Lionel Messi,362,2017-04-23,La Liga,Matchweek 33,Away,Barcelona,Real Madrid,Y,90+2,2-2,Keylor Navas,Jordi Alba,,Real Madrid,Barcelona,Away,W 3–2,90,2,2059.29541016,club,Group,TRUE,-0.9762121957519653,0.10759897530078888,understat,Lionel_Messi-1377,-0.9762121957519653
Lionel Messi,361,2017-04-26,La Liga,Matchweek 34,Home,Barcelona,Osasuna,Y*,12,0-0,Salvatore Sirigu,,,Osasuna,Barcelona,Home,W 7–1,62,2,1551.3828125,club,Group,FALSE,0.7563760979741038,0.3931516110897064,understat,Lionel_Messi-1378,0.7563760979741038
Lionel Messi,360,2017-04-26,La Liga,Matchweek 34,Home,Barcelona,Osasuna,Y*,61,3-1,Salvatore Sirigu,,,Osasuna,Barcelona,Home,W 7–1,62,2,1551.3828125,club,Group,FALSE,0.7563760979741038,0.0704597756266594,understat,Lionel_Messi-1379,0.7563760979741038
Lionel Messi,359,2017-05-06,La Liga,Matchweek 36,Home,Barcelona,Villarreal,Y,45,1-1,Andrés Fernández,,,Villarreal,Barcelona,Home,W 4–1,90,2,1789.39770508,club,Group,FALSE,0.8545935557609918,0.03605794161558151,understat,Lionel_Messi-1380,0.8545935557609918
Lionel Messi,358,2017-05-06,La Liga,Matchweek 36,Home,Barcelona,Villarreal,Y,82,3-1,Andrés Fernández,,Penalty kick,Villarreal,Barcelona,Home,W 4–1,90,2,1789.39770508,club,Group,FALSE,0.8545935557609918,0.7432776093482971,understat,Lionel_Messi-1381,0.8545935557609918
Lionel Messi,357,2017-05-21,La Liga,Matchweek 38,Home,Barcelona,Eibar,Y,75,2-2,Yoel,,Penalty kick,Eibar,Barcelona,Home,W 4–2,90,2,1711.94262695,club,Group,FALSE,0.8226315184945361,0.7432776093482971,understat,Lionel_Messi-1382,0.8226315184945361
Lionel Messi,356,2017-05-21,La Liga,Matchweek 38,Home,Barcelona,Eibar,Y,90+2,3-2,Yoel,,,Eibar,Barcelona,Home,W 4–2,90,2,1711.94262695,club,Group,FALSE,0.8226315184945361,0.1658812314271927,understat,Lionel_Messi-1383,0.8226315184945361
Lionel Messi,355,2017-05-27,Copa del Rey,Final,Home,Barcelona,Alavés,Y,30,0-0,Fernando Pacheco,Neymar,,Alavés,Barcelona,Home,W 3–1,90,1,1711.32385254,club,Final,FALSE,1.5833853336263957,NA,missing,Lionel_Messi-1384,1.5833853336263957
Lionel Messi,354,2017-08-13,Supercopa de España,Supercopa de España,Neutral,Barcelona,Real Madrid,Y,77,0-1,Keylor Navas,,Penalty kick,Real Madrid,Barcelona,Neutral,L 1–3,90,1,2084.34814453,club,Other,FALSE,1.2740133165240746,NA,missing,Lionel_Messi-1385,1.2740133165240746
Lionel Messi,353,2017-08-26,La Liga,Matchweek 2,Away,Barcelona,Alavés,Y,55,0-0,Fernando Pacheco,Jordi Alba,,Alavés,Barcelona,Away,W 2–0,90,2,1709.20715332,club,Group,TRUE,-1.1206770156426398,0.10055002570152283,understat,Lionel_Messi-1386,-1.1206770156426398
Lionel Messi,352,2017-08-26,La Liga,Matchweek 2,Away,Barcelona,Alavés,Y,66,1-0,Fernando Pacheco,Paco Alcácer,,Alavés,Barcelona,Away,W 2–0,90,2,1709.20715332,club,Group,TRUE,-1.1206770156426398,0.4263683557510376,understat,Lionel_Messi-1387,-1.1206770156426398
Lionel Messi,351,2017-09-09,La Liga,Matchweek 3,Home,Barcelona,Espanyol,Y,26,0-0,Pau López,Ivan Rakitić,,Espanyol,Barcelona,Home,W 5–0,90,3,1719.90368652,club,Group,FALSE,0.8259166702082782,0.4755326807498932,understat,Lionel_Messi-1388,0.8259166702082782
Lionel Messi,350,2017-09-09,La Liga,Matchweek 3,Home,Barcelona,Espanyol,Y,35,1-0,Pau López,Jordi Alba,,Espanyol,Barcelona,Home,W 5–0,90,3,1719.90368652,club,Group,FALSE,0.8259166702082782,0.6418723464012146,understat,Lionel_Messi-1389,0.8259166702082782
Lionel Messi,349,2017-09-09,La Liga,Matchweek 3,Home,Barcelona,Espanyol,Y,67,2-0,Pau López,Jordi Alba,,Espanyol,Barcelona,Home,W 5–0,90,3,1719.90368652,club,Group,FALSE,0.8259166702082782,0.5229434370994568,understat,Lionel_Messi-1390,0.8259166702082782
Lionel Messi,348,2017-09-12,Champions Lg,Group stage,Home,Barcelona,Juventus,Y,45,0-0,Gianluigi Buffon,Luis Suárez,,Juventus,Barcelona,Home,W 3–0,90,2,1954.42224121,club,Group,FALSE,0.9226913551694941,NA,missing,Lionel_Messi-1391,0.9226913551694941
Lionel Messi,347,2017-09-12,Champions Lg,Group stage,Home,Barcelona,Juventus,Y,69,2-0,Gianluigi Buffon,Andrés Iniesta,,Juventus,Barcelona,Home,W 3–0,90,2,1954.42224121,club,Group,FALSE,0.9226913551694941,NA,missing,Lionel_Messi-1392,0.9226913551694941
Lionel Messi,346,2017-09-19,La Liga,Matchweek 5,Home,Barcelona,Eibar,Y,20,0-0,Marko Dmitrović,,Penalty kick,Eibar,Barcelona,Home,W 6–1,90,4,1720.36499023,club,Group,FALSE,0.8261070283710502,0.7432776093482971,understat,Lionel_Messi-1393,0.8261070283710502
Lionel Messi,345,2017-09-19,La Liga,Matchweek 5,Home,Barcelona,Eibar,Y,59,3-1,Marko Dmitrović,Sergio Busquets,,Eibar,Barcelona,Home,W 6–1,90,4,1720.36499023,club,Group,FALSE,0.8261070283710502,0.09141307324171066,understat,Lionel_Messi-1394,0.8261070283710502
Lionel Messi,344,2017-09-19,La Liga,Matchweek 5,Home,Barcelona,Eibar,Y,62,4-1,Marko Dmitrović,Paulinho,,Eibar,Barcelona,Home,W 6–1,90,4,1720.36499023,club,Group,FALSE,0.8261070283710502,0.29258647561073303,understat,Lionel_Messi-1395,0.8261070283710502
Lionel Messi,343,2017-09-19,La Liga,Matchweek 5,Home,Barcelona,Eibar,Y,87,5-1,Marko Dmitrović,Aleix Vidal,,Eibar,Barcelona,Home,W 6–1,90,4,1720.36499023,club,Group,FALSE,0.8261070283710502,0.5129801630973816,understat,Lionel_Messi-1396,0.8261070283710502
Lionel Messi,342,2017-10-01,La Liga,Matchweek 7,Home,Barcelona,Las Palmas,Y*,70,1-0,Leandro Chichizola,Denis Suárez,,Las Palmas,Barcelona,Home,W 3–0,90,2,1633.26623535,club,Group,FALSE,0.7901655030824949,0.9736361503601074,understat,Lionel_Messi-1397,0.7901655030824949
Lionel Messi,341,2017-10-01,La Liga,Matchweek 7,Home,Barcelona,Las Palmas,Y*,77,2-0,Leandro Chichizola,Luis Suárez,,Las Palmas,Barcelona,Home,W 3–0,90,2,1633.26623535,club,Group,FALSE,0.7901655030824949,0.5460540056228638,understat,Lionel_Messi-1398,0.7901655030824949
Lionel Messi,340,2017-10-10,WCQ,WCQ — CONMEBOL (M),Away,Argentina,Ecuador,Y,12,0-1,Máximo Banguera,Ángel Di María,,Ecuador,Argentina,Away,W 3–1,90,3,1746,national,Other,TRUE,-0.983926607079479,NA,missing,Lionel_Messi-1399,-0.983926607079479
Lionel Messi,339,2017-10-10,WCQ,WCQ — CONMEBOL (M),Away,Argentina,Ecuador,Y,20,1-1,Máximo Banguera,,,Ecuador,Argentina,Away,W 3–1,90,3,1746,national,Other,TRUE,-0.983926607079479,NA,missing,Lionel_Messi-1400,-0.983926607079479
Lionel Messi,338,2017-10-10,WCQ,WCQ — CONMEBOL (M),Away,Argentina,Ecuador,Y,62,2-1,Máximo Banguera,Enzo Pérez,,Ecuador,Argentina,Away,W 3–1,90,3,1746,national,Other,TRUE,-0.983926607079479,NA,missing,Lionel_Messi-1401,-0.983926607079479
Lionel Messi,337,2017-10-18,Champions Lg,Group stage,Home,Barcelona,Olympiacos,Y,61,1-0,Silvio Proto,,,Olympiacos,Barcelona,Home,W 3–1,90,1,1812.7101919840484,league_avg,Group,FALSE,0.8642135134602192,NA,missing,Lionel_Messi-1402,0.8642135134602192
Lionel Messi,336,2017-10-28,La Liga,Matchweek 10,Away,Barcelona,Athletic Club,Y*,36,0-0,Kepa Arrizabalaga,Jordi Alba,,Athletic Club,Barcelona,Away,W 2–0,90,1,1736.88500977,club,Group,TRUE,-1.1092556769690702,0.10754238069057465,understat,Lionel_Messi-1403,-1.1092556769690702
Lionel Messi,335,2017-12-02,La Liga,Matchweek 14,Home,Barcelona,Celta Vigo,Y,22,0-1,Rubén Blanco,Paulinho,,Celta Vigo,Barcelona,Home,D 2–2,90,1,1704.98937988,club,Group,FALSE,0.8197622432018147,0.31774553656578064,understat,Lionel_Messi-1404,0.8197622432018147
Lionel Messi,334,2017-12-10,La Liga,Matchweek 15,Away,Barcelona,Villarreal,Y*,83,1-0,Sergio Asenjo,Sergio Busquets,,Villarreal,Barcelona,Away,W 2–0,90,1,1744.3626709,club,Group,TRUE,-1.1061700008652793,0.4194813370704651,understat,Lionel_Messi-1405,-1.1061700008652793
Lionel Messi,333,2017-12-23,La Liga,Matchweek 17,Away,Barcelona,Real Madrid,Y,64,1-0,Keylor Navas,,Penalty kick,Real Madrid,Barcelona,Away,W 3–0,90,1,2025.80993652,club,Group,TRUE,-0.9900300626008018,0.7432776093482971,understat,Lionel_Messi-1406,-0.9900300626008018
Lionel Messi,332,2018-01-07,La Liga,Matchweek 18,Home,Barcelona,Levante,Y,12,0-0,Oier Olazábal,Jordi Alba,,Levante,Barcelona,Home,W 3–0,90,1,1637.62719727,club,Group,FALSE,0.7919650652386476,0.10251705348491669,understat,Lionel_Messi-1407,0.7919650652386476
Lionel Messi,331,2018-01-11,Copa del Rey,Round of 16,Home,Barcelona,Celta Vigo,Y,13,0-0,Sergio Álvarez,Jordi Alba,,Celta Vigo,Barcelona,Home,W 5–0,58,2,1709.83813477,club,Knockout,FALSE,0.9929281862460949,NA,missing,Lionel_Messi-1408,0.9929281862460949
Lionel Messi,330,2018-01-11,Copa del Rey,Round of 16,Home,Barcelona,Celta Vigo,Y,15,1-0,Sergio Álvarez,,,Celta Vigo,Barcelona,Home,W 5–0,58,2,1709.83813477,club,Knockout,FALSE,0.9929281862460949,NA,missing,Lionel_Messi-1409,0.9929281862460949
Lionel Messi,329,2018-01-14,La Liga,Matchweek 19,Away,Barcelona,Real Sociedad,Y*,85,3-2,Gerónimo Rulli,,,Real Sociedad,Barcelona,Away,W 4–2,90,1,1716.8614502,club,Group,TRUE,-1.1175184503421638,0.03964434936642647,understat,Lionel_Messi-1410,-1.1175184503421638
Lionel Messi,328,2018-01-21,La Liga,Matchweek 20,Away,Barcelona,Real Betis,Y*,64,1-0,Antonio Adán,Sergio Busquets,,Real Betis,Barcelona,Away,W 5–0,90,2,1657.94274902,club,Group,TRUE,-1.1418314039698862,0.367313414812088,understat,Lionel_Messi-1411,-1.1418314039698862
Lionel Messi,327,2018-01-21,La Liga,Matchweek 20,Away,Barcelona,Real Betis,Y*,80,3-0,Antonio Adán,Luis Suárez,,Real Betis,Barcelona,Away,W 5–0,90,2,1657.94274902,club,Group,TRUE,-1.1418314039698862,0.40149128437042236,understat,Lionel_Messi-1412,-1.1418314039698862
Lionel Messi,326,2018-01-25,Copa del Rey,Quarter-finals,Home,Barcelona,Espanyol,Y,25,1-0,Pau López,,,Espanyol,Barcelona,Home,W 2–0,90,1,1685.06738281,club,Knockout,FALSE,0.9827064717197109,NA,missing,Lionel_Messi-1413,0.9827064717197109
Lionel Messi,325,2018-01-28,La Liga,Matchweek 21,Home,Barcelona,Alavés,Y,84,1-1,Fernando Pacheco,,,Alavés,Barcelona,Home,W 2–1,90,1,1652.29321289,club,Group,FALSE,0.7980170343169065,0.08707796037197113,understat,Lionel_Messi-1414,0.7980170343169065
Lionel Messi,324,2018-02-20,Champions Lg,Round of 16,Away,Barcelona,Chelsea,Y,75,0-1,Thibaut Courtois,Andrés Iniesta,,Chelsea,Barcelona,Away,D 1–1,90,1,1879.68579102,club,Knockout,TRUE,-0.8791634753249217,NA,missing,Lionel_Messi-1415,-0.8791634753249217
Lionel Messi,323,2018-02-24,La Liga,Matchweek 25,Home,Barcelona,Girona,Y*,30,1-1,Yassine Bounou,Luis Suárez,,Girona,Barcelona,Home,W 6–1,90,2,1670.8638916,club,Group,FALSE,0.8056802726651547,0.11494600027799606,understat,Lionel_Messi-1416,0.8056802726651547
Lionel Messi,322,2018-02-24,La Liga,Matchweek 25,Home,Barcelona,Girona,Y*,36,2-1,Yassine Bounou,,,Girona,Barcelona,Home,W 6–1,90,2,1670.8638916,club,Group,FALSE,0.8056802726651547,0.1076745092868805,understat,Lionel_Messi-1417,0.8056802726651547
Lionel Messi,321,2018-03-01,La Liga,Matchweek 26,Away,Barcelona,Las Palmas,Y,21,0-0,Leandro Chichizola,,,Las Palmas,Barcelona,Away,D 1–1,90,1,1572.10986328,club,Group,TRUE,-1.177250565100998,0.14367176592350006,understat,Lionel_Messi-1418,-1.177250565100998
Lionel Messi,320,2018-03-04,La Liga,Matchweek 27,Home,Barcelona,Atlético Madrid,Y,26,0-0,Jan Oblak,,,Atlético Madrid,Barcelona,Home,W 1–0,90,1,1947.13781738,club,Group,FALSE,0.9196854189347083,0.057329073548316956,understat,Lionel_Messi-1419,0.9196854189347083
Lionel Messi,319,2018-03-14,Champions Lg,Round of 16,Home,Barcelona,Chelsea,Y,3,0-0,Thibaut Courtois,Luis Suárez,,Chelsea,Barcelona,Home,W 3–0,90,2,1863.03979492,club,Knockout,FALSE,1.0561472454636023,NA,missing,Lionel_Messi-1420,1.0561472454636023
Lionel Messi,318,2018-03-14,Champions Lg,Round of 16,Home,Barcelona,Chelsea,Y,63,2-0,Thibaut Courtois,Luis Suárez,,Chelsea,Barcelona,Home,W 3–0,90,2,1863.03979492,club,Knockout,FALSE,1.0561472454636023,NA,missing,Lionel_Messi-1421,1.0561472454636023
Lionel Messi,317,2018-03-18,La Liga,Matchweek 29,Home,Barcelona,Athletic Club,Y*,30,1-0,Kepa Arrizabalaga,Ousmane Dembélé,,Athletic Club,Barcelona,Home,W 2–0,90,1,1722.34606934,club,Group,FALSE,0.8269245257627039,0.06836272031068802,understat,Lionel_Messi-1422,0.8269245257627039
Lionel Messi,316,2018-03-31,La Liga,Matchweek 30,Away,Barcelona,Sevilla,N,89,1-2,Sergio Rico,Philippe Coutinho,,Sevilla,Barcelona,Away,D 2–2,33,1,1755.0612793,club,Group,TRUE,-1.1017551925836833,0.0276423878967762,understat,Lionel_Messi-1423,-1.1017551925836833
Lionel Messi,315,2018-04-07,La Liga,Matchweek 31,Home,Barcelona,Leganés,Y*,27,0-0,Iván Cuéllar,,,Leganés,Barcelona,Home,W 3–1,90,3,1646.66589355,club,Group,FALSE,0.795694906513311,0.05146077275276184,understat,Lionel_Messi-1424,0.795694906513311
Lionel Messi,314,2018-04-07,La Liga,Matchweek 31,Home,Barcelona,Leganés,Y*,32,1-0,Iván Cuéllar,Philippe Coutinho,,Leganés,Barcelona,Home,W 3–1,90,3,1646.66589355,club,Group,FALSE,0.795694906513311,0.1357518434524536,understat,Lionel_Messi-1425,0.795694906513311
Lionel Messi,313,2018-04-07,La Liga,Matchweek 31,Home,Barcelona,Leganés,Y*,87,2-1,Iván Cuéllar,Ousmane Dembélé,,Leganés,Barcelona,Home,W 3–1,90,3,1646.66589355,club,Group,FALSE,0.795694906513311,0.8429745435714722,understat,Lionel_Messi-1426,0.795694906513311
Lionel Messi,312,2018-04-21,Copa del Rey,Final,Neutral,Barcelona,Sevilla,Y,31,1-0,David Soria,Jordi Alba,,Sevilla,Barcelona,Neutral,W 5–0,90,1,1737.89318848,club,Final,FALSE,1.7704891958160904,NA,missing,Lionel_Messi-1427,1.7704891958160904
Lionel Messi,311,2018-04-29,La Liga,Matchweek 35,Away,Barcelona,Dep. La Coruña,Y*,38,1-0,Rubén,Luis Suárez,,Dep. La Coruña,Barcelona,Away,W 4–2,90,3,1738.783185895233,league_avg,Group,TRUE,-1.1084723897073732,0.3058917820453644,understat,Lionel_Messi-1428,-1.1084723897073732
Lionel Messi,310,2018-04-29,La Liga,Matchweek 35,Away,Barcelona,Dep. La Coruña,Y*,82,2-2,Rubén,Luis Suárez,,Dep. La Coruña,Barcelona,Away,W 4–2,90,3,1738.783185895233,league_avg,Group,TRUE,-1.1084723897073732,0.6714208722114563,understat,Lionel_Messi-1429,-1.1084723897073732
Lionel Messi,309,2018-04-29,La Liga,Matchweek 35,Away,Barcelona,Dep. La Coruña,Y*,85,3-2,Rubén,Luis Suárez,,Dep. La Coruña,Barcelona,Away,W 4–2,90,3,1738.783185895233,league_avg,Group,TRUE,-1.1084723897073732,0.46039801836013794,understat,Lionel_Messi-1430,-1.1084723897073732
Lionel Messi,308,2018-05-06,La Liga,Matchweek 36,Home,Barcelona,Real Madrid,Y,52,1-1,Keylor Navas,Luis Suárez,,Real Madrid,Barcelona,Home,D 2–2,90,1,2022.49731445,club,Group,FALSE,0.9507827092852523,0.09125381708145142,understat,Lionel_Messi-1431,0.9507827092852523
Lionel Messi,307,2018-05-09,La Liga,Matchweek 34,Home,Barcelona,Villarreal,Y,45,2-0,Sergio Asenjo,Andrés Iniesta,,Villarreal,Barcelona,Home,W 5–1,90,1,1745.16394043,club,Group,FALSE,0.8363403789737188,0.668233335018158,understat,Lionel_Messi-1432,0.8363403789737188
Lionel Messi,306,2018-05-29,Friendlies (M),Friendlies (M),Home,Argentina,Haiti,Y*,17,0-0,Johny Placide,,Penalty kick,Haiti,Argentina,Home,W 4–0,90,3,1492,national,Other,FALSE,0.8534393733362906,NA,missing,Lionel_Messi-1433,0.8534393733362906
Lionel Messi,305,2018-05-29,Friendlies (M),Friendlies (M),Home,Argentina,Haiti,Y*,58,1-0,Johny Placide,,,Haiti,Argentina,Home,W 4–0,90,3,1492,national,Other,FALSE,0.8534393733362906,NA,missing,Lionel_Messi-1434,0.8534393733362906
Lionel Messi,304,2018-05-29,Friendlies (M),Friendlies (M),Home,Argentina,Haiti,Y*,66,2-0,Johny Placide,Cristian Pavón,,Haiti,Argentina,Home,W 4–0,90,3,1492,national,Other,FALSE,0.8534393733362906,NA,missing,Lionel_Messi-1435,0.8534393733362906
Lionel Messi,303,2018-06-26,World Cup,Group stage,Neutral,Argentina,Nigeria,Y*,14,0-0,Francis Uzoho,Éver Banega,,Nigeria,Argentina,Neutral,W 2–1,90,1,1702,national,Group,FALSE,0.9946686252598417,NA,missing,Lionel_Messi-1436,0.9946686252598417
Lionel Messi,302,2018-08-18,La Liga,Matchweek 1,Home,Barcelona,Alavés,Y*,64,0-0,Fernando Pacheco,,,Alavés,Barcelona,Home,W 3–0,90,2,1706.81994629,club,Group,FALSE,0.8205176311405751,0.09475547075271606,understat,Lionel_Messi-1437,0.8205176311405751
Lionel Messi,301,2018-08-18,La Liga,Matchweek 1,Home,Barcelona,Alavés,Y*,90+2,2-0,Fernando Pacheco,Luis Suárez,,Alavés,Barcelona,Home,W 3–0,90,2,1706.81994629,club,Group,FALSE,0.8205176311405751,0.4372846186161041,understat,Lionel_Messi-1438,0.8205176311405751
Lionel Messi,300,2018-09-02,La Liga,Matchweek 3,Home,Barcelona,Huesca,Y*,16,0-1,Axel Werner,Ivan Rakitić,,Huesca,Barcelona,Home,W 8–2,90,2,1622.32275391,club,Group,FALSE,0.785649647310934,0.09654601663351059,understat,Lionel_Messi-1439,0.785649647310934
Lionel Messi,299,2018-09-02,La Liga,Matchweek 3,Home,Barcelona,Huesca,Y*,61,5-2,Axel Werner,Philippe Coutinho,,Huesca,Barcelona,Home,W 8–2,90,2,1622.32275391,club,Group,FALSE,0.785649647310934,0.46530210971832275,understat,Lionel_Messi-1440,0.785649647310934
Lionel Messi,298,2018-09-18,Champions Lg,Group stage,Home,Barcelona,PSV,Y*,32,0-0,Jeroen Zoet,,,PSV,Barcelona,Home,W 4–0,90,3,1689.44995117,club,Group,FALSE,0.8133498579648542,NA,missing,Lionel_Messi-1441,0.8133498579648542
Lionel Messi,297,2018-09-18,Champions Lg,Group stage,Home,Barcelona,PSV,Y*,77,2-0,Jeroen Zoet,Ivan Rakitić,,PSV,Barcelona,Home,W 4–0,90,3,1689.44995117,club,Group,FALSE,0.8133498579648542,NA,missing,Lionel_Messi-1442,0.8133498579648542
Lionel Messi,296,2018-09-18,Champions Lg,Group stage,Home,Barcelona,PSV,Y*,87,3-0,Jeroen Zoet,Luis Suárez,,PSV,Barcelona,Home,W 4–0,90,3,1689.44995117,club,Group,FALSE,0.8133498579648542,NA,missing,Lionel_Messi-1443,0.8133498579648542
Lionel Messi,295,2018-09-23,La Liga,Matchweek 5,Home,Barcelona,Girona,Y*,19,0-0,Yassine Bounou,Arturo Vidal,,Girona,Barcelona,Home,D 2–2,90,1,1677.86901855,club,Group,FALSE,0.8085709563238345,0.3871835172176361,understat,Lionel_Messi-1444,0.8085709563238345
Lionel Messi,294,2018-10-03,Champions Lg,Group stage,Away,Barcelona,Tottenham,Y*,56,2-1,Hugo Lloris,Jordi Alba,,Tottenham,Barcelona,Away,W 4–2,90,2,1904.73608398,club,Group,TRUE,-1.03999149934975,NA,missing,Lionel_Messi-1445,-1.03999149934975
Lionel Messi,293,2018-10-03,Champions Lg,Group stage,Away,Barcelona,Tottenham,Y*,90,3-2,Hugo Lloris,Jordi Alba,,Tottenham,Barcelona,Away,W 4–2,90,2,1904.73608398,club,Group,TRUE,-1.03999149934975,NA,missing,Lionel_Messi-1446,-1.03999149934975
Lionel Messi,292,2018-10-07,La Liga,Matchweek 8,Away,Barcelona,Valencia,Y*,23,0-1,Neto,Luis Suárez,,Valencia,Barcelona,Away,D 1–1,90,1,1787.17407227,club,Group,TRUE,-1.088503765944949,0.03506581112742424,understat,Lionel_Messi-1447,-1.088503765944949
Lionel Messi,291,2018-10-20,La Liga,Matchweek 9,Home,Barcelona,Sevilla,Y*,12,1-0,Tomáš Vaclík,Luis Suárez,,Sevilla,Barcelona,Home,W 4–2,25,1,1800.02819824,club,Group,FALSE,0.8589802561135553,0.057041317224502563,understat,Lionel_Messi-1448,0.8589802561135553
Lionel Messi,290,2018-11-11,La Liga,Matchweek 12,Home,Barcelona,Real Betis,Y*,68,0-2,Pau López,,Penalty kick,Real Betis,Barcelona,Home,L 3–4,90,2,1719.84753418,club,Group,FALSE,0.8258934988007087,0.7432776093482971,understat,Lionel_Messi-1449,0.8258934988007087
Lionel Messi,289,2018-11-11,La Liga,Matchweek 12,Home,Barcelona,Real Betis,Y*,90+2,2-4,Pau López,Arturo Vidal,,Real Betis,Barcelona,Home,L 3–4,90,2,1719.84753418,club,Group,FALSE,0.8258934988007087,0.9524344205856323,understat,Lionel_Messi-1450,0.8258934988007087
Lionel Messi,288,2018-11-28,Champions Lg,Group stage,Away,Barcelona,PSV,Y*,61,0-0,Jeroen Zoet,Ousmane Dembélé,,PSV,Barcelona,Away,W 2–1,90,1,1715.07556152,club,Group,TRUE,-1.1182554019006925,NA,missing,Lionel_Messi-1451,-1.1182554019006925
Lionel Messi,287,2018-12-08,La Liga,Matchweek 15,Away,Barcelona,Espanyol,Y*,17,0-0,Diego López,,,Espanyol,Barcelona,Away,W 4–0,90,2,1734.23986816,club,Group,TRUE,-1.1103472014598461,0.06096254661679268,understat,Lionel_Messi-1452,-1.1103472014598461
Lionel Messi,286,2018-12-08,La Liga,Matchweek 15,Away,Barcelona,Espanyol,Y*,65,3-0,Diego López,,,Espanyol,Barcelona,Away,W 4–0,90,2,1734.23986816,club,Group,TRUE,-1.1103472014598461,0.06018023192882538,understat,Lionel_Messi-1453,-1.1103472014598461
Lionel Messi,285,2018-12-16,La Liga,Matchweek 16,Away,Barcelona,Levante,Y*,43,1-0,Oier Olazábal,Sergio Busquets,,Levante,Barcelona,Away,W 5–0,90,3,1711.04309082,club,Group,TRUE,-1.1199194113097724,0.5853725075721741,understat,Lionel_Messi-1454,-1.1199194113097724
Lionel Messi,284,2018-12-16,La Liga,Matchweek 16,Away,Barcelona,Levante,Y*,47,2-0,Oier Olazábal,,,Levante,Barcelona,Away,W 5–0,90,3,1711.04309082,club,Group,TRUE,-1.1199194113097724,0.09276571869850159,understat,Lionel_Messi-1455,-1.1199194113097724
Lionel Messi,283,2018-12-16,La Liga,Matchweek 16,Away,Barcelona,Levante,Y*,60,3-0,Oier Olazábal,Arturo Vidal,,Levante,Barcelona,Away,W 5–0,90,3,1711.04309082,club,Group,TRUE,-1.1199194113097724,0.7674257159233093,understat,Lionel_Messi-1456,-1.1199194113097724
Lionel Messi,282,2018-12-22,La Liga,Matchweek 17,Home,Barcelona,Celta Vigo,Y*,45,1-0,Rubén Blanco,Jordi Alba,,Celta Vigo,Barcelona,Home,W 2–0,90,1,1725.39001465,club,Group,FALSE,0.8281806176263258,0.33776259422302246,understat,Lionel_Messi-1457,0.8281806176263258
Lionel Messi,281,2019-01-06,La Liga,Matchweek 18,Away,Barcelona,Getafe,Y*,20,0-0,David Soria,,,Getafe,Barcelona,Away,W 2–1,90,1,1742.69519043,club,Group,TRUE,-1.1068580909713124,0.3091263175010681,understat,Lionel_Messi-1458,-1.1068580909713124
Lionel Messi,280,2019-01-13,La Liga,Matchweek 19,Home,Barcelona,Eibar,Y*,53,1-0,Asier Riesgo,Luis Suárez,,Eibar,Barcelona,Home,W 3–0,90,1,1712.42529297,club,Group,FALSE,0.8228306918694905,0.11552173644304276,understat,Lionel_Messi-1459,0.8228306918694905
Lionel Messi,279,2019-01-17,Copa del Rey,Round of 16,Home,Barcelona,Levante,Y*,54,2-0,Aitor Fernández,Nélson Semedo,,Levante,Barcelona,Home,W 3–0,90,1,1690.61779785,club,Knockout,FALSE,0.9849968647660523,NA,missing,Lionel_Messi-1460,0.9849968647660523
Lionel Messi,278,2019-01-20,La Liga,Matchweek 20,Home,Barcelona,Leganés,N,90+2,2-1,Iván Cuéllar,Jordi Alba,,Leganés,Barcelona,Home,W 3–1,27,1,1667.08837891,club,Group,FALSE,0.8041222976400024,0.1150183156132698,understat,Lionel_Messi-1461,0.8041222976400024
Lionel Messi,277,2019-01-27,La Liga,Matchweek 21,Away,Barcelona,Girona,Y*,68,1-0,Yassine Bounou,Jordi Alba,,Girona,Barcelona,Away,W 2–0,90,1,1684.79284668,club,Group,TRUE,-1.130751642090665,0.364321768283844,understat,Lionel_Messi-1462,-1.130751642090665
Lionel Messi,276,2019-01-30,Copa del Rey,Quarter-finals,Home,Barcelona,Sevilla,Y*,90+2,5-1,Juan Soriano,Jordi Alba,,Sevilla,Barcelona,Home,W 6–1,90,1,1798.44165039,club,Knockout,FALSE,1.0294906549254539,NA,missing,Lionel_Messi-1463,1.0294906549254539
Lionel Messi,275,2019-02-02,La Liga,Matchweek 22,Home,Barcelona,Valencia,Y*,39,0-2,Neto,,Penalty kick,Valencia,Barcelona,Home,D 2–2,90,2,1790.44812012,club,Group,FALSE,0.8550270122297515,0.7432776093482971,understat,Lionel_Messi-1464,0.8550270122297515
Lionel Messi,274,2019-02-02,La Liga,Matchweek 22,Home,Barcelona,Valencia,Y*,64,1-2,Neto,Arturo Vidal,,Valencia,Barcelona,Home,D 2–2,90,2,1790.44812012,club,Group,FALSE,0.8550270122297515,0.02923627942800522,understat,Lionel_Messi-1465,0.8550270122297515
Lionel Messi,273,2019-02-16,La Liga,Matchweek 24,Home,Barcelona,Valladolid,Y*,43,0-0,Jordi Masip,,Penalty kick,Valladolid,Barcelona,Home,W 1–0,90,1,1635.87902832,club,Group,FALSE,0.7912436788237482,0.7431496977806091,understat,Lionel_Messi-1466,0.7912436788237482
Lionel Messi,272,2019-02-23,La Liga,Matchweek 25,Away,Barcelona,Sevilla,Y*,26,0-1,Tomáš Vaclík,Ivan Rakitić,,Sevilla,Barcelona,Away,W 4–2,90,3,1789.73730469,club,Group,TRUE,-1.0874460414921618,0.06195010244846344,understat,Lionel_Messi-1467,-1.0874460414921618
Lionel Messi,271,2019-02-23,La Liga,Matchweek 25,Away,Barcelona,Sevilla,Y*,67,1-2,Tomáš Vaclík,Ousmane Dembélé,,Sevilla,Barcelona,Away,W 4–2,90,3,1789.73730469,club,Group,TRUE,-1.0874460414921618,0.07946605980396271,understat,Lionel_Messi-1468,-1.0874460414921618
Lionel Messi,270,2019-02-23,La Liga,Matchweek 25,Away,Barcelona,Sevilla,Y*,85,2-2,Tomáš Vaclík,,,Sevilla,Barcelona,Away,W 4–2,90,3,1789.73730469,club,Group,TRUE,-1.0874460414921618,0.4363971948623657,understat,Lionel_Messi-1469,-1.0874460414921618
Lionel Messi,269,2019-03-09,La Liga,Matchweek 27,Home,Barcelona,Rayo Vallecano,Y*,51,1-1,Stole Dimitrievski,,Penalty kick,Rayo Vallecano,Barcelona,Home,W 3–1,90,1,1596.09399414,club,Group,FALSE,0.7748262821105968,0.7432776093482971,understat,Lionel_Messi-1470,0.7748262821105968
Lionel Messi,268,2019-03-13,Champions Lg,Round of 16,Home,Barcelona,Lyon,Y*,18,0-0,Anthony Lopes,,Penalty kick,Lyon,Barcelona,Home,W 5–1,90,2,1735.08508301,club,Knockout,FALSE,1.0033464043925768,NA,missing,Lionel_Messi-1471,1.0033464043925768
Lionel Messi,267,2019-03-13,Champions Lg,Round of 16,Home,Barcelona,Lyon,Y*,78,2-1,Mathieu Gorgelin,,,Lyon,Barcelona,Home,W 5–1,90,2,1735.08508301,club,Knockout,FALSE,1.0033464043925768,NA,missing,Lionel_Messi-1472,1.0033464043925768
Lionel Messi,266,2019-03-17,La Liga,Matchweek 28,Away,Barcelona,Real Betis,Y*,18,0-0,Pau López,,,Real Betis,Barcelona,Away,W 4–1,90,3,1701.00854492,club,Group,TRUE,-1.1240601924922462,0.090679831802845,understat,Lionel_Messi-1473,-1.1240601924922462
Lionel Messi,265,2019-03-17,La Liga,Matchweek 28,Away,Barcelona,Real Betis,Y*,45+2,1-0,Pau López,Luis Suárez,,Real Betis,Barcelona,Away,W 4–1,90,3,1701.00854492,club,Group,TRUE,-1.1240601924922462,0.45824503898620605,understat,Lionel_Messi-1474,-1.1240601924922462
Lionel Messi,264,2019-03-17,La Liga,Matchweek 28,Away,Barcelona,Real Betis,Y*,85,3-1,Pau López,Ivan Rakitić,,Real Betis,Barcelona,Away,W 4–1,90,3,1701.00854492,club,Group,TRUE,-1.1240601924922462,0.06454816460609436,understat,Lionel_Messi-1475,-1.1240601924922462
Lionel Messi,263,2019-03-30,La Liga,Matchweek 29,Home,Barcelona,Espanyol,Y*,71,0-0,Diego López,,,Espanyol,Barcelona,Home,W 2–0,90,2,1687.32458496,club,Group,FALSE,0.812472820130164,0.1690768003463745,understat,Lionel_Messi-1476,0.812472820130164
Lionel Messi,262,2019-03-30,La Liga,Matchweek 29,Home,Barcelona,Espanyol,Y*,89,1-0,Diego López,Malcom,,Espanyol,Barcelona,Home,W 2–0,90,2,1687.32458496,club,Group,FALSE,0.812472820130164,0.11993970721960068,understat,Lionel_Messi-1477,0.812472820130164
Lionel Messi,261,2019-04-02,La Liga,Matchweek 30,Away,Barcelona,Villarreal,N,90,2-4,Sergio Asenjo,,,Villarreal,Barcelona,Away,D 4–4,30,1,1728.79248047,club,Group,TRUE,-1.1125950800051416,0.15579797327518463,understat,Lionel_Messi-1478,-1.1125950800051416
Lionel Messi,260,2019-04-06,La Liga,Matchweek 31,Home,Barcelona,Atlético Madrid,Y*,86,1-0,Jan Oblak,,,Atlético Madrid,Barcelona,Home,W 2–0,90,1,1903.33886719,club,Group,FALSE,0.9016116694530433,0.5841030478477478,understat,Lionel_Messi-1479,0.9016116694530433
Lionel Messi,259,2019-04-16,Champions Lg,Quarter-finals,Home,Barcelona,Manchester Utd,Y*,16,0-0,David de Gea,,,Manchester Utd,Barcelona,Home,W 3–0,90,2,1812.7101919840484,league_avg,Knockout,FALSE,1.0353786053242837,NA,missing,Lionel_Messi-1480,1.0353786053242837
Lionel Messi,258,2019-04-16,Champions Lg,Quarter-finals,Home,Barcelona,Manchester Utd,Y*,20,1-0,David de Gea,,,Manchester Utd,Barcelona,Home,W 3–0,90,2,1812.7101919840484,league_avg,Knockout,FALSE,1.0353786053242837,NA,missing,Lionel_Messi-1481,1.0353786053242837
Lionel Messi,257,2019-04-27,La Liga,Matchweek 35,Home,Barcelona,Levante,N,62,0-0,Aitor Fernández,Arturo Vidal,,Levante,Barcelona,Home,W 1–0,45,1,1673.77270508,club,Group,FALSE,0.8068806020314602,0.17948544025421143,understat,Lionel_Messi-1482,0.8068806020314602
Lionel Messi,256,2019-05-01,Champions Lg,Semi-finals,Home,Barcelona,Liverpool,Y*,75,1-0,Alisson,Luis Suárez,,Liverpool,Barcelona,Home,W 3–0,90,2,2013.48059082,club,Knockout,FALSE,1.118227026945208,NA,missing,Lionel_Messi-1483,1.118227026945208
Lionel Messi,255,2019-05-01,Champions Lg,Semi-finals,Home,Barcelona,Liverpool,Y*,82,2-0,Alisson,,,Liverpool,Barcelona,Home,W 3–0,90,2,2013.48059082,club,Knockout,FALSE,1.118227026945208,NA,missing,Lionel_Messi-1484,1.118227026945208
Lionel Messi,254,2019-05-19,La Liga,Matchweek 38,Away,Barcelona,Eibar,Y*,31,0-1,Marko Dmitrović,Arturo Vidal,,Eibar,Barcelona,Away,D 2–2,90,2,1705.79821777,club,Group,TRUE,-1.122083721667843,0.328738808631897,understat,Lionel_Messi-1485,-1.122083721667843
Lionel Messi,253,2019-05-19,La Liga,Matchweek 38,Away,Barcelona,Eibar,Y*,32,1-1,Marko Dmitrović,Ivan Rakitić,,Eibar,Barcelona,Away,D 2–2,90,2,1705.79821777,club,Group,TRUE,-1.122083721667843,0.3466494381427765,understat,Lionel_Messi-1486,-1.122083721667843
Lionel Messi,252,2019-05-25,Copa del Rey,Final,Neutral,Barcelona,Valencia,Y*,73,0-2,Jaume Doménech,,,Valencia,Barcelona,Neutral,L 1–2,90,1,1812.30407715,club,Final,FALSE,1.801195040469799,NA,missing,Lionel_Messi-1487,1.801195040469799
Lionel Messi,251,2019-06-07,Friendlies (M),Friendlies (M),Home,Argentina,Nicaragua,Y,37,0-0,Justo Lorente,Giovani Lo Celso,,Nicaragua,Argentina,Home,W 5–1,45,2,1297,national,Other,FALSE,0.7729721216410812,NA,missing,Lionel_Messi-1488,0.7729721216410812
Lionel Messi,250,2019-06-07,Friendlies (M),Friendlies (M),Home,Argentina,Nicaragua,Y,38,1-0,Justo Lorente,,,Nicaragua,Argentina,Home,W 5–1,45,2,1297,national,Other,FALSE,0.7729721216410812,NA,missing,Lionel_Messi-1489,0.7729721216410812
Lionel Messi,249,2019-06-19,Copa América,Group stage,Neutral,Argentina,Paraguay,Y*,57,0-1,Gatito Fernández,,Penalty kick,Paraguay,Argentina,Neutral,D 1–1,90,1,1721,national,Group,FALSE,1.0025090241429646,NA,missing,Lionel_Messi-1490,1.0025090241429646
Lionel Messi,248,2019-10-06,La Liga,Matchweek 8,Home,Barcelona,Sevilla,Y*,78,3-0,Tomáš Vaclík,,,Sevilla,Barcelona,Home,W 4–0,90,1,1773.74365234,club,Group,FALSE,0.848133870623147,0.09466048330068588,understat,Lionel_Messi-1491,0.848133870623147
Lionel Messi,247,2019-10-19,La Liga,Matchweek 9,Away,Barcelona,Eibar,Y*,58,1-0,Marko Dmitrović,Antoine Griezmann,,Eibar,Barcelona,Away,W 3–0,90,1,1714.18884277,club,Group,TRUE,-1.1186213086742267,0.52857208251953125,understat,Lionel_Messi-1492,-1.1186213086742267
Lionel Messi,246,2019-10-23,Champions Lg,Group stage,Away,Barcelona,Slavia Prague,Y*,3,0-0,Ondřej Kolář,Arthur Melo,,Slavia Prague,Barcelona,Away,W 2–1,90,1,1812.7101919840484,league_avg,Group,TRUE,-1.0779662204457217,NA,missing,Lionel_Messi-1493,-1.0779662204457217
Lionel Messi,245,2019-10-29,La Liga,Matchweek 11,Home,Barcelona,Valladolid,Y*,34,2-1,Jordi Masip,,,Valladolid,Barcelona,Home,W 5–1,90,2,1662.61584473,club,Group,FALSE,0.8022766949037077,0.04992116987705231,understat,Lionel_Messi-1494,0.8022766949037077
Lionel Messi,244,2019-10-29,La Liga,Matchweek 11,Home,Barcelona,Valladolid,Y*,75,3-1,Jordi Masip,Ivan Rakitić,,Valladolid,Barcelona,Home,W 5–1,90,2,1662.61584473,club,Group,FALSE,0.8022766949037077,0.13356398046016693,understat,Lionel_Messi-1495,0.8022766949037077
Lionel Messi,243,2019-11-02,La Liga,Matchweek 12,Away,Barcelona,Levante,Y*,38,0-0,Aitor Fernández,,Penalty kick,Levante,Barcelona,Away,L 1–3,90,1,1688.08581543,club,Group,TRUE,-1.1293927900638407,0.7432776093482971,understat,Lionel_Messi-1496,-1.1293927900638407
Lionel Messi,242,2019-11-09,La Liga,Matchweek 13,Home,Barcelona,Celta Vigo,Y*,23,0-0,Rubén Blanco,,Penalty kick,Celta Vigo,Barcelona,Home,W 4–1,90,3,1648.4309082,club,Group,FALSE,0.7964232443496558,0.7432776093482971,understat,Lionel_Messi-1497,0.7964232443496558
Lionel Messi,241,2019-11-09,La Liga,Matchweek 13,Home,Barcelona,Celta Vigo,Y*,45+1,1-1,Rubén Blanco,,,Celta Vigo,Barcelona,Home,W 4–1,90,3,1648.4309082,club,Group,FALSE,0.7964232443496558,0.05459844321012497,understat,Lionel_Messi-1498,0.7964232443496558
Lionel Messi,240,2019-11-09,La Liga,Matchweek 13,Home,Barcelona,Celta Vigo,Y*,48,2-1,Rubén Blanco,,,Celta Vigo,Barcelona,Home,W 4–1,90,3,1648.4309082,club,Group,FALSE,0.7964232443496558,0.06849837303161621,understat,Lionel_Messi-1499,0.7964232443496558
Lionel Messi,239,2019-11-15,Friendlies (M),Friendlies (M),Away,Argentina,Brazil,Y*,14,0-0,Alisson,,,Brazil,Argentina,Away,W 1–0,90,1,2076,national,Other,TRUE,-0.8477512580568166,NA,missing,Lionel_Messi-1500,-0.8477512580568166
Lionel Messi,238,2019-11-18,Friendlies (M),Friendlies (M),Home,Argentina,Uruguay,Y*,90+2,1-2,Martín Campaña,,Penalty kick,Uruguay,Argentina,Home,D 2–2,90,1,1966,national,Other,FALSE,1.0490366928415702,NA,missing,Lionel_Messi-1501,1.0490366928415702
Lionel Messi,237,2019-11-27,Champions Lg,Group stage,Home,Barcelona,Dortmund,Y*,33,1-0,Roman Bürki,Luis Suárez,,Dortmund,Barcelona,Home,W 3–1,90,1,1814.03857422,club,Group,FALSE,0.864761673807541,NA,missing,Lionel_Messi-1502,0.864761673807541
Lionel Messi,236,2019-12-01,La Liga,Matchweek 15,Away,Barcelona,Atlético Madrid,Y*,86,0-0,Jan Oblak,Luis Suárez,,Atlético Madrid,Barcelona,Away,W 1–0,90,1,1857.53442383,club,Group,TRUE,-1.0594693858508875,0.06727904826402664,understat,Lionel_Messi-1503,-1.0594693858508875
Lionel Messi,235,2019-12-07,La Liga,Matchweek 16,Home,Barcelona,Mallorca,Y*,17,1-0,Manolo Reina,Antoine Griezmann,,Mallorca,Barcelona,Home,W 5–2,90,3,1577.46032715,club,Group,FALSE,0.7671370514865503,0.038465261459350586,understat,Lionel_Messi-1504,0.7671370514865503
Lionel Messi,234,2019-12-07,La Liga,Matchweek 16,Home,Barcelona,Mallorca,Y*,41,2-1,Manolo Reina,Ivan Rakitić,,Mallorca,Barcelona,Home,W 5–2,90,3,1577.46032715,club,Group,FALSE,0.7671370514865503,0.09472362697124481,understat,Lionel_Messi-1505,0.7671370514865503
Lionel Messi,233,2019-12-07,La Liga,Matchweek 16,Home,Barcelona,Mallorca,Y*,83,4-2,Manolo Reina,Luis Suárez,,Mallorca,Barcelona,Home,W 5–2,90,3,1577.46032715,club,Group,FALSE,0.7671370514865503,0.1124524250626564,understat,Lionel_Messi-1506,0.7671370514865503
Lionel Messi,232,2019-12-21,La Liga,Matchweek 18,Home,Barcelona,Alavés,Y*,69,2-1,Fernando Pacheco,Luis Suárez,,Alavés,Barcelona,Home,W 4–1,90,1,1675.72424316,club,Group,FALSE,0.8076859092410815,0.031239503994584084,understat,Lionel_Messi-1507,0.8076859092410815
Lionel Messi,231,2020-01-09,Supercopa de España,Semi-finals,Home,Barcelona,Atlético Madrid,Y*,51,0-1,Jan Oblak,Luis Suárez,,Atlético Madrid,Barcelona,Home,L 2–3,90,1,1866.60778809,club,Knockout,FALSE,1.0576195870249212,NA,missing,Lionel_Messi-1508,1.0576195870249212
Lionel Messi,230,2020-01-19,La Liga,Matchweek 20,Home,Barcelona,Granada,Y*,76,0-0,Rui Silva,Arturo Vidal,,Granada,Barcelona,Home,W 1–0,90,1,1655.40991211,club,Group,FALSE,0.7993031482686703,0.39386576414108276,understat,Lionel_Messi-1509,0.7993031482686703
Lionel Messi,229,2020-01-30,Copa del Rey,Round of 16,Home,Barcelona,Leganés,Y*,59,2-0,Iván Cuéllar,,,Leganés,Barcelona,Home,W 5–0,90,2,1637.78112793,club,Knockout,FALSE,0.9631936769855935,NA,missing,Lionel_Messi-1510,0.9631936769855935
Lionel Messi,228,2020-01-30,Copa del Rey,Round of 16,Home,Barcelona,Leganés,Y*,89,4-0,Iván Cuéllar,Ivan Rakitić,,Leganés,Barcelona,Home,W 5–0,90,2,1637.78112793,club,Knockout,FALSE,0.9631936769855935,NA,missing,Lionel_Messi-1511,0.9631936769855935
Lionel Messi,227,2020-02-22,La Liga,Matchweek 25,Home,Barcelona,Eibar,Y*,14,0-0,Marko Dmitrović,Ivan Rakitić,,Eibar,Barcelona,Home,W 5–0,90,4,1686.81164551,club,Group,FALSE,0.8122611543464328,0.3978502154350281,understat,Lionel_Messi-1512,0.8122611543464328
Lionel Messi,226,2020-02-22,La Liga,Matchweek 25,Home,Barcelona,Eibar,Y*,37,1-0,Marko Dmitrović,Arturo Vidal,,Eibar,Barcelona,Home,W 5–0,90,4,1686.81164551,club,Group,FALSE,0.8122611543464328,0.3399604558944702,understat,Lionel_Messi-1513,0.8122611543464328
Lionel Messi,225,2020-02-22,La Liga,Matchweek 25,Home,Barcelona,Eibar,Y*,40,2-0,Marko Dmitrović,,,Eibar,Barcelona,Home,W 5–0,90,4,1686.81164551,club,Group,FALSE,0.8122611543464328,0.4530527591705322,understat,Lionel_Messi-1514,0.8122611543464328
Lionel Messi,224,2020-02-22,La Liga,Matchweek 25,Home,Barcelona,Eibar,Y*,87,3-0,Marko Dmitrović,,,Eibar,Barcelona,Home,W 5–0,90,4,1686.81164551,club,Group,FALSE,0.8122611543464328,0.6275072693824768,understat,Lionel_Messi-1515,0.8122611543464328
Lionel Messi,223,2020-03-07,La Liga,Matchweek 27,Home,Barcelona,Real Sociedad,Y*,81,0-0,Álex Remiro,,Penalty kick,Real Sociedad,Barcelona,Home,W 1–0,90,1,1758.7755127,club,Group,FALSE,0.8419572292907321,0.7432776093482971,understat,Lionel_Messi-1516,0.8419572292907321
Lionel Messi,222,2020-06-13,La Liga,Matchweek 28,Away,Barcelona,Mallorca,Y*,90+3,3-0,Manolo Reina,Luis Suárez,,Mallorca,Barcelona,Away,W 4–0,90,1,1598.52490234,club,Group,TRUE,-1.1663503312723835,0.1170477345585823,understat,Lionel_Messi-1517,-1.1663503312723835
Lionel Messi,221,2020-06-16,La Liga,Matchweek 29,Home,Barcelona,Leganés,Y*,69,1-0,Iván Cuéllar,,Penalty kick,Leganés,Barcelona,Home,W 2–0,90,1,1636.60705566,club,Group,FALSE,0.791544101178665,0.7432776093482971,understat,Lionel_Messi-1518,0.791544101178665
Lionel Messi,220,2020-06-30,La Liga,Matchweek 33,Home,Barcelona,Atlético Madrid,Y*,50,1-1,Jan Oblak,,Penalty kick,Atlético Madrid,Barcelona,Home,D 2–2,90,1,1892.26208496,club,Group,FALSE,0.8970408067675334,0.7432776093482971,understat,Lionel_Messi-1519,0.8970408067675334
Lionel Messi,219,2020-07-16,La Liga,Matchweek 37,Home,Barcelona,Osasuna,Y*,62,0-1,Sergio Herrera,,,Osasuna,Barcelona,Home,L 1–2,90,1,1686.85559082,club,Group,FALSE,0.8122792884916666,0.07459331303834915,understat,Lionel_Messi-1520,0.8122792884916666
Lionel Messi,218,2020-07-19,La Liga,Matchweek 38,Away,Barcelona,Alavés,Y*,34,1-0,Roberto,Riqui Puig,,Alavés,Barcelona,Away,W 5–0,90,2,1650.63549805,club,Group,TRUE,-1.1448467598827223,0.8396257162094116,understat,Lionel_Messi-1521,-1.1448467598827223
Lionel Messi,217,2020-07-19,La Liga,Matchweek 38,Away,Barcelona,Alavés,Y*,75,4-0,Roberto,Jordi Alba,,Alavés,Barcelona,Away,W 5–0,90,2,1650.63549805,club,Group,TRUE,-1.1448467598827223,0.1249484196305275,understat,Lionel_Messi-1522,-1.1448467598827223
Lionel Messi,216,2020-08-08,Champions Lg,Round of 16,Home,Barcelona,Napoli,Y*,23,1-0,David Ospina,,,Napoli,Barcelona,Home,W 3–1,90,1,1767.17675781,club,Knockout,FALSE,1.0165891165641279,NA,missing,Lionel_Messi-1523,1.0165891165641279
Lionel Messi,215,2020-09-27,La Liga,Matchweek 3,Home,Barcelona,Villarreal,Y*,35,2-0,Sergio Asenjo,,Penalty kick,Villarreal,Barcelona,Home,W 4–0,90,1,1772.45593262,club,Group,FALSE,0.8476024897676494,0.7432776093482971,understat,Lionel_Messi-1524,0.8476024897676494
Lionel Messi,214,2020-10-08,WCQ,WCQ — CONMEBOL (M),Home,Argentina,Ecuador,Y*,13,0-0,Alexander Domínguez,,Penalty kick,Ecuador,Argentina,Home,W 1–0,90,1,1720,national,Other,FALSE,0.9475241599337668,NA,missing,Lionel_Messi-1525,0.9475241599337668
Lionel Messi,213,2020-10-20,Champions Lg,Group stage,Home,Barcelona,Ferencváros,Y*,27,0-0,Dénes Dibusz,,Penalty kick,Ferencváros,Barcelona,Home,W 5–1,90,1,1553.62963867,club,Group,FALSE,0.7573032565737796,NA,missing,Lionel_Messi-1526,0.7573032565737796
Lionel Messi,212,2020-10-28,Champions Lg,Group stage,Away,Barcelona,Juventus,Y*,90+1,1-0,Wojciech Szczęsny,,Penalty kick,Juventus,Barcelona,Away,W 2–0,90,1,1848.24560547,club,Group,TRUE,-1.063302440645376,NA,missing,Lionel_Messi-1527,-1.063302440645376
Lionel Messi,211,2020-11-04,Champions Lg,Group stage,Home,Barcelona,Dynamo Kyiv,Y*,5,0-0,Ruslan Neshcheret,,Penalty kick,Dynamo Kyiv,Barcelona,Home,W 2–1,90,1,1628.49267578,club,Group,FALSE,0.7881956814445393,NA,missing,Lionel_Messi-1528,0.7881956814445393
Lionel Messi,210,2020-11-07,La Liga,Matchweek 9,Home,Barcelona,Real Betis,N,61,2-1,Claudio Bravo,,Penalty kick,Real Betis,Barcelona,Home,W 5–2,45,2,1685.00280762,club,Group,FALSE,0.8115147327373535,0.7432776093482971,understat,Lionel_Messi-1529,0.8115147327373535
Lionel Messi,209,2020-11-07,La Liga,Matchweek 9,Home,Barcelona,Real Betis,N,82,3-2,Claudio Bravo,Sergi Roberto,,Real Betis,Barcelona,Home,W 5–2,45,2,1685.00280762,club,Group,FALSE,0.8115147327373535,0.3814319968223572,understat,Lionel_Messi-1530,0.8115147327373535
Lionel Messi,208,2020-11-29,La Liga,Matchweek 11,Home,Barcelona,Osasuna,Y*,73,3-0,Sergio Herrera,Francisco Trincão,,Osasuna,Barcelona,Home,W 4–0,90,1,1696.00842285,club,Group,FALSE,0.8160562281772152,0.08858967572450638,understat,Lionel_Messi-1531,0.8160562281772152
Lionel Messi,207,2020-12-13,La Liga,Matchweek 13,Home,Barcelona,Levante,Y*,76,0-0,Aitor Fernández,Frenkie de Jong,,Levante,Barcelona,Home,W 1–0,90,1,1691.4050293,club,Group,FALSE,0.8141566259852155,0.30587369203567505,understat,Lionel_Messi-1532,0.8141566259852155
Lionel Messi,206,2020-12-19,La Liga,Matchweek 14,Home,Barcelona,Valencia,Y*,45+4,0-1,Jaume Doménech,,,Valencia,Barcelona,Home,D 2–2,90,1,1715.00402832,club,Group,FALSE,0.8238948136462277,0.9238199591636658,understat,Lionel_Messi-1533,0.8238948136462277
Lionel Messi,205,2020-12-22,La Liga,Matchweek 15,Away,Barcelona,Valladolid,Y*,65,2-0,Jordi Masip,Pedri,,Valladolid,Barcelona,Away,W 3–0,90,1,1649.28405762,club,Group,TRUE,-1.1454044352531425,0.3357066810131073,understat,Lionel_Messi-1534,-1.1454044352531425
Lionel Messi,204,2021-01-06,La Liga,Matchweek 2,Away,Barcelona,Athletic Club,Y*,38,1-1,Unai Simón,Pedri,,Athletic Club,Barcelona,Away,W 3–2,90,2,1700.77758789,club,Group,TRUE,-1.1241554975048806,0.20805826783180237,understat,Lionel_Messi-1535,-1.1241554975048806
Lionel Messi,203,2021-01-06,La Liga,Matchweek 2,Away,Barcelona,Athletic Club,Y*,62,2-1,Unai Simón,Antoine Griezmann,,Athletic Club,Barcelona,Away,W 3–2,90,2,1700.77758789,club,Group,TRUE,-1.1241554975048806,0.13708481192588806,understat,Lionel_Messi-1536,-1.1241554975048806
Lionel Messi,202,2021-01-09,La Liga,Matchweek 18,Away,Barcelona,Granada,Y*,35,1-0,Rui Silva,Antoine Griezmann,,Granada,Barcelona,Away,W 4–0,64,2,1701.76513672,club,Group,TRUE,-1.12374798293942,0.11672153323888779,understat,Lionel_Messi-1537,-1.12374798293942
Lionel Messi,201,2021-01-09,La Liga,Matchweek 18,Away,Barcelona,Granada,Y*,42,2-0,Rui Silva,,,Granada,Barcelona,Away,W 4–0,64,2,1701.76513672,club,Group,TRUE,-1.12374798293942,0.15853235125541687,understat,Lionel_Messi-1538,-1.12374798293942
Lionel Messi,200,2021-01-27,Copa del Rey,Round of 16,Away,Barcelona,Rayo Vallecano,Y*,69,0-1,Stole Dimitrievski,Antoine Griezmann,,Rayo Vallecano,Barcelona,Away,W 2–1,90,1,1578.73083496,club,Knockout,TRUE,-1.0033533122387723,NA,missing,Lionel_Messi-1539,-1.0033533122387723
Lionel Messi,199,2021-01-31,La Liga,Matchweek 21,Home,Barcelona,Athletic Club,Y*,20,0-0,Unai Simón,,,Athletic Club,Barcelona,Home,W 2–1,90,1,1710.39086914,club,Group,FALSE,0.8219911816418833,0.08070641756057739,understat,Lionel_Messi-1540,0.8219911816418833
Lionel Messi,198,2021-02-07,La Liga,Matchweek 22,Away,Barcelona,Real Betis,N,59,0-1,Joel Robles,Ousmane Dembélé,,Real Betis,Barcelona,Away,W 3–2,34,1,1684.47717285,club,Group,TRUE,-1.1308819057087784,0.051654450595378876,understat,Lionel_Messi-1541,-1.1308819057087784
Lionel Messi,197,2021-02-13,La Liga,Matchweek 23,Home,Barcelona,Alavés,Y*,45+1,1-0,Fernando Pacheco,Sergio Busquets,,Alavés,Barcelona,Home,W 5–1,90,2,1633.25256348,club,Group,FALSE,0.790159861350164,0.03144628927111626,understat,Lionel_Messi-1542,0.790159861350164
Lionel Messi,196,2021-02-13,La Liga,Matchweek 23,Home,Barcelona,Alavés,Y*,75,3-1,Fernando Pacheco,Antoine Griezmann,,Alavés,Barcelona,Home,W 5–1,90,2,1633.25256348,club,Group,FALSE,0.790159861350164,0.03530830144882202,understat,Lionel_Messi-1543,0.790159861350164
Lionel Messi,195,2021-02-16,Champions Lg,Round of 16,Home,Barcelona,PSG,Y*,27,0-0,Keylor Navas,,Penalty kick,PSG,Barcelona,Home,L 1–4,90,1,1867.88964844,club,Knockout,FALSE,1.0581485499963141,NA,missing,Lionel_Messi-1544,1.0581485499963141
Lionel Messi,194,2021-02-21,La Liga,Matchweek 24,Home,Barcelona,Cádiz,Y*,32,0-0,Jeremías Ledesma,,Penalty kick,Cádiz,Barcelona,Home,D 1–1,90,1,1573.20227051,club,Group,FALSE,0.7653799534589433,0.7432776093482971,understat,Lionel_Messi-1545,0.7653799534589433
Lionel Messi,193,2021-02-24,La Liga,Matchweek 1,Home,Barcelona,Elche,Y*,48,0-0,Édgar Badía,Martin Braithwaite,,Elche,Barcelona,Home,W 3–0,90,2,1569.47766113,club,Group,FALSE,0.7638429838156263,0.5754427909851074,understat,Lionel_Messi-1546,0.7638429838156263
Lionel Messi,192,2021-02-24,La Liga,Matchweek 1,Home,Barcelona,Elche,Y*,68,1-0,Édgar Badía,Frenkie de Jong,,Elche,Barcelona,Home,W 3–0,90,2,1569.47766113,club,Group,FALSE,0.7638429838156263,0.5756189227104187,understat,Lionel_Messi-1547,0.7638429838156263
Lionel Messi,191,2021-02-27,La Liga,Matchweek 25,Away,Barcelona,Sevilla,Y*,85,1-0,Yassine Bounou,,,Sevilla,Barcelona,Away,W 2–0,90,1,1854.90490723,club,Group,TRUE,-1.0605544626410874,0.7300127148628235,understat,Lionel_Messi-1548,-1.0605544626410874
Lionel Messi,190,2021-03-10,Champions Lg,Round of 16,Away,Barcelona,PSG,Y*,37,0-1,Keylor Navas,Pedri,,PSG,Barcelona,Away,D 1–1,90,1,1876.45336914,club,Knockout,TRUE,-0.880497342530066,NA,missing,Lionel_Messi-1549,-0.880497342530066
Lionel Messi,189,2021-03-15,La Liga,Matchweek 27,Home,Barcelona,Huesca,Y*,13,0-0,Álvaro Fernández,Sergio Busquets,,Huesca,Barcelona,Home,W 4–1,90,2,1591.75085449,club,Group,FALSE,0.7730340743600119,0.041483499109745026,understat,Lionel_Messi-1550,0.7730340743600119
Lionel Messi,188,2021-03-15,La Liga,Matchweek 27,Home,Barcelona,Huesca,Y*,90,3-1,Álvaro Fernández,Francisco Trincão,,Huesca,Barcelona,Home,W 4–1,90,2,1591.75085449,club,Group,FALSE,0.7730340743600119,0.029602501541376114,understat,Lionel_Messi-1551,0.7730340743600119
Lionel Messi,187,2021-03-21,La Liga,Matchweek 28,Away,Barcelona,Real Sociedad,Y*,56,3-0,Álex Remiro,Sergio Busquets,,Real Sociedad,Barcelona,Away,W 6–1,90,2,1762.04370117,club,Group,TRUE,-1.0988738782346807,0.522255003452301,understat,Lionel_Messi-1552,-1.0988738782346807
Lionel Messi,186,2021-03-21,La Liga,Matchweek 28,Away,Barcelona,Real Sociedad,Y*,89,5-1,Álex Remiro,Jordi Alba,,Real Sociedad,Barcelona,Away,W 6–1,90,2,1762.04370117,club,Group,TRUE,-1.0988738782346807,0.5142524838447571,understat,Lionel_Messi-1553,-1.0988738782346807
Lionel Messi,185,2021-04-17,Copa del Rey,Final,Neutral,Barcelona,Athletic Club,Y*,68,2-0,Unai Simón,Frenkie de Jong,,Athletic Club,Barcelona,Neutral,W 4–0,90,2,1721.74353027,club,Final,FALSE,1.7638249978059597,NA,missing,Lionel_Messi-1554,1.7638249978059597
Lionel Messi,184,2021-04-17,Copa del Rey,Final,Neutral,Barcelona,Athletic Club,Y*,72,3-0,Unai Simón,Jordi Alba,,Athletic Club,Barcelona,Neutral,W 4–0,90,2,1721.74353027,club,Final,FALSE,1.7638249978059597,NA,missing,Lionel_Messi-1555,1.7638249978059597
Lionel Messi,182,2021-04-22,La Liga,Matchweek 31,Home,Barcelona,Getafe,Y*,33,2-1,David Soria,,,Getafe,Barcelona,Home,W 5–2,90,2,1673.37219238,club,Group,FALSE,0.8067153294353677,0.22999116778373718,understat,Lionel_Messi-1556,0.8067153294353677
Lionel Messi,183,2021-04-22,La Liga,Matchweek 31,Home,Barcelona,Getafe,Y*,8,0-0,David Soria,Sergio Busquets,,Getafe,Barcelona,Home,W 5–2,90,2,1673.37219238,club,Group,FALSE,0.8067153294353677,0.46543166041374207,understat,Lionel_Messi-1557,0.8067153294353677
Lionel Messi,181,2021-04-29,La Liga,Matchweek 33,Home,Barcelona,Granada,Y*,23,0-0,Aarón Escandell,Antoine Griezmann,,Granada,Barcelona,Home,L 1–2,90,1,1698.84301758,club,Group,FALSE,0.8172259309853839,0.2907295227050781,understat,Lionel_Messi-1558,0.8172259309853839
Lionel Messi,180,2021-05-02,La Liga,Matchweek 34,Away,Barcelona,Valencia,Y*,57,0-1,Jasper Cillessen,,,Valencia,Barcelona,Away,W 3–2,90,2,1692.43884277,club,Group,TRUE,-1.1275965021325387,0.916252613067627,understat,Lionel_Messi-1559,-1.1275965021325387
Lionel Messi,179,2021-05-02,La Liga,Matchweek 34,Away,Barcelona,Valencia,Y*,69,2-1,Jasper Cillessen,,,Valencia,Barcelona,Away,W 3–2,90,2,1692.43884277,club,Group,TRUE,-1.1275965021325387,0.05077880620956421,understat,Lionel_Messi-1560,-1.1275965021325387
Lionel Messi,178,2021-05-11,La Liga,Matchweek 36,Away,Barcelona,Levante,Y*,25,0-0,Aitor Fernández,,,Levante,Barcelona,Away,D 3–3,90,1,1668.91101074,club,Group,TRUE,-1.137305322552029,0.07627198100090027,understat,Lionel_Messi-1561,-1.137305322552029
Lionel Messi,177,2021-05-16,La Liga,Matchweek 37,Home,Barcelona,Celta Vigo,Y*,28,0-0,Iván Villar,Sergio Busquets,,Celta Vigo,Barcelona,Home,L 1–2,90,1,1716.31726074,club,Group,FALSE,0.8244367223830196,0.3019910752773285,understat,Lionel_Messi-1562,0.8244367223830196
Lionel Messi,176,2021-06-03,WCQ,WCQ — CONMEBOL (M),Home,Argentina,Chile,Y*,24,0-0,Claudio Bravo,,Penalty kick,Chile,Argentina,Home,D 1–1,90,1,1829,national,Other,FALSE,0.9925032903685254,NA,missing,Lionel_Messi-1563,0.9925032903685254
Lionel Messi,175,2021-06-14,Copa América,Group stage,Neutral,Argentina,Chile,Y*,33,0-0,Claudio Bravo,,,Chile,Argentina,Neutral,D 1–1,90,1,1826,national,Group,FALSE,1.0458375442865393,NA,missing,Lionel_Messi-1564,1.0458375442865393
Lionel Messi,174,2021-06-28,Copa América,Group stage,Neutral,Argentina,Bolivia,Y*,30,1-0,Carlos Lampe,,Penalty kick,Bolivia,Argentina,Neutral,W 4–1,90,2,1580,national,Group,FALSE,0.9443250113787359,NA,missing,Lionel_Messi-1565,0.9443250113787359
Lionel Messi,173,2021-06-28,Copa América,Group stage,Neutral,Argentina,Bolivia,Y*,42,2-0,Carlos Lampe,Sergio Agüero,,Bolivia,Argentina,Neutral,W 4–1,90,2,1580,national,Group,FALSE,0.9443250113787359,NA,missing,Lionel_Messi-1566,0.9443250113787359
Lionel Messi,172,2021-07-03,Copa América,Quarter-finals,Neutral,Argentina,Ecuador,Y*,90+3,2-0,Hernán Galíndez,,,Ecuador,Argentina,Neutral,W 3–0,90,1,1782,national,Knockout,FALSE,1.198845922947582,NA,missing,Lionel_Messi-1567,1.198845922947582
Lionel Messi,171,2021-09-09,WCQ,WCQ — CONMEBOL (M),Home,Argentina,Bolivia,Y*,14,0-0,Carlos Lampe,Leandro Paredes,,Bolivia,Argentina,Home,W 3–0,90,3,1586,national,Other,FALSE,0.89222871517911,NA,missing,Lionel_Messi-1568,0.89222871517911
Lionel Messi,170,2021-09-09,WCQ,WCQ — CONMEBOL (M),Home,Argentina,Bolivia,Y*,64,1-0,Carlos Lampe,,,Bolivia,Argentina,Home,W 3–0,90,3,1586,national,Other,FALSE,0.89222871517911,NA,missing,Lionel_Messi-1569,0.89222871517911
Lionel Messi,169,2021-09-09,WCQ,WCQ — CONMEBOL (M),Home,Argentina,Bolivia,Y*,88,2-0,Carlos Lampe,,,Bolivia,Argentina,Home,W 3–0,90,3,1586,national,Other,FALSE,0.89222871517911,NA,missing,Lionel_Messi-1570,0.89222871517911
Lionel Messi,168,2021-09-28,Champions Lg,Group stage,Home,PSG,Manchester City,Y,74,1-0,Ederson Moraes,Kylian Mbappé,,Manchester City,PSG,Home,W 2–0,90,1,1812.7101919840484,league_avg,Group,FALSE,0.8642135134602192,NA,missing,Lionel_Messi-1571,0.8642135134602192
Lionel Messi,167,2021-10-10,WCQ,WCQ — CONMEBOL (M),Home,Argentina,Uruguay,Y*,38,0-0,Fernando Muslera,Giovani Lo Celso,,Uruguay,Argentina,Home,W 3–0,90,1,1923,national,Other,FALSE,1.0312926322113443,NA,missing,Lionel_Messi-1572,1.0312926322113443
Lionel Messi,166,2021-10-19,Champions Lg,Group stage,Home,PSG,RB Leipzig,Y,67,1-2,Péter Gulácsi,,,RB Leipzig,PSG,Home,W 3–2,90,2,1790.63952637,club,Group,FALSE,0.8551059965112631,NA,missing,Lionel_Messi-1573,0.8551059965112631
Lionel Messi,165,2021-10-19,Champions Lg,Group stage,Home,PSG,RB Leipzig,Y,74,2-2,Péter Gulácsi,,Penalty kick,RB Leipzig,PSG,Home,W 3–2,90,2,1790.63952637,club,Group,FALSE,0.8551059965112631,NA,missing,Lionel_Messi-1574,0.8551059965112631
Lionel Messi,164,2021-11-20,Ligue 1,Matchweek 14,Home,PSG,Nantes,Y,87,2-1,Alban Lafont,Kylian Mbappé,,Nantes,PSG,Home,W 3–1,90,1,1601.24438477,club,Group,FALSE,0.7769516040549702,0.06329125910997391,understat,Lionel_Messi-1575,0.7769516040549702
Lionel Messi,163,2021-12-07,Champions Lg,Group stage,Home,PSG,Club Brugge,Y,38,2-0,Simon Mignolet,Kylian Mbappé,,Club Brugge,PSG,Home,W 4–1,90,2,1812.7101919840484,league_avg,Group,FALSE,0.8642135134602192,NA,missing,Lionel_Messi-1576,0.8642135134602192
Lionel Messi,162,2021-12-07,Champions Lg,Group stage,Home,PSG,Club Brugge,Y,76,3-1,Simon Mignolet,,Penalty kick,Club Brugge,PSG,Home,W 4–1,90,2,1812.7101919840484,league_avg,Group,FALSE,0.8642135134602192,NA,missing,Lionel_Messi-1577,0.8642135134602192
Lionel Messi,161,2022-02-06,Ligue 1,Matchweek 23,Away,PSG,Lille,Y,38,2-1,Ivo Grbić,,,Lille,PSG,Away,W 5–1,90,1,1751.39257812,club,Group,TRUE,-1.1032690915644296,0.3825295567512512,understat,Lionel_Messi-1578,-1.1032690915644296
Lionel Messi,160,2022-03-25,WCQ,WCQ — CONMEBOL (M),Home,Argentina,Venezuela,Y*,82,2-0,Wuilker Faríñez,Ángel Di María,,Venezuela,Argentina,Home,W 3–0,90,1,1688,national,Other,FALSE,0.9343192776042966,NA,missing,Lionel_Messi-1579,0.9343192776042966
Lionel Messi,159,2022-04-03,Ligue 1,Matchweek 30,Home,PSG,Lorient,Y,73,3-1,Matthieu Dreyer,Kylian Mbappé,,Lorient,PSG,Home,W 5–1,90,1,1541.86621094,club,Group,FALSE,0.7524490478560957,0.13444674015045166,understat,Lionel_Messi-1580,0.7524490478560957
Lionel Messi,158,2022-04-23,Ligue 1,Matchweek 34,Home,PSG,Lens,Y,68,0-0,Jean-Louis Leca,Neymar,,Lens,PSG,Home,D 1–1,90,1,1645.6697998,club,Group,FALSE,0.7952838658646273,0.0234253890812397,understat,Lionel_Messi-1581,0.7952838658646273
Lionel Messi,156,2022-05-14,Ligue 1,Matchweek 37,Away,PSG,Montpellier,Y,20,1-0,Dimitry Bertaud,Kylian Mbappé,,Montpellier,PSG,Away,W 4–0,90,2,1577.52429199,club,Group,TRUE,-1.1750162871635963,0.060556620359420776,understat,Lionel_Messi-1582,-1.1750162871635963
Lionel Messi,157,2022-05-14,Ligue 1,Matchweek 37,Away,PSG,Montpellier,Y,6,0-0,Dimitry Bertaud,Kylian Mbappé,,Montpellier,PSG,Away,W 4–0,90,2,1577.52429199,club,Group,TRUE,-1.1750162871635963,0.8339264988899231,understat,Lionel_Messi-1583,-1.1750162871635963
Lionel Messi,154,2022-06-05,Friendlies (M),Friendlies (M),Neutral,Argentina,Estonia,Y*,45,1-0,Matvei Igonen,Papu Gómez,,Estonia,Argentina,Neutral,W 5–0,90,5,1385,national,Other,FALSE,0.985425505403698,NA,missing,Lionel_Messi-1584,0.985425505403698
Lionel Messi,153,2022-06-05,Friendlies (M),Friendlies (M),Neutral,Argentina,Estonia,Y*,47,2-0,Matvei Igonen,Nahuel Molina,,Estonia,Argentina,Neutral,W 5–0,90,5,1385,national,Other,FALSE,0.985425505403698,NA,missing,Lionel_Messi-1585,0.985425505403698
Lionel Messi,152,2022-06-05,Friendlies (M),Friendlies (M),Neutral,Argentina,Estonia,Y*,71,3-0,Matvei Igonen,,,Estonia,Argentina,Neutral,W 5–0,90,5,1385,national,Other,FALSE,0.985425505403698,NA,missing,Lionel_Messi-1586,0.985425505403698
Lionel Messi,151,2022-06-05,Friendlies (M),Friendlies (M),Neutral,Argentina,Estonia,Y*,76,4-0,Matvei Igonen,,,Estonia,Argentina,Neutral,W 5–0,90,5,1385,national,Other,FALSE,0.985425505403698,NA,missing,Lionel_Messi-1587,0.985425505403698
Lionel Messi,155,2022-06-05,Friendlies (M),Friendlies (M),Neutral,Argentina,Estonia,Y*,8,0-0,Matvei Igonen,,Penalty kick,Estonia,Argentina,Neutral,W 5–0,90,5,1385,national,Other,FALSE,0.985425505403698,NA,missing,Lionel_Messi-1588,0.985425505403698
Lionel Messi,150,2022-07-31,Trophée des Champions,Trophée des Champions,Neutral,PSG,Nantes,Y,22,0-0,Alban Lafont,,,Nantes,PSG,Neutral,W 4–0,90,1,1630.71911621,club,Other,FALSE,1.086822130892901,NA,missing,Lionel_Messi-1589,1.086822130892901
Lionel Messi,149,2022-08-06,Ligue 1,Matchweek 1,Away,PSG,Clermont Foot,Y,80,3-0,Mory Diaw,Neymar,,Clermont Foot,PSG,Away,W 5–0,90,2,1617.5142614971699,league_avg,Group,TRUE,-1.1585143233604311,0.6018829941749573,understat,Lionel_Messi-1590,-1.1585143233604311
Lionel Messi,148,2022-08-06,Ligue 1,Matchweek 1,Away,PSG,Clermont Foot,Y,86,4-0,Mory Diaw,Leandro Paredes,,Clermont Foot,PSG,Away,W 5–0,90,2,1617.5142614971699,league_avg,Group,TRUE,-1.1585143233604311,0.5788140296936035,understat,Lionel_Messi-1591,-1.1585143233604311
Lionel Messi,147,2022-08-21,Ligue 1,Matchweek 3,Away,PSG,Lille,Y,27,1-0,Léo Jardim,Nuno Mendes,,Lille,PSG,Away,W 7–1,90,1,1696.20751953,club,Group,TRUE,-1.1260413479714886,0.35092198848724365,understat,Lionel_Messi-1592,-1.1260413479714886
Lionel Messi,146,2022-09-14,Champions Lg,Group stage,Away,PSG,Maccabi Haifa,Y,37,0-1,Josh Cohen,,,Maccabi Haifa,PSG,Away,W 3–1,90,1,1605.56237793,club,Group,TRUE,-1.1634462988641814,NA,missing,Lionel_Messi-1593,-1.1634462988641814
Lionel Messi,145,2022-09-18,Ligue 1,Matchweek 8,Away,PSG,Lyon,Y,5,0-0,Anthony Lopes,Neymar,,Lyon,PSG,Away,W 1–0,90,1,1712.81420898,club,Group,TRUE,-1.1191885548443223,0.1036899983882904,understat,Lionel_Messi-1594,-1.1191885548443223
Lionel Messi,144,2022-09-23,Friendlies (M),Friendlies (M),Neutral,Argentina,Honduras,Y*,45+2,1-0,Luis López Fernández,,Penalty kick,Honduras,Argentina,Neutral,W 3–0,90,2,1461,national,Other,FALSE,1.0167871009361902,NA,missing,Lionel_Messi-1595,1.0167871009361902
Lionel Messi,143,2022-09-23,Friendlies (M),Friendlies (M),Neutral,Argentina,Honduras,Y*,69,2-0,Luis López Fernández,,,Honduras,Argentina,Neutral,W 3–0,90,2,1461,national,Other,FALSE,1.0167871009361902,NA,missing,Lionel_Messi-1596,1.0167871009361902
Lionel Messi,142,2022-09-27,Friendlies (M),Friendlies (M),Neutral,Argentina,Jamaica,N,86,1-0,Andre Blake,Giovani Lo Celso,,Jamaica,Argentina,Neutral,W 3–0,35,2,1552,national,Other,FALSE,1.0543384850606214,NA,missing,Lionel_Messi-1597,1.0543384850606214
Lionel Messi,141,2022-09-27,Friendlies (M),Friendlies (M),Neutral,Argentina,Jamaica,N,89,2-0,Andre Blake,,,Jamaica,Argentina,Neutral,W 3–0,35,2,1552,national,Other,FALSE,1.0543384850606214,NA,missing,Lionel_Messi-1598,1.0543384850606214
Lionel Messi,140,2022-10-01,Ligue 1,Matchweek 9,Home,PSG,Nice,Y,28,0-0,Kasper Schmeichel,,,Nice,PSG,Home,W 2–1,87,1,1626.93591309,club,Group,FALSE,0.7875532793152782,0.11493100225925446,understat,Lionel_Messi-1599,0.7875532793152782
Lionel Messi,139,2022-10-05,Champions Lg,Group stage,Away,PSG,Benfica,Y,22,0-0,Odysseas Vlachodimos,Neymar,,Benfica,PSG,Away,D 1–1,80,1,1812.33227539,club,Group,TRUE,-1.078122168700558,NA,missing,Lionel_Messi-1600,-1.078122168700558
Lionel Messi,138,2022-10-21,Ligue 1,Matchweek 12,Away,PSG,Ajaccio,Y,78,1-0,Benjamin Leroy,Kylian Mbappé,,Ajaccio,PSG,Away,W 3–0,90,1,1473.72875977,club,Group,TRUE,-1.2178477805789039,0.9597880244255066,understat,Lionel_Messi-1601,-1.2178477805789039
Lionel Messi,137,2022-10-25,Champions Lg,Group stage,Home,PSG,Maccabi Haifa,Y,19,0-0,Josh Cohen,Kylian Mbappé,,Maccabi Haifa,PSG,Home,W 7–2,90,2,1590.68322754,club,Group,FALSE,0.7725935153523082,NA,missing,Lionel_Messi-1602,0.7725935153523082
Lionel Messi,136,2022-10-25,Champions Lg,Group stage,Home,PSG,Maccabi Haifa,Y,45,3-1,Josh Cohen,Kylian Mbappé,,Maccabi Haifa,PSG,Home,W 7–2,90,2,1590.68322754,club,Group,FALSE,0.7725935153523082,NA,missing,Lionel_Messi-1603,0.7725935153523082
Lionel Messi,135,2022-10-29,Ligue 1,Matchweek 13,Home,PSG,Troyes,Y,55,1-2,Gauthier Gallon,Sergio Ramos,,Troyes,PSG,Home,W 4–3,90,1,1541.78967285,club,Group,FALSE,0.7524174642163404,0.01661360077559948,understat,Lionel_Messi-1604,0.7524174642163404
Lionel Messi,134,2022-11-16,Friendlies (M),Friendlies (M),Neutral,Argentina,UAE,Y*,44,3-0,Khalid Eisa,Ángel Di María,,UAE,Argentina,Neutral,W 5–0,90,1,1484,national,Other,FALSE,1.0262781101104967,NA,missing,Lionel_Messi-1605,1.0262781101104967
Lionel Messi,133,2022-11-22,World Cup,Group stage,Neutral,Argentina,Saudi Arabia,Y*,10,0-0,Mohammed Al-Owais,,Penalty kick,Saudi Arabia,Argentina,Neutral,L 1–2,90,1,1693,national,Group,FALSE,0.990954752104678,NA,missing,Lionel_Messi-1606,0.990954752104678
Lionel Messi,132,2022-11-26,World Cup,Group stage,Neutral,Argentina,Mexico,Y*,64,0-0,Guillermo Ochoa,Ángel Di María,,Mexico,Argentina,Neutral,W 2–0,90,1,1793,national,Group,FALSE,1.032220009384273,NA,missing,Lionel_Messi-1607,1.032220009384273
Lionel Messi,131,2022-12-03,World Cup,Round of 16,Neutral,Argentina,Australia,Y*,35,0-0,Mathew Ryan,Nicolás Otamendi,,Australia,Argentina,Neutral,W 2–1,90,1,1772,national,Knockout,FALSE,1.1947193972196228,NA,missing,Lionel_Messi-1608,1.1947193972196228
Lionel Messi,130,2022-12-09,World Cup,Quarter-finals,Neutral,Argentina,Netherlands,Y*,73,1-0,Andries Noppert,,Penalty kick,Netherlands,Argentina,Neutral,D 2 (4)–2 (3),120,1,2073,national,Knockout,FALSE,1.3189278216312024,NA,missing,Lionel_Messi-1609,1.3189278216312024
Lionel Messi,129,2022-12-13,World Cup,Semi-finals,Neutral,Argentina,Croatia,Y*,34,0-0,Dominik Livaković,,Penalty kick,Croatia,Argentina,Neutral,W 3–0,90,1,1923,national,Knockout,FALSE,1.2570299357118107,NA,missing,Lionel_Messi-1610,1.2570299357118107
Lionel Messi,127,2022-12-18,World Cup,Final,Neutral,Argentina,France,Y*,108,2-2,Hugo Lloris,,,France,Argentina,Neutral,D 3 (4)–3 (2),120,2,2081,national,Final,FALSE,1.9120731043336328,NA,missing,Lionel_Messi-1611,1.9120731043336328
Lionel Messi,128,2022-12-18,World Cup,Final,Neutral,Argentina,France,Y*,23,0-0,Hugo Lloris,,Penalty kick,France,Argentina,Neutral,D 3 (4)–3 (2),120,2,2081,national,Final,FALSE,1.9120731043336328,NA,missing,Lionel_Messi-1612,1.9120731043336328
Lionel Messi,126,2023-01-11,Ligue 1,Matchweek 18,Home,PSG,Angers,Y,72,1-0,Paul Bernardoni,Nordi Mukiele,,Angers,PSG,Home,W 2–0,90,1,1475.07861328,club,Group,FALSE,0.7248889738508362,0.49373000860214233,understat,Lionel_Messi-1613,0.7248889738508362
Lionel Messi,125,2023-02-01,Ligue 1,Matchweek 21,Away,PSG,Montpellier,Y,72,1-0,Benjamin Lecomte,Fabián Ruiz Peña,,Montpellier,PSG,Away,W 3–1,90,1,1537.33874512,club,Group,TRUE,-1.1915989564687137,0.6442019939422607,understat,Lionel_Messi-1614,-1.1915989564687137
Lionel Messi,124,2023-02-04,Ligue 1,Matchweek 22,Home,PSG,Toulouse,Y,58,1-1,Maxime Dupé,Achraf Hakimi,,Toulouse,PSG,Home,W 2–1,90,1,1587.97973633,club,Group,FALSE,0.7714779127489705,0.04088699817657471,understat,Lionel_Messi-1615,0.7714779127489705
Lionel Messi,123,2023-02-19,Ligue 1,Matchweek 24,Home,PSG,Lille,Y,90+5,3-3,Lucas Chevalier,,,Lille,PSG,Home,W 4–3,90,1,1713.16577148,club,Group,FALSE,0.8231362522317416,0.08375760167837143,understat,Lionel_Messi-1616,0.8231362522317416
Lionel Messi,122,2023-02-26,Ligue 1,Matchweek 25,Away,PSG,Marseille,Y,29,1-0,Pau López,Kylian Mbappé,,Marseille,PSG,Away,W 3–0,90,1,1752.28308105,club,Group,TRUE,-1.102901623239283,0.7743290066719055,understat,Lionel_Messi-1617,-1.102901623239283
Lionel Messi,121,2023-03-04,Ligue 1,Matchweek 26,Home,PSG,Nantes,Y,12,0-0,Alban Lafont,,,Nantes,PSG,Home,W 4–2,90,1,1588.21118164,club,Group,FALSE,0.7715734192516035,0.10584700107574463,understat,Lionel_Messi-1618,0.7715734192516035
Lionel Messi,120,2023-03-23,Friendlies (M),Friendlies (M),Home,Argentina,Panama,Y*,89,1-0,José Guerra,,,Panama,Argentina,Home,W 2–0,90,1,1640,national,Other,FALSE,0.9145119541100913,NA,missing,Lionel_Messi-1619,0.9145119541100913
Lionel Messi,119,2023-03-28,Friendlies (M),Friendlies (M),Home,Argentina,Curaçao,Y*,20,0-0,Eloy Room,Giovani Lo Celso,,Curaçao,Argentina,Home,W 7–0,90,3,1350,national,Other,FALSE,0.7948427079992663,NA,missing,Lionel_Messi-1620,0.7948427079992663
Lionel Messi,118,2023-03-28,Friendlies (M),Friendlies (M),Home,Argentina,Curaçao,Y*,33,2-0,Eloy Room,Nicolás González,,Curaçao,Argentina,Home,W 7–0,90,3,1350,national,Other,FALSE,0.7948427079992663,NA,missing,Lionel_Messi-1621,0.7948427079992663
Lionel Messi,117,2023-03-28,Friendlies (M),Friendlies (M),Home,Argentina,Curaçao,Y*,37,4-0,Eloy Room,Giovani Lo Celso,,Curaçao,Argentina,Home,W 7–0,90,3,1350,national,Other,FALSE,0.7948427079992663,NA,missing,Lionel_Messi-1622,0.7948427079992663
Lionel Messi,116,2023-04-08,Ligue 1,Matchweek 30,Away,PSG,Nice,Y,26,0-0,Kasper Schmeichel,Nuno Mendes,,Nice,PSG,Away,W 2–0,90,1,1692.32849121,club,Group,TRUE,-1.1276420389876844,0.5250909924507141,understat,Lionel_Messi-1623,-1.1276420389876844
Lionel Messi,115,2023-04-15,Ligue 1,Matchweek 31,Home,PSG,Lens,Y,40,2-0,Brice Samba,Kylian Mbappé,,Lens,PSG,Home,W 3–1,90,1,1731.5090332,club,Group,FALSE,0.8307056463739694,0.1379310041666031,understat,Lionel_Messi-1624,0.8307056463739694
Lionel Messi,114,2023-05-27,Ligue 1,Matchweek 37,Away,PSG,Strasbourg,Y,59,0-0,Matz Sels,Kylian Mbappé,,Strasbourg,PSG,Away,D 1–1,90,1,1605.70544434,club,Group,TRUE,-1.1633872621420138,0.10987631976604462,understat,Lionel_Messi-1625,-1.1633872621420138
Lionel Messi,113,2023-06-15,Friendlies (M),Friendlies (M),Neutral,Argentina,Australia,Y*,2,0-0,Mathew Ryan,Enzo Fernández,,Australia,Argentina,Neutral,W 2–0,90,1,1771,national,Other,FALSE,1.1447093985029337,NA,missing,Lionel_Messi-1626,1.1447093985029337
Lionel Messi,112,2023-07-21,Leagues Cup,Group stage,Away,Inter Miami,Cruz Azul,N,90+4,1-1,Andrés Gudiño,,,Cruz Azul,Inter Miami,Away,W 2–1,37,1,1500,global_1500,Group,TRUE,-1.207006885707454,NA,missing,Lionel_Messi-1627,-1.207006885707454
Lionel Messi,110,2023-07-25,Leagues Cup,Group stage,Home,Inter Miami,Atlanta Utd,Y*,22,1-0,Brad Guzan,Robert Taylor,,Atlanta Utd,Inter Miami,Home,W 4–0,77,2,1500,global_1500,Group,FALSE,0.7351728481984868,NA,missing,Lionel_Messi-1628,0.7351728481984868
Lionel Messi,111,2023-07-25,Leagues Cup,Group stage,Home,Inter Miami,Atlanta Utd,Y*,8,0-0,Brad Guzan,,,Atlanta Utd,Inter Miami,Home,W 4–0,77,2,1500,global_1500,Group,FALSE,0.7351728481984868,NA,missing,Lionel_Messi-1629,0.7351728481984868
Lionel Messi,109,2023-08-02,Leagues Cup,Round of 32,Home,Inter Miami,Orlando City,Y*,7,0-0,Pedro Gallese,Robert Taylor,,Orlando City,Inter Miami,Home,W 3–1,90,2,1500,global_1500,Knockout,FALSE,0.9063379400625516,NA,missing,Lionel_Messi-1630,0.9063379400625516
Lionel Messi,108,2023-08-02,Leagues Cup,Round of 32,Home,Inter Miami,Orlando City,Y*,72,2-1,Pedro Gallese,Josef Martínez,,Orlando City,Inter Miami,Home,W 3–1,90,2,1500,global_1500,Knockout,FALSE,0.9063379400625516,NA,missing,Lionel_Messi-1631,0.9063379400625516
Lionel Messi,107,2023-08-06,Leagues Cup,Round of 16,Away,Inter Miami,FC Dallas,Y*,6,0-0,Maarten Paes,Jordi Alba,,FC Dallas,Inter Miami,Away,D 4 (5)–4 (3),90,2,1500,global_1500,Knockout,TRUE,-1.0358417938433893,NA,missing,Lionel_Messi-1632,-1.0358417938433893
Lionel Messi,106,2023-08-06,Leagues Cup,Round of 16,Away,Inter Miami,FC Dallas,Y*,85,3-4,Maarten Paes,,,FC Dallas,Inter Miami,Away,D 4 (5)–4 (3),90,2,1500,global_1500,Knockout,TRUE,-1.0358417938433893,NA,missing,Lionel_Messi-1633,-1.0358417938433893
Lionel Messi,105,2023-08-11,Leagues Cup,Quarter-finals,Home,Inter Miami,Charlotte,Y*,86,3-0,Kristijan Kahlina,Leonardo Campana,,Charlotte,Inter Miami,Home,W 4–0,90,1,1500,global_1500,Knockout,FALSE,0.9063379400625516,NA,missing,Lionel_Messi-1634,0.9063379400625516
Lionel Messi,104,2023-08-15,Leagues Cup,Semi-finals,Away,Inter Miami,Philadelphia,Y*,20,1-0,Andre Blake,Josef Martínez,,Philadelphia,Inter Miami,Away,W 4–1,90,1,1500,global_1500,Knockout,TRUE,-1.0358417938433893,NA,missing,Lionel_Messi-1635,-1.0358417938433893
Lionel Messi,103,2023-08-19,Leagues Cup,Final,Away,Inter Miami,Nashville SC,Y*,23,0-0,Elliot Panicco,,,Nashville SC,Inter Miami,Away,D 1 (10)–1 (9),90,1,1500,global_1500,Final,TRUE,-0.4459977317233266,NA,missing,Lionel_Messi-1636,-0.4459977317233266
Lionel Messi,102,2023-08-26,MLS,Regular Season,Away,Inter Miami,NY Red Bulls,N,89,1-0,Carlos Coronel,Ben Cremaschi,,NY Red Bulls,Inter Miami,Away,W 2–0,31,1,1500,global_1500,Other,TRUE,-1.0854391399872823,NA,missing,Lionel_Messi-1637,-1.0854391399872823
Lionel Messi,101,2023-09-07,WCQ,World Cup qualification,Home,Argentina,Ecuador,Y*,78,0-0,Hernán Galíndez,,,Ecuador,Argentina,Home,W 1–0,88,1,1848,national,Other,FALSE,1.0003436892516482,NA,missing,Lionel_Messi-1638,1.0003436892516482
Lionel Messi,100,2023-10-17,WCQ,World Cup qualification,Away,Argentina,Peru,Y*,32,0-0,Pedro Gallese,Nicolás González,,Peru,Argentina,Away,W 2–0,90,2,1787,national,Other,TRUE,-0.9670078515948454,NA,missing,Lionel_Messi-1639,-0.9670078515948454
Lionel Messi,99,2023-10-17,WCQ,World Cup qualification,Away,Argentina,Peru,Y*,42,1-0,Pedro Gallese,Enzo Fernández,,Peru,Argentina,Away,W 2–0,90,2,1787,national,Other,TRUE,-0.9670078515948454,NA,missing,Lionel_Messi-1640,-0.9670078515948454
Lionel Messi,98,2024-02-25,MLS,Regular Season,Away,Inter Miami,LA Galaxy,Y*,90+2,0-1,John McCarthy,Jordi Alba,,LA Galaxy,Inter Miami,Away,D 1–1,90,1,1500,global_1500,Other,TRUE,-1.0854391399872823,NA,missing,Lionel_Messi-1641,-1.0854391399872823
Lionel Messi,97,2024-03-02,MLS,Regular Season,Home,Inter Miami,Orlando City,Y*,57,3-0,Pedro Gallese,,,Orlando City,Inter Miami,Home,W 5–0,90,2,1500,global_1500,Other,FALSE,0.8567405939186585,NA,missing,Lionel_Messi-1642,0.8567405939186585
Lionel Messi,96,2024-03-02,MLS,Regular Season,Home,Inter Miami,Orlando City,Y*,62,4-0,Pedro Gallese,Luis Suárez,,Orlando City,Inter Miami,Home,W 5–0,90,2,1500,global_1500,Other,FALSE,0.8567405939186585,NA,missing,Lionel_Messi-1643,0.8567405939186585
Lionel Messi,95,2024-03-07,CCC,Round of 16,Away,Inter Miami,Nashville SC,Y*,52,0-2,Joe Willis,Luis Suárez,,Nashville SC,Inter Miami,Away,D 2–2,90,1,1500,global_1500,Knockout,TRUE,-1.0358417938433893,NA,missing,Lionel_Messi-1644,-1.0358417938433893
Lionel Messi,94,2024-03-13,CCC,Round of 16,Home,Inter Miami,Nashville SC,Y*,23,1-0,Joe Willis,Diego Gómez,,Nashville SC,Inter Miami,Home,W 3–1,49,1,1500,global_1500,Knockout,FALSE,0.9063379400625516,NA,missing,Lionel_Messi-1645,0.9063379400625516
Lionel Messi,93,2024-04-06,MLS,Regular Season,Home,Inter Miami,Colorado Rapids,N,57,0-1,Zack Steffen,Franco Negri,,Colorado Rapids,Inter Miami,Home,D 2–2,45,1,1500,global_1500,Other,FALSE,0.8567405939186585,NA,missing,Lionel_Messi-1646,0.8567405939186585
Lionel Messi,92,2024-04-13,MLS,Regular Season,Away,Inter Miami,Sporting KC,Y*,51,1-1,Tim Melia,David Ruíz,,Sporting KC,Inter Miami,Away,W 3–2,90,1,1500,global_1500,Other,TRUE,-1.0854391399872823,NA,missing,Lionel_Messi-1647,-1.0854391399872823
Lionel Messi,91,2024-04-20,MLS,Regular Season,Home,Inter Miami,Nashville SC,Y*,11,0-1,Elliot Panicco,Luis Suárez,,Nashville SC,Inter Miami,Home,W 3–1,90,2,1500,global_1500,Other,FALSE,0.8567405939186585,NA,missing,Lionel_Messi-1648,0.8567405939186585
Lionel Messi,90,2024-04-20,MLS,Regular Season,Home,Inter Miami,Nashville SC,Y*,81,2-1,Joe Willis,,Penalty kick,Nashville SC,Inter Miami,Home,W 3–1,90,2,1500,global_1500,Other,FALSE,0.8567405939186585,NA,missing,Lionel_Messi-1649,0.8567405939186585
Lionel Messi,89,2024-04-27,MLS,Regular Season,Away,Inter Miami,NE Revolution,Y*,32,0-1,Henrich Ravas,Robert Taylor,,NE Revolution,Inter Miami,Away,W 4–1,90,2,1500,global_1500,Other,TRUE,-1.0854391399872823,NA,missing,Lionel_Messi-1650,-1.0854391399872823
Lionel Messi,88,2024-04-27,MLS,Regular Season,Away,Inter Miami,NE Revolution,Y*,67,1-1,Henrich Ravas,Sergio Busquets,,NE Revolution,Inter Miami,Away,W 4–1,90,2,1500,global_1500,Other,TRUE,-1.0854391399872823,NA,missing,Lionel_Messi-1651,-1.0854391399872823
Lionel Messi,87,2024-05-04,MLS,Regular Season,Home,Inter Miami,NY Red Bulls,Y*,50,1-1,Carlos Coronel,Luis Suárez,,NY Red Bulls,Inter Miami,Home,W 6–2,90,1,1500,global_1500,Other,FALSE,0.8567405939186585,NA,missing,Lionel_Messi-1652,0.8567405939186585
Lionel Messi,86,2024-05-29,MLS,Regular Season,Home,Inter Miami,Atlanta Utd,Y*,62,0-2,Josh Cohen,Sergio Busquets,,Atlanta Utd,Inter Miami,Home,L 1–3,90,1,1500,global_1500,Other,FALSE,0.8567405939186585,NA,missing,Lionel_Messi-1653,0.8567405939186585
Lionel Messi,85,2024-06-01,MLS,Regular Season,Home,Inter Miami,St. Louis City,Y*,25,0-1,Roman Bürki,Jordi Alba,,St. Louis City,Inter Miami,Home,D 3–3,90,1,1500,global_1500,Other,FALSE,0.8567405939186585,NA,missing,Lionel_Messi-1654,0.8567405939186585
Lionel Messi,84,2024-06-14,Friendlies (M),Friendlies (M),Neutral,Argentina,Guatemala,Y*,12,0-1,Nicholas Hagen,,,Guatemala,Argentina,Neutral,W 4–1,90,2,1485,national,Other,FALSE,1.0266907626832926,NA,missing,Lionel_Messi-1655,1.0266907626832926
Lionel Messi,83,2024-06-14,Friendlies (M),Friendlies (M),Neutral,Argentina,Guatemala,Y*,77,3-1,Nicholas Hagen,Ángel Di María,,Guatemala,Argentina,Neutral,W 4–1,90,2,1485,national,Other,FALSE,1.0266907626832926,NA,missing,Lionel_Messi-1656,1.0266907626832926
Lionel Messi,82,2024-07-09,Copa América,Semi-finals,Neutral,Argentina,Canada,Y*,51,1-0,Maxime Crépeau,Enzo Fernández,,Canada,Argentina,Neutral,W 2–0,90,1,1739,national,Knockout,FALSE,1.1811018623173564,NA,missing,Lionel_Messi-1657,1.1811018623173564
Lionel Messi,81,2024-09-14,MLS,Regular Season,Home,Inter Miami,Philadelphia,Y*,26,0-1,Andrew Rick,Luis Suárez,,Philadelphia,Inter Miami,Home,W 3–1,90,2,1500,global_1500,Other,FALSE,0.8567405939186585,NA,missing,Lionel_Messi-1658,0.8567405939186585
Lionel Messi,80,2024-09-14,MLS,Regular Season,Home,Inter Miami,Philadelphia,Y*,30,1-1,Andrew Rick,Jordi Alba,,Philadelphia,Inter Miami,Home,W 3–1,90,2,1500,global_1500,Other,FALSE,0.8567405939186585,NA,missing,Lionel_Messi-1659,0.8567405939186585
Lionel Messi,79,2024-09-28,MLS,Regular Season,Home,Inter Miami,Charlotte,Y*,67,0-1,Kristijan Kahlina,Marcelo Weigandt,,Charlotte,Inter Miami,Home,D 1–1,90,1,1500,global_1500,Other,FALSE,0.8567405939186585,NA,missing,Lionel_Messi-1660,0.8567405939186585
Lionel Messi,78,2024-10-02,MLS,Regular Season,Away,Inter Miami,Columbus Crew,Y*,45,0-0,Patrick Schulte,,,Columbus Crew,Inter Miami,Away,W 3–2,90,2,1500,global_1500,Other,TRUE,-1.0854391399872823,NA,missing,Lionel_Messi-1661,-1.0854391399872823
Lionel Messi,77,2024-10-02,MLS,Regular Season,Away,Inter Miami,Columbus Crew,Y*,45+5,1-0,Patrick Schulte,,,Columbus Crew,Inter Miami,Away,W 3–2,90,2,1500,global_1500,Other,TRUE,-1.0854391399872823,NA,missing,Lionel_Messi-1662,-1.0854391399872823
Lionel Messi,76,2024-10-15,WCQ,World Cup qualification,Home,Argentina,Bolivia,Y*,19,0-0,Guillermo Viscarra,Lautaro Martínez,,Bolivia,Argentina,Home,W 6–0,90,3,1668,national,Other,FALSE,0.9260662261483776,NA,missing,Lionel_Messi-1663,0.9260662261483776
Lionel Messi,75,2024-10-15,WCQ,World Cup qualification,Home,Argentina,Bolivia,Y*,84,4-0,Guillermo Viscarra,Exequiel Palacios,,Bolivia,Argentina,Home,W 6–0,90,3,1668,national,Other,FALSE,0.9260662261483776,NA,missing,Lionel_Messi-1664,0.9260662261483776
Lionel Messi,74,2024-10-15,WCQ,World Cup qualification,Home,Argentina,Bolivia,Y*,86,5-0,Guillermo Viscarra,Nicolás Paz,,Bolivia,Argentina,Home,W 6–0,90,3,1668,national,Other,FALSE,0.9260662261483776,NA,missing,Lionel_Messi-1665,0.9260662261483776
Lionel Messi,73,2024-10-19,MLS,Regular Season,Home,Inter Miami,NE Revolution,N,78,3-2,Aljaž Ivačič,Luis Suárez,,NE Revolution,Inter Miami,Home,W 6–2,34,3,1500,global_1500,Other,FALSE,0.8567405939186585,NA,missing,Lionel_Messi-1666,0.8567405939186585
Lionel Messi,72,2024-10-19,MLS,Regular Season,Home,Inter Miami,NE Revolution,N,81,4-2,Aljaž Ivačič,Jordi Alba,,NE Revolution,Inter Miami,Home,W 6–2,34,3,1500,global_1500,Other,FALSE,0.8567405939186585,NA,missing,Lionel_Messi-1667,0.8567405939186585
Lionel Messi,71,2024-10-19,MLS,Regular Season,Home,Inter Miami,NE Revolution,N,89,5-2,Aljaž Ivačič,Luis Suárez,,NE Revolution,Inter Miami,Home,W 6–2,34,3,1500,global_1500,Other,FALSE,0.8567405939186585,NA,missing,Lionel_Messi-1668,0.8567405939186585
Lionel Messi,70,2024-11-09,MLS,Round One,Home,Inter Miami,Atlanta Utd,Y*,65,1-2,Brad Guzan,Marcelo Weigandt,,Atlanta Utd,Inter Miami,Home,L 2–3,90,1,1500,global_1500,Other,FALSE,0.8567405939186585,NA,missing,Lionel_Messi-1669,0.8567405939186585
Lionel Messi,69,2025-02-19,CCC,Round one,Away,Inter Miami,Sporting KC,Y*,56,0-0,John Pulskamp,Sergio Busquets,,Sporting KC,Inter Miami,Away,W 1–0,90,1,1500,global_1500,Other,TRUE,-1.0854391399872823,NA,missing,Lionel_Messi-1670,-1.0854391399872823
Lionel Messi,68,2025-02-25,CCC,Round one,Home,Inter Miami,Sporting KC,Y*,19,0-0,John Pulskamp,Luis Suárez,,Sporting KC,Inter Miami,Home,W 3–1,68,1,1500,global_1500,Other,FALSE,0.8567405939186585,NA,missing,Lionel_Messi-1671,0.8567405939186585
Lionel Messi,67,2025-03-13,CCC,Round of 16,Away,Inter Miami,Cavalier FC,N,90+2,1-0,Vino Barclett,Santi Morales,,Cavalier FC,Inter Miami,Away,W 2–0,38,1,1500,global_1500,Knockout,TRUE,-1.0358417938433893,NA,missing,Lionel_Messi-1672,-1.0358417938433893
Lionel Messi,66,2025-03-16,MLS,Regular Season,Away,Inter Miami,Atlanta Utd,Y*,20,0-1,Brad Guzan,,,Atlanta Utd,Inter Miami,Away,W 2–1,90,1,1500,global_1500,Other,TRUE,-1.0854391399872823,NA,missing,Lionel_Messi-1673,-1.0854391399872823
Lionel Messi,65,2025-03-29,MLS,Regular Season,Home,Inter Miami,Philadelphia,N,57,1-0,Andre Blake,Luis Suárez,,Philadelphia,Inter Miami,Home,W 2–1,36,1,1500,global_1500,Other,FALSE,0.8567405939186585,NA,missing,Lionel_Messi-1674,0.8567405939186585
Lionel Messi,64,2025-04-06,MLS,Regular Season,Home,Inter Miami,Toronto FC,Y*,45+5,0-1,Sean Johnson,Telasco Segovia,,Toronto FC,Inter Miami,Home,D 1–1,90,1,1500,global_1500,Other,FALSE,0.8567405939186585,NA,missing,Lionel_Messi-1675,0.8567405939186585
Lionel Messi,63,2025-04-09,CCC,Quarter-finals,Home,Inter Miami,LAFC,Y*,35,0-1,Hugo Lloris,,,LAFC,Inter Miami,Home,W 3–1,90,2,1500,global_1500,Knockout,FALSE,0.9063379400625516,NA,missing,Lionel_Messi-1676,0.9063379400625516
Lionel Messi,62,2025-04-09,CCC,Quarter-finals,Home,Inter Miami,LAFC,Y*,84,2-1,Hugo Lloris,,Penalty kick,LAFC,Inter Miami,Home,W 3–1,90,2,1500,global_1500,Knockout,FALSE,0.9063379400625516,NA,missing,Lionel_Messi-1677,0.9063379400625516
Lionel Messi,61,2025-05-03,MLS,Regular Season,Home,Inter Miami,NY Red Bulls,Y*,67,3-1,Carlos Coronel,Telasco Segovia,,NY Red Bulls,Inter Miami,Home,W 4–1,90,1,1500,global_1500,Other,FALSE,0.8567405939186585,NA,missing,Lionel_Messi-1678,0.8567405939186585
Lionel Messi,60,2025-05-10,MLS,Regular Season,Away,Inter Miami,Minnesota Utd,Y*,48,0-2,Dayne St. Clair,Jordi Alba,,Minnesota Utd,Inter Miami,Away,L 1–4,90,1,1500,global_1500,Other,TRUE,-1.0854391399872823,NA,missing,Lionel_Messi-1679,-1.0854391399872823
Lionel Messi,59,2025-05-24,MLS,Regular Season,Away,Inter Miami,Philadelphia,Y*,87,1-3,Andrew Rick,,,Philadelphia,Inter Miami,Away,D 3–3,90,1,1500,global_1500,Other,TRUE,-1.0854391399872823,NA,missing,Lionel_Messi-1680,-1.0854391399872823
Lionel Messi,58,2025-05-28,MLS,Regular Season,Home,Inter Miami,CF Montréal,Y*,27,0-0,Jonathan Sirois,Sergio Busquets,,CF Montréal,Inter Miami,Home,W 4–2,90,2,1500,global_1500,Other,FALSE,0.8567405939186585,NA,missing,Lionel_Messi-1681,0.8567405939186585
Lionel Messi,57,2025-05-28,MLS,Regular Season,Home,Inter Miami,CF Montréal,Y*,87,3-1,Jonathan Sirois,Luis Suárez,,CF Montréal,Inter Miami,Home,W 4–2,90,2,1500,global_1500,Other,FALSE,0.8567405939186585,NA,missing,Lionel_Messi-1682,0.8567405939186585
Lionel Messi,56,2025-05-31,MLS,Regular Season,Home,Inter Miami,Columbus Crew,Y*,15,1-0,Nicholas Hagen,,,Columbus Crew,Inter Miami,Home,W 5–1,90,2,1500,global_1500,Other,FALSE,0.8567405939186585,NA,missing,Lionel_Messi-1683,0.8567405939186585
Lionel Messi,55,2025-05-31,MLS,Regular Season,Home,Inter Miami,Columbus Crew,Y*,24,2-0,Nicholas Hagen,Sergio Busquets,,Columbus Crew,Inter Miami,Home,W 5–1,90,2,1500,global_1500,Other,FALSE,0.8567405939186585,NA,missing,Lionel_Messi-1684,0.8567405939186585
Lionel Messi,54,2025-06-19,Club World Cup,Group stage,Neutral,Inter Miami,Porto,Y*,54,1-1,Cláudio Ramos,,,Porto,Inter Miami,Neutral,W 2–1,90,1,1690.73071289,club,Group,FALSE,0.9900183249403238,NA,missing,Lionel_Messi-1685,0.9900183249403238
Lionel Messi,53,2025-07-05,MLS,Regular Season,Away,Inter Miami,CF Montréal,Y*,40,1-1,Jonathan Sirois,Luis Suárez,,CF Montréal,Inter Miami,Away,W 4–1,90,2,1500,global_1500,Other,TRUE,-1.0854391399872823,NA,missing,Lionel_Messi-1686,-1.0854391399872823
Lionel Messi,52,2025-07-05,MLS,Regular Season,Away,Inter Miami,CF Montréal,Y*,62,3-1,Jonathan Sirois,Luis Suárez,,CF Montréal,Inter Miami,Away,W 4–1,90,2,1500,global_1500,Other,TRUE,-1.0854391399872823,NA,missing,Lionel_Messi-1687,-1.0854391399872823
Lionel Messi,51,2025-07-09,MLS,Regular Season,Away,Inter Miami,NE Revolution,Y*,27,0-0,Aljaž Ivačič,,,NE Revolution,Inter Miami,Away,W 2–1,90,2,1500,global_1500,Other,TRUE,-1.0854391399872823,NA,missing,Lionel_Messi-1688,-1.0854391399872823
Lionel Messi,50,2025-07-09,MLS,Regular Season,Away,Inter Miami,NE Revolution,Y*,38,1-0,Aljaž Ivačič,Sergio Busquets,,NE Revolution,Inter Miami,Away,W 2–1,90,2,1500,global_1500,Other,TRUE,-1.0854391399872823,NA,missing,Lionel_Messi-1689,-1.0854391399872823
Lionel Messi,49,2025-07-12,MLS,Regular Season,Home,Inter Miami,Nashville SC,Y*,17,0-0,Joe Willis,,,Nashville SC,Inter Miami,Home,W 2–1,90,2,1500,global_1500,Other,FALSE,0.8567405939186585,NA,missing,Lionel_Messi-1690,0.8567405939186585
Lionel Messi,48,2025-07-12,MLS,Regular Season,Home,Inter Miami,Nashville SC,Y*,62,1-1,Joe Willis,,,Nashville SC,Inter Miami,Home,W 2–1,90,2,1500,global_1500,Other,FALSE,0.8567405939186585,NA,missing,Lionel_Messi-1691,0.8567405939186585
Lionel Messi,47,2025-07-19,MLS,Regular Season,Away,Inter Miami,NY Red Bulls,Y*,60,3-1,Carlos Coronel,Sergio Busquets,,NY Red Bulls,Inter Miami,Away,W 5–1,90,2,1500,global_1500,Other,TRUE,-1.0854391399872823,NA,missing,Lionel_Messi-1692,-1.0854391399872823
Lionel Messi,46,2025-07-19,MLS,Regular Season,Away,Inter Miami,NY Red Bulls,Y*,75,4-1,Carlos Coronel,Luis Suárez,,NY Red Bulls,Inter Miami,Away,W 5–1,90,2,1500,global_1500,Other,TRUE,-1.0854391399872823,NA,missing,Lionel_Messi-1693,-1.0854391399872823
Lionel Messi,45,2025-08-16,MLS,Regular Season,Home,Inter Miami,LA Galaxy,N,84,1-1,Novak Mićović,Rodrigo De Paul,,LA Galaxy,Inter Miami,Home,W 3–1,45,1,1500,global_1500,Other,FALSE,0.8567405939186585,NA,missing,Lionel_Messi-1694,0.8567405939186585
Lionel Messi,44,2025-08-27,Leagues Cup,Semi-finals,Home,Inter Miami,Orlando City,Y*,77,0-1,Pedro Gallese,,Penalty kick,Orlando City,Inter Miami,Home,W 3–1,90,2,1500,global_1500,Knockout,FALSE,0.9063379400625516,NA,missing,Lionel_Messi-1695,0.9063379400625516
Lionel Messi,43,2025-08-27,Leagues Cup,Semi-finals,Home,Inter Miami,Orlando City,Y*,88,1-1,Pedro Gallese,Jordi Alba,,Orlando City,Inter Miami,Home,W 3–1,90,2,1500,global_1500,Knockout,FALSE,0.9063379400625516,NA,missing,Lionel_Messi-1696,0.9063379400625516
Lionel Messi,42,2025-09-04,WCQ,World Cup qualification,Home,Argentina,Venezuela,Y*,39,0-0,Rafael Romo,Julián Álvarez,,Venezuela,Argentina,Home,W 3–0,90,2,1741,national,Other,FALSE,0.9561898639624818,NA,missing,Lionel_Messi-1697,0.9561898639624818
Lionel Messi,41,2025-09-04,WCQ,World Cup qualification,Home,Argentina,Venezuela,Y*,80,2-0,Rafael Romo,Thiago Almada,,Venezuela,Argentina,Home,W 3–0,90,2,1741,national,Other,FALSE,0.9561898639624818,NA,missing,Lionel_Messi-1698,0.9561898639624818
Lionel Messi,40,2025-09-16,MLS,Regular Season,Home,Inter Miami,Seattle Sounders,Y*,41,1-0,Stefan Frei,Jordi Alba,,Seattle Sounders,Inter Miami,Home,W 3–1,90,1,1500,global_1500,Other,FALSE,0.8567405939186585,NA,missing,Lionel_Messi-1699,0.8567405939186585
Lionel Messi,39,2025-09-20,MLS,Regular Season,Home,Inter Miami,D.C. United,Y*,66,1-1,Luis Barraza,Jordi Alba,,D.C. United,Inter Miami,Home,W 3–2,90,2,1500,global_1500,Other,FALSE,0.8567405939186585,NA,missing,Lionel_Messi-1700,0.8567405939186585
Lionel Messi,38,2025-09-20,MLS,Regular Season,Home,Inter Miami,D.C. United,Y*,85,2-1,Luis Barraza,Sergio Busquets,,D.C. United,Inter Miami,Home,W 3–2,90,2,1500,global_1500,Other,FALSE,0.8567405939186585,NA,missing,Lionel_Messi-1701,0.8567405939186585
Lionel Messi,37,2025-09-24,MLS,Regular Season,Away,Inter Miami,NYCFC,Y*,74,1-0,Matt Freese,Sergio Busquets,,NYCFC,Inter Miami,Away,W 4–0,90,2,1500,global_1500,Other,TRUE,-1.0854391399872823,NA,missing,Lionel_Messi-1702,-1.0854391399872823
Lionel Messi,36,2025-09-24,MLS,Regular Season,Away,Inter Miami,NYCFC,Y*,86,3-0,Matt Freese,Marcelo Weigandt,,NYCFC,Inter Miami,Away,W 4–0,90,2,1500,global_1500,Other,TRUE,-1.0854391399872823,NA,missing,Lionel_Messi-1703,-1.0854391399872823
Lionel Messi,35,2025-10-11,MLS,Regular Season,Home,Inter Miami,Atlanta Utd,Y*,39,0-0,Jayden Hibbert,Baltasar Rodríguez,,Atlanta Utd,Inter Miami,Home,W 4–0,90,2,1500,global_1500,Other,FALSE,0.8567405939186585,NA,missing,Lionel_Messi-1704,0.8567405939186585
Lionel Messi,34,2025-10-11,MLS,Regular Season,Home,Inter Miami,Atlanta Utd,Y*,87,3-0,Jayden Hibbert,Jordi Alba,,Atlanta Utd,Inter Miami,Home,W 4–0,90,2,1500,global_1500,Other,FALSE,0.8567405939186585,NA,missing,Lionel_Messi-1705,0.8567405939186585
Lionel Messi,33,2025-10-18,MLS,Regular Season,Away,Inter Miami,Nashville SC,Y*,34,0-0,Joe Willis,Jordi Alba,,Nashville SC,Inter Miami,Away,W 5–2,90,3,1500,global_1500,Other,TRUE,-1.0854391399872823,NA,missing,Lionel_Messi-1706,-1.0854391399872823
Lionel Messi,32,2025-10-18,MLS,Regular Season,Away,Inter Miami,Nashville SC,Y*,63,1-2,Joe Willis,,Penalty kick,Nashville SC,Inter Miami,Away,W 5–2,90,3,1500,global_1500,Other,TRUE,-1.0854391399872823,NA,missing,Lionel_Messi-1707,-1.0854391399872823
Lionel Messi,31,2025-10-18,MLS,Regular Season,Away,Inter Miami,Nashville SC,Y*,81,3-2,Joe Willis,Ian Fray,,Nashville SC,Inter Miami,Away,W 5–2,90,3,1500,global_1500,Other,TRUE,-1.0854391399872823,NA,missing,Lionel_Messi-1708,-1.0854391399872823
Lionel Messi,30,2025-10-24,MLS,Round One,Home,Inter Miami,Nashville SC,Y*,19,0-0,Joe Willis,Luis Suárez,,Nashville SC,Inter Miami,Home,W 3–1,90,2,1500,global_1500,Other,FALSE,0.8567405939186585,NA,missing,Lionel_Messi-1709,0.8567405939186585
Lionel Messi,29,2025-10-24,MLS,Round One,Home,Inter Miami,Nashville SC,Y*,90+6,2-0,Joe Willis,,,Nashville SC,Inter Miami,Home,W 3–1,90,2,1500,global_1500,Other,FALSE,0.8567405939186585,NA,missing,Lionel_Messi-1710,0.8567405939186585
Lionel Messi,28,2025-11-01,MLS,Round One,Away,Inter Miami,Nashville SC,Y*,89,0-2,Joe Willis,Rodrigo De Paul,,Nashville SC,Inter Miami,Away,L 1–2,90,1,1500,global_1500,Other,TRUE,-1.0854391399872823,NA,missing,Lionel_Messi-1711,-1.0854391399872823
Lionel Messi,27,2025-11-08,MLS,Round One,Home,Inter Miami,Nashville SC,Y*,10,0-0,Joe Willis,Tadeo Allende,,Nashville SC,Inter Miami,Home,W 4–0,90,2,1500,global_1500,Other,FALSE,0.8567405939186585,NA,missing,Lionel_Messi-1712,0.8567405939186585
Lionel Messi,26,2025-11-08,MLS,Round One,Home,Inter Miami,Nashville SC,Y*,39,1-0,Joe Willis,Mateo Silvetti,,Nashville SC,Inter Miami,Home,W 4–0,90,2,1500,global_1500,Other,FALSE,0.8567405939186585,NA,missing,Lionel_Messi-1713,0.8567405939186585
Lionel Messi,25,2025-11-14,Friendlies (M),Friendlies (M),Away,Argentina,Angola,Y*,82,1-0,Neblú,Lautaro Martínez,,Angola,Argentina,Away,W 2–0,85,1,1566,national,Other,TRUE,-1.0582040701827493,NA,missing,Lionel_Messi-1714,-1.0582040701827493
Lionel Messi,24,2025-11-23,MLS,Conference Semifinals,Away,Inter Miami,FC Cincinnati,Y*,19,0-0,Roman Celentano,Mateo Silvetti,,FC Cincinnati,Inter Miami,Away,W 4–0,90,1,1500,global_1500,Knockout,TRUE,-1.0358417938433893,NA,missing,Lionel_Messi-1715,-1.0358417938433893
Lionel Messi,23,2026-03-01,MLS,Regular Season,Away,Inter Miami,Orlando City,Y*,57,1-2,Maxime Crépeau,Telasco Segovia,,Orlando City,Inter Miami,Away,W 4–2,90,2,1500,global_1500,Other,TRUE,-1.0854391399872823,NA,missing,Lionel_Messi-1716,-1.0854391399872823
Lionel Messi,22,2026-03-01,MLS,Regular Season,Away,Inter Miami,Orlando City,Y*,90,3-2,Maxime Crépeau,,,Orlando City,Inter Miami,Away,W 4–2,90,2,1500,global_1500,Other,TRUE,-1.0854391399872823,NA,missing,Lionel_Messi-1717,-1.0854391399872823
Lionel Messi,21,2026-03-07,MLS,Regular Season,Away,Inter Miami,D.C. United,Y*,27,1-0,Sean Johnson,Mateo Silvetti,,D.C. United,Inter Miami,Away,W 2–1,90,1,1500,global_1500,Other,TRUE,-1.0854391399872823,NA,missing,Lionel_Messi-1718,-1.0854391399872823
Lionel Messi,20,2026-03-18,CCC,Round of 16,Home,Inter Miami,Nashville SC,Y*,7,0-0,Brian Schwake,Sergio Reguilón,,Nashville SC,Inter Miami,Home,D 1–1,90,1,1500,global_1500,Knockout,FALSE,0.9063379400625516,NA,missing,Lionel_Messi-1719,0.9063379400625516
Lionel Messi,19,2026-03-22,MLS,Regular Season,Away,Inter Miami,NYCFC,Y*,61,1-2,Matt Freese,,,NYCFC,Inter Miami,Away,W 3–2,90,1,1500,global_1500,Other,TRUE,-1.0854391399872823,NA,missing,Lionel_Messi-1720,-1.0854391399872823
Lionel Messi,18,2026-03-31,Friendlies (M),Friendlies (M),Home,Argentina,Zambia,Y*,43,1-0,Willard Mwanza,Alexis Mac Allister,,Zambia,Argentina,Home,W 5–0,90,1,1371,national,Other,FALSE,0.8035084120279811,NA,missing,Lionel_Messi-1721,0.8035084120279811
Lionel Messi,17,2026-04-04,MLS,Regular Season,Home,Inter Miami,Austin FC,Y*,10,0-1,Brad Stuver,,,Austin FC,Inter Miami,Home,D 2–2,90,1,1500,global_1500,Other,FALSE,0.8567405939186585,NA,missing,Lionel_Messi-1722,0.8567405939186585
Lionel Messi,16,2026-04-18,MLS,Regular Season,Away,Inter Miami,Colorado Rapids,Y*,18,0-0,Zack Steffen,,Penalty kick,Colorado Rapids,Inter Miami,Away,W 3–2,90,2,1500,global_1500,Other,TRUE,-1.0854391399872823,NA,missing,Lionel_Messi-1723,-1.0854391399872823
Lionel Messi,15,2026-04-18,MLS,Regular Season,Away,Inter Miami,Colorado Rapids,Y*,79,2-2,Zack Steffen,Rodrigo De Paul,,Colorado Rapids,Inter Miami,Away,W 3–2,90,2,1500,global_1500,Other,TRUE,-1.0854391399872823,NA,missing,Lionel_Messi-1724,-1.0854391399872823
Lionel Messi,14,2026-05-02,MLS,Regular Season,Home,Inter Miami,Orlando City,Y*,33,2-0,Maxime Crépeau,Luis Suárez,,Orlando City,Inter Miami,Home,L 3–4,90,1,1500,global_1500,Other,FALSE,0.8567405939186585,NA,missing,Lionel_Messi-1725,0.8567405939186585
Lionel Messi,13,2026-05-09,MLS,Regular Season,Away,Inter Miami,Toronto FC,Y*,75,3-0,Luka Gavran,Rodrigo De Paul,,Toronto FC,Inter Miami,Away,W 4–2,90,1,1500,global_1500,Other,TRUE,-1.0854391399872823,NA,missing,Lionel_Messi-1726,-1.0854391399872823
Lionel Messi,12,2026-05-13,MLS,Regular Season,Away,Inter Miami,FC Cincinnati,Y*,24,0-0,Roman Celentano,,,FC Cincinnati,Inter Miami,Away,W 5–3,90,2,1500,global_1500,Other,TRUE,-1.0854391399872823,NA,missing,Lionel_Messi-1727,-1.0854391399872823
Lionel Messi,11,2026-05-13,MLS,Regular Season,Away,Inter Miami,FC Cincinnati,Y*,55,1-2,Roman Celentano,Rodrigo De Paul,,FC Cincinnati,Inter Miami,Away,W 5–3,90,2,1500,global_1500,Other,TRUE,-1.0854391399872823,NA,missing,Lionel_Messi-1728,-1.0854391399872823
Lionel Messi,10,2026-05-17,MLS,Regular Season,Home,Inter Miami,Portland Timbers,Y*,31,0-0,James Pantemis,Telasco Segovia,,Portland Timbers,Inter Miami,Home,W 2–0,90,1,1500,global_1500,Other,FALSE,0.8567405939186585,NA,missing,Lionel_Messi-1729,0.8567405939186585
Lionel Messi,9,2026-06-09,Friendlies (M),Friendlies (M),Neutral,Argentina,Iceland,N,72,1-0,Elías Rafn Ólafsson,,Penalty kick,Iceland,Argentina,Neutral,W 3–0,21,1,1568,national,Other,FALSE,1.0609409262253564,NA,missing,Lionel_Messi-1730,1.0609409262253564
Lionel Messi,8,2026-06-16,World Cup,Group stage,Neutral,Argentina,Algeria,Y*,17,0-0,Luca Zidane,Rodrigo De Paul,,Algeria,Argentina,Neutral,W 3–0,79,3,1759,national,Group,FALSE,1.0181898219092107,NA,missing,Lionel_Messi-1731,1.0181898219092107
Lionel Messi,7,2026-06-16,World Cup,Group stage,Neutral,Argentina,Algeria,Y*,60,1-0,Luca Zidane,,,Algeria,Argentina,Neutral,W 3–0,79,3,1759,national,Group,FALSE,1.0181898219092107,NA,missing,Lionel_Messi-1732,1.0181898219092107
Lionel Messi,6,2026-06-16,World Cup,Group stage,Neutral,Argentina,Algeria,Y*,76,2-0,Luca Zidane,Nicolás González,,Algeria,Argentina,Neutral,W 3–0,79,3,1759,national,Group,FALSE,1.0181898219092107,NA,missing,Lionel_Messi-1733,1.0181898219092107
Lionel Messi,5,2026-06-22,World Cup,Group stage,Neutral,Argentina,Austria,Y*,38,0-0,Alexander Schlager,Facundo Medina,,Austria,Argentina,Neutral,W 2–0,90,2,1841,national,Group,FALSE,1.052027332878478,NA,missing,Lionel_Messi-1734,1.052027332878478
Lionel Messi,4,2026-06-22,World Cup,Group stage,Neutral,Argentina,Austria,Y*,90+5,1-0,Alexander Schlager,,,Austria,Argentina,Neutral,W 2–0,90,2,1841,national,Group,FALSE,1.052027332878478,NA,missing,Lionel_Messi-1735,1.052027332878478
Lionel Messi,3,2026-06-27,World Cup,Group stage,Neutral,Argentina,Jordan,N,80,2-1,Yazeed Abulaila,,,Jordan,Argentina,Neutral,W 3–1,31,1,1628,national,Group,FALSE,0.9641323348729417,NA,missing,Lionel_Messi-1736,0.9641323348729417
Lionel Messi,2,2026-07-03,World Cup,Round of 32,Neutral,Argentina,Cabo Verde,Y*,29,0-0,Vozinha,Lisandro Martínez,,Cabo Verde,Argentina,NA,NA,NA,NA,NA,NA,NA,NA,NA,NA,missing,Lionel_Messi-1737,NA
Lionel Messi,1,2026-07-07,World Cup,Round of 16,Neutral,Argentina,Egypt,Y*,83,1-2,Mostafa Shobeir,Gonzalo Montiel,,Egypt,Argentina,NA,NA,NA,NA,NA,NA,NA,NA,NA,NA,missing,Lionel_Messi-1738,NA
